frame,track_id,area,perimeter,circularity,eccentricity,aspect_ratio,major_axis_length,minor_axis_length,solidity,extent,mean_intensity,std_intensity,centroid_row,centroid_col,glcm_contrast,glcm_homogeneity,glcm_energy,glcm_correlation
0,2,2110.0,200.02438661763952,0.6627144264212084,0.7073619262538949,1.414724221029334,64.60427665677877,45.66563270527281,0.8895446880269815,0.6427048431312824,85.73981042654029,22.573966424924873,103.52037914691942,573.9222748815166,897.5314924873117,0.3874561152891855,0.32513770872067643,0.8556267726706548
0,3,3337.0,277.4213562373095,0.5448617106585288,0.7953417117334322,1.6497258165830673,86.95509118282837,52.70881397911978,0.842464024236304,0.5854385964912281,90.09769253820797,19.09916202038441,185.88043152532214,195.20167815403056,722.1913335150883,0.4513447560750781,0.387185181815255,0.8811667276123599
0,4,3195.0,280.69343417595167,0.5095845104874753,0.8146569707081177,1.7243070380875056,94.17168774931311,54.61422221750165,0.7540712768468256,0.5126765083440308,80.12300469483569,19.482978078062793,293.1514866979656,70.09546165884194,759.4263414238048,0.5233384573958162,0.4644013247600924,0.8235791499977312
0,5,938.0,112.91168824543142,0.9245595745744436,0.4341352710613677,1.1100655610278876,36.44001663005114,32.82690492290273,0.9720207253886011,0.788235294117647,126.04371002132196,40.71052325267425,282.51066098081026,654.7345415778252,2054.9548059063004,0.29385742178938723,0.18407941094604566,0.8750359647816419
0,6,5146.0,314.2914139223983,0.6546582004923691,0.7533140432757399,1.5205402855851131,103.83400005578875,68.28756925426201,0.8724991522550017,0.6018713450292398,81.49591916051303,15.908944741712572,380.56626506024094,48.44889234356782,589.5274433343956,0.48894909781979967,0.37741084872471153,0.9031160718707155
0,7,3394.0,242.69343417595167,0.7241118384944627,0.6814681735699288,1.3664044204791166,77.82473077229074,56.95585406917978,0.9316497392259127,0.6734126984126985,90.54655274012964,22.39677522684664,433.7530936947555,647.0014731879788,474.44393139893646,0.3951508325414329,0.29864123688080024,0.9194781495570523
1,2,2364.0,222.16652224137047,0.601866405392804,0.6224925887344497,1.2777500248409062,65.79431400991194,51.49232066585485,0.8739371534195933,0.6030612244897959,84.00296108291032,20.85301249172102,104.04737732656514,571.980964467005,909.4389295125409,0.42714858816363765,0.36513878233673014,0.8552407484882927
1,3,3525.0,299.90663761154804,0.49248933456836363,0.770567906982403,1.5689771635504997,86.85803649621772,55.35965628694256,0.8125864453665284,0.6029763941156346,89.27517730496454,19.882827531372943,186.18836879432624,196.05163120567377,749.2775221959441,0.43050938119178017,0.36822576708089033,0.8793366931875009
1,4,3674.0,297.0782104868019,0.523127339559227,0.8039666321481165,1.681592452105507,98.90303373994205,58.81510327672227,0.7668545188895847,0.5536467751657626,79.58002177463256,20.17828115512167,295.015786608601,66.57539466521503,714.2941091171981,0.4927813586531241,0.422546547438303,0.8409388115363604
1,5,934.0,112.32590180780451,0.9302440743162009,0.3272101538472769,1.0582552653792274,35.4821135268612,33.52887973975365,0.9729166666666667,0.7848739495798319,126.1745182012848,42.22219386467805,284.3672376873662,655.0428265524625,2082.1963753950618,0.30710237438122445,0.1901202486095714,0.8746415180225489
1,6,4914.0,312.43354954612926,0.6326007325105241,0.7961788050745526,1.6527248025055576,105.6454694818322,63.92199676659535,0.8577413161110141,0.533724340175953,79.7018722018722,17.108444380005235,378.87647537647536,49.86304436304437,533.6394875313752,0.5469986063342127,0.44742577283325635,0.8949213341761476
1,7,3163.0,235.350288425444,0.7175953010166857,0.5344029498719518,1.1831101427765283,70.24698048816128,59.3748442755341,0.911790141251081,0.6144133644133644,89.00411002213089,22.53660349690343,439.3904521024344,642.9668036674044,723.9310202617835,0.4246322546814956,0.3578354986038217,0.9109105909631414
2,2,2492.0,230.16652224137047,0.5911171921742826,0.5454706678023032,1.1931324545798945,65.66210069884349,55.03337072660831,0.8673860076575008,0.5849765258215962,82.79534510433386,20.416230855493072,104.27447833065811,571.0329052969503,828.6485256738206,0.4468049091013855,0.38462598160998224,0.8649747192555542
2,3,3515.0,283.5218613006978,0.5494929068906065,0.7304657114763472,1.4642373818356822,83.42652427176718,56.976092337689934,0.8305765595463138,0.617316473480857,89.07425320056899,20.583477608839207,186.875960170697,197.1931721194879,730.6357636687057,0.4235033797274098,0.35429880071455955,0.8843304399035421
2,4,3522.0,321.22034611053283,0.4289366190041988,0.8125402913605626,1.7155453241696792,99.50521106299011,58.00208811804518,0.7371285056508999,0.5250447227191414,77.53378762067007,21.2833729607493,293.95371947756956,68.53889835320841,694.2958596123337,0.5171432327464773,0.45203388722031523,0.8450595001366767
2,5,895.0,109.7401153701776,0.9339036536487001,0.2920908310659807,1.0455979159942281,34.52712731222825,33.02141940422426,0.9717698154180239,0.7742214532871973,128.87709497206703,41.44308179216793,288.4312849162011,653.6413407821229,2323.092867174375,0.3295783542801157,0.20728540422981628,0.8625884436039529
2,6,4385.0,303.3208511739212,0.5989284313245953,0.8524721800276752,1.9128776384307655,106.88522312268209,55.87666507010123,0.862849271940181,0.6090277777777777,80.81847206385405,17.985788788639816,380.3087799315849,57.63352337514253,756.654040127399,0.4597569910003656,0.36769357636421923,0.8680678778053771
2,7,2150.0,203.72287142747453,0.6509816492773222,0.7401164088340089,1.4870357828083347,66.04032628412202,44.410717648906775,0.8884297520661157,0.6032547699214366,92.27023255813954,26.177106941999785,446.7674418604651,635.133488372093,1064.6810140593675,0.40157349719535906,0.3654526573925919,0.8932880365892544
3,2,2573.0,242.99494936611663,0.547589556038537,0.5121592706288794,1.1642927782137038,67.13841584957521,57.664547187676604,0.83,0.5700044306601684,81.39836766420521,19.997013701887255,104.12631169840652,570.8181111542946,824.7853609672752,0.4645487563512944,0.40194007075613014,0.8415760659355832
3,3,3341.0,283.0782104868019,0.5239302292111381,0.6867250584158172,1.3756723953316436,79.72849174731115,57.9560162854692,0.8125,0.6288349331827593,89.24902723735408,20.77375460470952,187.15234959592937,197.5351691110446,822.3385437152826,0.40535633842733937,0.34070412578927844,0.873468982274803
3,4,3619.0,305.6639969244288,0.4867543839271846,0.8156307237868735,1.7283908679512265,100.82656388142777,58.335510648088544,0.7355691056910569,0.5256354393609296,77.26277977341807,20.237107190574353,294.21138436032055,66.6366399557889,739.7111057617082,0.517312500649488,0.4501458250489664,0.8389954380382578
3,5,1053.0,120.32590180780451,0.9139448388175442,0.445651379255855,1.1170605816728392,38.80725251917089,34.74050839843942,0.9714022140221402,0.7917293233082707,122.25546058879392,42.745634289465755,292.54985754985756,656.065527065527,2018.290469715611,0.2962337010719889,0.18524780486006193,0.8777378619650479
3,6,3815.0,297.0782104868019,0.5432038106745919,0.8473687482472816,1.8832217910083777,101.04108228963914,53.65330986082969,0.8262941303876976,0.6254098360655738,82.164875491481,19.227760166655848,381.9370904325033,62.387942332896465,916.0125346980608,0.4284992695731904,0.347460101452955,0.8597292295634077
3,7,1917.0,200.5512985522207,0.5989368307433818,0.7501453213144337,1.5122347067995356,63.536742010799315,42.01513278667387,0.86468200270636,0.6043505674653216,93.23056859676578,24.058679879802327,449.6129368805425,631.9958268127282,1194.0445238257062,0.39626367811379665,0.35965934337596084,0.8632021516013177
4,2,2696.0,256.45079348883235,0.5151357108015266,0.3598174537056221,1.0717852591181143,66.28010341451954,61.84084251079931,0.7995255041518387,0.5446464646464646,80.82307121661721,18.649673279076318,103.22440652818992,568.7704005934718,788.775096327079,0.4880281274557814,0.4278536008435993,0.8386127213718155
4,3,3245.0,312.7350647362943,0.41693793256734096,0.6605522643497045,1.3319479919140167,78.52489222737944,58.95492369378382,0.7791116446578632,0.6197478991596639,90.58613251155624,20.94375162648741,187.26255778120185,197.1100154083205,848.792436425312,0.40881311855742286,0.34833396666496286,0.871640499944658
4,4,3927.0,307.7645019878171,0.5209951889089782,0.8195468227664608,1.745163477387179,103.35499638795959,59.223676020713235,0.7646028037383178,0.5504625735912532,77.90578049401579,20.24843873978246,292.6279602750191,65.7703081232493,646.5072207223005,0.5146929571114542,0.42673878849607855,0.85418768662914
4,5,998.0,117.7401153701776,0.9046727131098552,0.34311041411161247,1.0646281699156135,36.849544664868496,34.61259593364821,0.9727095516569201,0.792063492063492,126.82765531062124,41.557627814548944,295.1763527054108,668.0490981963928,1995.1624526477249,0.3215478327015125,0.20139814069307244,0.8805703528825213
4,6,4153.0,302.9360748630709,0.5686824256589861,0.8516736467104824,1.9081328901469137,107.58742550428617,56.38361251453647,0.8170371827660831,0.623012301230123,82.27642667950879,17.382779036284774,385.2911148567301,64.54683361425475,842.5450919649563,0.4449375514314538,0.3534664744414159,0.8684909834983605
4,7,1771.0,216.45079348883232,0.4750179933849387,0.5519704185319794,1.1992367690651085,56.86784006419123,47.420027079826625,0.7829354553492485,0.5712903225806452,95.12309429700734,25.36655237430054,447.5047995482778,628.4466403162055,994.8166554786693,0.42973435758233497,0.39145740528004497,0.8638135970605874
5,2,2804.0,232.79393923933998,0.6501963612243216,0.5106573492171472,1.1630823920302173,67.95275478728891,58.42471286034521,0.8809299403078856,0.6566744730679157,85.51497860199714,20.653882715345034,102.04850213980029,564.2414407988588,808.4957419051098,0.3834949432370502,0.3119906805412089,0.8547184007713593
5,3,3078.0,290.492424049175,0.4583622665487403,0.5848316731476058,1.232810492580591,75.52265484715122,61.26055488793155,0.772396486825596,0.6375310687655343,91.53411306042885,22.62735897781277,187.07797270955166,196.20305393112412,1197.6623999263102,0.38595851916346186,0.3289839107528917,0.8746527652833431
5,4,3813.0,304.6223663640862,0.5163605970971631,0.8170868515390323,1.7345614672846608,101.16471354039336,58.32293374922015,0.7751575523480382,0.5612304974977922,77.78232362968791,21.04949849747459,287.1209021767637,64.5940204563336,670.2899422389717,0.502661883518463,0.4143591226947932,0.8522271423228848
5,5,957.0,112.66904755831214,0.9473545726743495,0.34724601287151113,1.0663549269360695,36.09054085235821,33.84477338709002,0.9825462012320328,0.8278546712802768,128.5778474399164,40.639165166360534,295.2466039707419,671.3866248693835,2329.175903419181,0.30019390615781283,0.18630485699950158,0.8574114814600486
5,6,4547.0,341.90663761154804,0.4887871208813572,0.8619648028895153,1.9725106037149294,118.42436995679431,60.03738065273752,0.7721175072168449,0.574841972187105,78.92126676929844,16.21584270897232,382.43435232021113,64.41345942379591,687.7176599393612,0.5041886215848908,0.40245612939834985,0.8637634565572265
5,7,1568.0,230.79393923934,0.3699194125043602,0.837024738616062,1.8276021254372181,69.22510969133238,37.877560289426576,0.7040862146385272,0.44672364672364673,98.05038265306122,31.128570401830853,439.8112244897959,627.0280612244898,871.857760215052,0.5487302589988103,0.5219559333221248,0.8896615944169073
6,2,2840.0,236.55129855222066,0.6377897438206623,0.6610551926063984,1.3327339956635038,72.14739286731279,54.13487845441662,0.8930817610062893,0.7017543859649122,84.4919014084507,20.102499789655432,102.03204225352113,561.6524647887323,913.8400349780276,0.3467607172488626,0.2650816220005745,0.8113948956027367
6,3,2916.0,291.1787155501902,0.4321934012695673,0.5346827315037982,1.1833578927677824,74.58392344190004,63.027359599093074,0.71751968503937,0.5952235150030618,92.89986282578874,23.506564182201643,185.70987654320987,195.41803840877915,925.6105002779019,0.4282552029243222,0.3729663269395799,0.86970818545993
6,4,4298.0,311.8650070512055,0.5553195724263984,0.8188260482753288,1.7420336458154067,106.97085615751246,61.40573485160318,0.8014171172851017,0.5550820095570193,81.565379246161,19.966585211191525,288.03699395067474,62.51000465332713,628.5211287136767,0.5171792355487373,0.4245143385855312,0.8638745886834199
6,5,926.0,110.91168824543142,0.9459457248293496,0.3623415316397438,1.0729091175220686,35.582309399299604,33.16432754479572,0.9778247096092925,0.801038062283737,130.19114470842334,39.578927997789705,298.85097192224623,673.7084233261339,2237.8020310051998,0.3083837977627119,0.18673130506005062,0.8623324032352074
6,6,4843.0,344.9360748630709,0.5115017205563702,0.864699334435836,1.9908824838574186,118.56492424771226,59.55395419321171,0.7956300312140627,0.6125727295724765,82.77100970472847,16.97071514005118,387.38674375387154,67.42762750361346,800.5141473977721,0.47689018548679385,0.3632336312859199,0.866415112413493
6,7,1804.0,263.1787155501902,0.32729914530473014,0.8654695510757487,1.9961612556773165,79.82843974355946,39.99097744058403,0.6825576995838063,0.40851449275362317,91.8109756097561,28.470104741902972,439.1579822616408,627.6596452328159,799.3343494346077,0.592764348017786,0.5629771886012096,0.8777967810853632
6,9,228.0,67.21320343559643,0.6342135574065202,0.9296375143349868,2.7138856618963216,28.83530886457504,10.625100854258699,0.9702127659574468,0.7862068965517242,148.53947368421052,30.18761834721941,515.1754385964912,488.4429824561403,4149.234872742202,0.4031450102229227,0.2681713167322177,0.756463107296499
7,2,2976.0,245.3797256769669,0.6211055896258412,0.7036945259883887,1.4074542882396568,76.99306996171424,54.70378015474426,0.8894202032277346,0.6613333333333333,82.9502688172043,20.45085441159602,100.88071236559139,560.2211021505376,744.4375383646284,0.389497699995933,0.3084030971698324,0.8461733185870945
7,3,2806.0,289.0782104868018,0.4219556587949659,0.4730719284008804,1.1350431063596935,72.17386463096547,63.58689306738424,0.7143584521384929,0.5816749585406302,90.79686386315039,23.321104550670224,183.77619387027798,194.40306486101213,863.4633780322287,0.43710848783178424,0.38616337330486644,0.8786161408668489
7,4,4192.0,317.6639969244288,0.5220296204873357,0.8430450368397496,1.8592787231662617,110.09916354682645,59.216061677580484,0.8083301195526418,0.5000596445186687,77.35257633587786,20.422405350718567,288.80486641221376,60.87261450381679,585.2958730139468,0.5640384123945321,0.48005679574260546,0.8711826068342177
7,5,975.0,114.66904755831214,0.9317986334298861,0.4726203474225888,1.1347309922586282,37.57371292936908,33.112440909523755,0.975975975975976,0.819327731092437,129.2123076923077,38.77029066520265,301.2871794871795,674.7538461538461,2072.979020431685,0.2746129218139086,0.16869856736051264,0.8684459493945536
7,6,4694.0,334.24978336205567,0.5279717437565495,0.8686304356202869,2.0183241233373264,117.46416098331188,58.198858956847474,0.8344888888888888,0.5838308457711443,77.74904132935663,17.471300776031466,390.17128248828294,71.78568385172561,626.4904140806132,0.4902207878894433,0.3926404978760942,0.8878346280527438
7,7,2153.0,259.27922061357856,0.402456057741939,0.8368685101238347,1.826804464047017,81.9802035563998,44.87628816867718,0.7155201063476238,0.4397467320261438,89.72967951695308,25.44703590880145,439.90431955411054,625.8820250812819,696.7150811291882,0.5739568933707587,0.5347222630873886,0.8882808197125984
7,9,284.0,74.2842712474619,0.6467470698497563,0.9183864450071454,2.5272651207199743,31.6958312277804,12.541553700844336,0.9342105263157895,0.7395833333333334,140.17253521126761,35.24584411495234,514.0915492957746,485.88732394366195,3306.448329056693,0.3737602207409632,0.24169201092370068,0.8116369909254882
8,2,3192.0,248.06601717798213,0.6518357848283786,0.7224330744560392,1.4462553028777057,79.99145643290277,55.30936085332839,0.9004231311706629,0.6885245901639344,82.96585213032581,20.54583541061276,100.38972431077694,559.203634085213,717.3542281660572,0.363145409499621,0.2804627145529448,0.8538994326862439
8,3,3105.0,282.5929291125633,0.4885948517890453,0.38211957336284774,1.0821188751738062,72.98041785849391,67.44214478910374,0.7518159806295399,0.6,90.97745571658615,22.333069591781516,181.64315619967795,195.33913043478262,878.4800206792581,0.4245164103508508,0.37055584779301554,0.8780938301240968
8,4,4420.0,317.6639969244288,0.5504224528993377,0.8418290430018875,1.8527293029446792,110.49615014824248,59.6396624010981,0.8058340929808568,0.513953488372093,76.74343891402715,20.534074207484636,290.66696832579186,57.13914027149321,584.193380770752,0.5599654792050057,0.46715569491212283,0.8689545007788759
8,5,1038.0,121.25483399593904,0.8871745905831092,0.6388838057395004,1.2998775274932592,41.59632159290998,32.0001851813887,0.9682835820895522,0.8015444015444015,125.35260115606937,38.04908790676186,304.0597302504817,677.1088631984586,1887.7313422666364,0.25817443991914335,0.16374305578331977,0.8715942753694326
8,6,4985.0,315.0782104868019,0.6310129705098566,0.8389492562383425,1.837527129682925,113.6276765172102,61.837278308275785,0.8633529615517839,0.6097113502935421,77.12176529588767,18.422289759229123,396.1606820461384,73.27622868605818,658.6889975951804,0.4894072563929732,0.36833394586060486,0.8718604787487984
8,7,2425.0,258.0071426749364,0.45778140598579037,0.8347928858003826,1.816318906647032,84.28779789763237,46.405836325972984,0.7774927861494069,0.45514264264264265,85.37814432989691,19.659747370187166,441.3670103092783,623.5571134020619,998.8381365702147,0.5530788996169094,0.5200359656469576,0.8682964121646488
8,9,267.0,71.4558441227157,0.6571214099978959,0.907745651756889,2.3836711563266224,29.594540144037843,12.415529745153595,0.9709090909090909,0.717741935483871,140.78277153558054,35.3432288144448,513.6479400749064,484.87640449438203,3343.6654101498916,0.4071348685745191,0.26644215517109043,0.8152822548958938
9,2,3483.0,258.79393923934,0.6535143614454451,0.6723408136935979,1.350910046087297,80.31202493428584,59.45031289603425,0.88558352402746,0.6402573529411765,84.59488946310651,20.747884291285782,100.5848406546081,557.5630203847259,564.5847620955954,0.4181808071218297,0.3318519939186921,0.8970953308364769
9,3,3054.0,289.0782104868018,0.4592489600712138,0.48493378250228697,1.1434440611218875,75.59360250304593,66.11045093791247,0.7371469949312093,0.5522603978300181,90.56581532416503,24.185664942478574,179.80419122462345,195.20432220039294,1047.3140700147005,0.4651875881742237,0.4202844240925754,0.8786104487215549
9,4,4125.0,294.56349186104046,0.5974148008355221,0.8700165118325707,2.0283046472873707,107.56547223236628,53.03220715695889,0.8356969205834684,0.5151098901098901,78.96751515151516,20.441773314704633,292.4804848484848,52.584242424242426,605.0557020106855,0.5612159295015162,0.4637480013905626,0.8608955271806221
9,5,1148.0,131.49747468305833,0.8342897864937541,0.6726829782660568,1.3514777056758065,44.78808495948362,33.140084199233854,0.9614740368509213,0.780952380952381,123.55226480836237,35.64363228888447,308.051393728223,678.6559233449477,1573.8011127621683,0.25605288430839657,0.17919954028669338,0.8851005989534237
9,6,5285.0,347.9482681718907,0.5485617187443359,0.7769795063832079,1.5884970185962204,109.1597217683553,68.7188710400108,0.8359696298639671,0.6060779816513762,77.47152317880794,17.73524925342358,401.48779564806057,75.09101229895931,633.8967079649306,0.49385799444796036,0.372687841138485,0.8597929363466588
9,7,2377.0,219.03657992645927,0.6225951688371415,0.6015435572736706,1.2518151288982744,64.17942496945328,51.26909196722822,0.8963046757164405,0.5912935323383085,92.81152713504417,24.582809013904274,448.7257046697518,615.3891459823307,938.087152753832,0.42660373588245326,0.3767563003144125,0.8829593705441586
9,9,314.0,74.87005768508881,0.7039197924124628,0.8957474324516759,2.2493984002754086,30.957751387929985,13.762680450088178,0.9721362229102167,0.7548076923076923,137.6624203821656,35.75554905758358,514.0254777070064,486.37579617834393,3148.980872622,0.33953339033102475,0.21978103436673485,0.814910898387295
10,2,3587.0,267.6223663640862,0.629356073610607,0.7006637864677683,1.4015582031378229,82.96716174916095,59.196372696769366,0.882193802262666,0.6279761904761905,82.21243378868135,18.17622840170083,100.33370504599944,553.1287984388068,590.1426007239952,0.4486631773941919,0.345293711177149,0.8632513985653729
10,3,2785.0,287.4213562373095,0.42364003463131905,0.5395925328331579,1.1877524164096478,75.19854632261648,63.31163404401024,0.7008052340211374,0.4973214285714286,88.78168761220826,24.042147805877264,178.2229802513465,195.46858168761221,1008.9029221375292,0.516244767222365,0.4769738946128934,0.8626814879828774
10,4,4070.0,297.2497833620557,0.5788435251413865,0.8753713470692046,2.068461354914309,106.82718005587085,51.64572197690221,0.8754570875457087,0.6135061802833887,81.42800982800983,19.32060049936138,292.402457002457,48.24078624078624,769.7928555885679,0.4715907287043777,0.36023988702274845,0.8235664779207685
10,5,1071.0,128.3259018078045,0.8172796494616872,0.5960109667633138,1.245366779099913,41.63584604857125,33.43259732579626,0.9536954585930543,0.75,121.18487394957984,33.80254349512001,310.46311858076564,679.4117647058823,1432.2633767476,0.2726064660537068,0.20478478405567568,0.888148019347297
10,6,5166.0,335.66399692442883,0.5761754405877745,0.7374234701049349,1.4805367970709966,103.71325827008035,70.05111826687477,0.8282828282828283,0.5984708063021316,79.50232288037166,17.299392035384617,403.3362369337979,77.6333720480062,701.5640294241248,0.4937136078154799,0.37899116336902255,0.8690606722272076
10,7,2076.0,198.8528137423857,0.6597413913722056,0.755537706055033,1.526472475438384,65.21802557409536,42.72466528121678,0.8807806533729317,0.6419294990723562,94.83381502890174,30.30259775538952,451.2976878612717,612.6787090558767,937.1238905192041,0.38079878035732295,0.32250834535608797,0.890956477238146
10,9,266.0,73.66295090390227,0.6160178202024598,0.9179172913541083,2.5203405276650024,30.490827556884824,12.09789995526255,0.910958904109589,0.6394230769230769,141.08646616541353,33.62447479972179,513.8834586466165,487.01503759398497,4168.738215014997,0.3813558746460274,0.2706495052418351,0.7734490080678003
11,2,3353.0,247.27922061357853,0.6890776611817336,0.8050638288383919,1.6858056397004457,85.85221314821392,50.92651912320638,0.935546875,0.7257575757575757,84.63614673426783,19.021281652038947,102.17626006561288,548.2743811512079,774.4650790632427,0.34145264088793553,0.24337412055683083,0.8726448770296076
11,3,2666.0,276.0071426749364,0.4397738147756509,0.5972758064710414,1.2468269558765033,75.60765880293926,60.64005790586076,0.7234735413839891,0.4946196660482375,89.20780195048762,23.274728943569578,176.68979744936235,196.32258064516128,947.7689905965055,0.5216659135796503,0.4792828806494912,0.8605551653965638
11,4,3741.0,286.0071426749364,0.5747034625745423,0.8695062515187124,2.024611436975514,102.84046212772165,50.79516012284851,0.8541095890410959,0.5692331101643335,80.2935044105854,20.235632331772106,290.7615610799252,46.51697407110398,779.0750702124853,0.49723336480894526,0.4052206818244821,0.836838155821163
11,5,993.0,118.08326112068522,0.8949163348323707,0.2706077180760973,1.0387563070521502,36.409151964417646,35.050715665680904,0.9744847890088322,0.8112745098039216,121.15911379657604,32.122763949674486,311.2588116817724,679.4994964753273,1446.3184919927337,0.19522905643505975,0.14823435154974518,0.8764973840691905
11,6,5471.0,345.1198410471446,0.5772138235164892,0.7437446451801916,1.4959672357649678,107.10576170520034,71.59632854554562,0.828562774496441,0.6129971988795518,77.69219521111314,17.476106657892224,404.04185706452205,80.04825443246207,647.9283483585506,0.49464963556217795,0.3660094231683512,0.8727019996786576
11,7,2193.0,214.16652224137047,0.6008213086126377,0.818167180207177,1.7391897057159174,71.09671197058854,40.87921618724302,0.8782539046856227,0.6909262759924386,92.95850433196534,30.95566474928811,453.0811673506612,610.4103967168263,949.4403180354304,0.33181008522269295,0.2690953372565814,0.8838662185851135
12,2,3097.0,244.20815280171308,0.6525754809825429,0.8736372569263409,2.0551698528858795,91.7565636468694,44.646705729954334,0.93003003003003,0.6284496753246753,86.89602841459477,22.1303016020765,99.83209557636422,547.3968356474007,1065.9102716314678,0.4122174286731449,0.34241537349554246,0.8955574191637806
12,3,2588.0,290.8355697996826,0.3844847287928014,0.568761899106494,1.2158021893697923,72.84620287303862,59.91616359138014,0.7098189797037849,0.492952380952381,91.5370942812983,24.672800376512612,175.27704791344667,197.25772797527048,1169.1529034934824,0.5133232596250963,0.47815169737158547,0.8652945548062045
12,4,3717.0,296.8355697996826,0.5301155487781941,0.8609098556514645,1.9655728879601007,102.5713953867035,52.18396937350593,0.8158472344161545,0.5479068396226415,81.46031746031746,22.44579395079675,288.016680118375,44.941350551520046,710.9214781968758,0.5131485395094065,0.4290063507285802,0.860002673258478
12,5,1411.0,162.22539674441617,0.6737506355397759,0.36214020549735787,1.0728190575637397,45.75030799576226,42.64494340700513,0.8829787234042553,0.6532407407407408,110.0595322466336,28.876444426720376,311.3685329553508,676.8873139617293,1210.9102623643196,0.35107590428681945,0.3103272017421355,0.8893626501374845
12,6,5549.0,350.84776310850236,0.5664833699132256,0.7063720881700482,1.4127472234308605,105.32776758441764,74.55528196235196,0.8175924561662001,0.5928418803418803,77.69580104523338,17.837457738419346,405.8089745900162,82.60767705892954,589.0660799805304,0.5160056047711868,0.3865433250940449,0.866426735785005
12,7,2549.0,214.75230867899737,0.69455080136255,0.7874376093074242,1.6223380015978568,73.21886645881273,45.131696592632814,0.9228819695872557,0.6983561643835616,93.24401726167125,26.627180776154475,455.5837583366026,607.9733228717143,873.8695196743244,0.34249568434712635,0.2697704299699796,0.8843062560786297
13,2,3025.0,261.9655121145938,0.5539199449048757,0.9071736148446504,2.376671541210659,101.0309496510989,42.5094287953793,0.8720092245603921,0.5601851851851852,82.85685950413223,20.972024027026535,98.89421487603306,547.3500826446281,986.1425122727733,0.4749586013327645,0.41326004517334514,0.8517785531498461
13,3,2576.0,308.8355697996826,0.33939160436301935,0.6508393124024173,1.3171490675089963,74.81815071692922,56.80310039502663,0.6934051144010767,0.5068870523415978,93.1777950310559,25.7758235245341,173.76164596273293,196.47476708074535,1184.1049579806156,0.495860077622725,0.46083817245566094,0.8602700116764354
13,4,3594.0,326.7766952966369,0.4229468394343691,0.8655047569476267,1.9964036607471929,107.62920877280987,53.91154649181897,0.6845714285714286,0.4490254872563718,80.04841402337229,21.76526243462416,285.7111853088481,45.048135781858655,691.5789895772939,0.5879366325778623,0.529513104950561,0.8475888079165543
13,5,1383.0,156.39696961967,0.710518477431259,0.6021625927961911,1.2525466168507295,48.382614643688065,38.627396372149555,0.9158940397350993,0.7516304347826087,107.9052783803326,27.683635103497842,312.8517715112075,675.6601590744758,1264.2316536603544,0.25248860170117154,0.20835273825685174,0.8719915343438317
13,6,5530.0,353.26197667087547,0.5568538234452808,0.778470729211678,1.5931661858119377,111.49737550646684,69.98477403011385,0.8101377087606212,0.5917602996254682,78.21790235081374,17.602052874620984,404.9992766726944,85.15913200723327,593.3754142042276,0.5069365578713819,0.3880327542576545,0.8780550498116818
13,7,2568.0,219.23759005323592,0.6713899630035051,0.7972975938348955,1.6567636276871647,74.80223791345354,45.14961377917088,0.9099929128277817,0.639601494396015,89.80451713395638,27.941289886654843,455.5915109034268,605.4221183800623,893.5549685080327,0.3967149956380541,0.32773586401563637,0.8768254536778033
14,2,2948.0,265.9655121145938,0.5237049671255541,0.917626734271496,2.51608216950998,103.97612156170885,41.32461285314809,0.8389299943084804,0.5196545037898819,81.75373134328358,18.308038222412918,98.25983717774763,546.2974898236092,849.7580521738112,0.5209400452591897,0.4540765071513428,0.838678651408968
14,3,2658.0,302.00714267493646,0.3662101791504924,0.6596185761174462,1.3304940325847496,75.25388164858714,56.56085619744681,0.7318281938325991,0.5689212328767124,94.66215199398043,26.74850552768993,173.34612490594432,196.40443942814147,1188.341800012926,0.4383995787686578,0.3961995322051781,0.8493003284963367
14,4,3482.0,368.7594513539338,0.3217750085310051,0.8701854810268342,2.0295325698960207,114.22322163588107,56.28055608968773,0.5881756756756756,0.3886160714285714,81.94399770246984,22.435932652035675,284.37306145893166,46.04394026421597,678.3658028479994,0.639307322100752,0.5915740321403924,0.8367007465801776
14,5,1804.0,180.02438661763952,0.6994935552727037,0.7318845444687231,1.4675050584067215,59.6697910480955,40.66070553302169,0.9232343909928352,0.7262479871175523,102.37028824833703,28.000659711207,314.90742793791577,671.9113082039911,964.486874402864,0.2872549495808754,0.23739456596035619,0.8934782315896224
14,6,5356.0,340.53405460951757,0.5804025790133458,0.8313243449122927,1.7992485561688605,115.87889244640176,64.40404915102039,0.8306451612903226,0.5275807722616234,81.5442494398805,16.878196252956464,404.975354742345,87.28790141896938,618.4031766491394,0.5576018271205406,0.4538612754675775,0.8929694287295283
14,7,2860.0,223.48023074035524,0.7196108038192195,0.8087110575180197,1.7000843521645561,79.45841915471402,46.73792747609679,0.9410990457387298,0.6753246753246753,89.10174825174825,23.77628388258548,458.606993006993,605.233916083916,868.036285157327,0.37381659810137513,0.2914940579791999,0.8571700252758707
15,2,3269.0,277.86500705120545,0.5320556629417552,0.9152967238973064,2.4827435544625067,108.71406950453468,43.78787704800642,0.8221830985915493,0.5320638020833334,83.7197919853166,21.641092879690564,97.31569287243805,545.3826858366473,788.2583416004949,0.5018537736758787,0.44481560030175865,0.8724319761838581
15,3,2522.0,308.73506473629425,0.3324934017637502,0.6534278148091563,1.3210234531165712,73.25734741941562,55.45499381300626,0.6892593604810058,0.5572249226690235,90.5253766851705,24.35968963148276,172.44091990483744,196.01942902458367,1208.6731860220912,0.4521473415181973,0.40819052167828007,0.8432230998203357
15,4,3515.0,366.6173157302028,0.32863154363058306,0.8281475702767856,1.7840890874653546,110.77764391758403,62.091991199254075,0.5618606138107417,0.376984126984127,79.80170697012802,23.71333534209019,282.39345661450926,44.734281650071125,617.6502417388292,0.6493663145370894,0.6039111201022824,0.8595940918737277
15,5,2104.0,190.95331880577407,0.7251054639375679,0.6749209224348913,1.3552154271131418,61.78630204310059,45.59149844886048,0.9159773617762299,0.6835607537361923,102.87927756653993,25.834396344003828,313.6577946768061,671.5114068441064,863.157947853761,0.3364026615183348,0.2845615491328222,0.9152458259495073
15,6,6340.0,356.6761902332486,0.6262545346574773,0.7793063048690408,1.5958044730041687,118.02701425021077,73.96082430325563,0.8695652173913043,0.5821854912764004,78.0397476340694,16.2525998094836,404.77791798107256,95.45536277602524,481.93558537536694,0.5411288513843711,0.40018259608804085,0.8963425454989977
15,7,2836.0,227.23759005323592,0.6901694650265253,0.8037445037479363,1.6807440229457309,78.76863258384977,46.86533553503114,0.9175024263992235,0.6723565670934092,90.64315937940762,24.62493602758124,460.4866008462623,605.3346262341325,831.6759965270878,0.36418790631108805,0.2966584168522745,0.8765951888521033
16,2,3248.0,294.1076477383247,0.4718600932535346,0.9195475971638665,2.544667526044483,111.1382516673469,43.6749597068596,0.7873939393939394,0.5155555555555555,80.61330049261083,18.865174223058595,97.08466748768473,544.6102216748768,876.2921353318116,0.5219584790126242,0.4591623660265331,0.8521516544919996
16,3,2882.0,303.8061325481598,0.392383528426333,0.6782754813900608,1.3609002542718276,77.23144353811392,56.75026020142666,0.751303441084463,0.577323717948718,91.71686328938237,23.268571641746682,174.17730742539902,194.86259541984734,1013.4883831446905,0.4369903865494527,0.3891024362783669,0.8564335797327494
16,4,3305.0,377.00209204105306,0.2922091476670791,0.7552323311846576,1.5256526552331708,103.95375925523551,68.13723877362366,0.5165676773991873,0.32787698412698413,79.17549167927383,22.311928485591483,278.12950075642965,45.96701966717095,583.5601938969379,0.6920053251910794,0.6543111867666269,0.8517504586441342
16,5,2570.0,213.4386001800126,0.7089197235185982,0.5657402111418395,1.2127334007813477,64.9356711333706,53.54488553834951,0.9123180688675896,0.7263990955342001,97.90700389105058,23.13873547431189,314.49727626459145,670.8836575875487,721.6032588331143,0.29877836914964273,0.24476682248258158,0.9107062622626492
16,6,5398.0,328.3919189857866,0.6290103928875544,0.7742698148311273,1.5801392068444082,108.13955945360824,68.43672948889524,0.8675666988106718,0.5997777777777777,78.5909596146721,18.836393351495282,405.42756576509817,101.20081511670989,620.8671009722551,0.5093992480921512,0.38071415725010493,0.8758510635310636
16,7,3189.0,238.45079348883237,0.7048015318650553,0.7865197404738961,1.6192623917132893,82.30694097874623,50.82989724207693,0.9227430555555556,0.6024938598148498,88.50486045782377,23.48284652913646,463.02289118846033,602.4744433991847,674.6898470858437,0.45173050417799543,0.37206678542222643,0.8939770184094217
17,2,3513.0,302.936074863071,0.4810453554876034,0.9197757163079253,2.548131455411376,116.30122474025252,45.64176800740314,0.7896156439649359,0.5260557053009883,81.46114432109309,18.076780184502866,96.68403074295475,542.8596641047537,907.7334998532751,0.518986852678421,0.44787737966004415,0.8552894247247568
17,3,3062.0,279.4213562373095,0.49282854873624865,0.615922166386024,1.2693464101581429,75.42132066911748,59.41744512415727,0.808769149498151,0.6133814102564102,93.70476812540824,24.75075697293522,176.17798824297844,192.50359242325277,896.5834141057903,0.40199242688100273,0.35651433466658206,0.8753995388133289
17,4,3238.0,332.43354954612926,0.3681942609562927,0.7402190069625566,1.4872855545140542,91.35462516875424,61.42372921695111,0.5940194459732159,0.38437796771130106,82.9224830142063,22.650277390230915,271.48888202594196,45.910129709697344,667.2456962386948,0.6438833021210348,0.5951785804505803,0.8541983651935027
17,5,2782.0,225.9655121145938,0.6846721603753612,0.657650203755101,1.3274510564250286,70.2110080670359,52.89159832086153,0.8919525488938762,0.6503038803179055,93.94931703810208,21.16903193122534,313.19302659956867,668.5603882099209,693.8886165561557,0.38326781521540604,0.3231177489498784,0.9034780478133162
17,6,5262.0,334.8772003600252,0.5896435433372194,0.7953541638398839,1.6497702851215197,110.43599529513106,66.94022573390968,0.8603662524525834,0.5325910931174089,81.18776130748765,18.032354530829913,408.6145952109464,104.4131508931965,575.6590542353996,0.5489335034374938,0.44892954263907114,0.8958691781737456
17,7,3203.0,253.76450198781714,0.625036042912019,0.8200747233056188,1.7474682801037116,86.36752309312625,49.42437243438855,0.8892282065519156,0.5578195750609544,86.75585388698096,23.256454008648667,465.6977833281299,603.2001248829223,809.0958456706763,0.48704118850965744,0.4160910184570177,0.8735244650993983
18,2,3643.0,304.49242404917493,0.4937601679001802,0.9279061391130089,2.682303490599705,120.57552971260633,44.95223233879782,0.795067656045395,0.5158595298782215,81.67499313752401,20.802320389604926,95.78177326379358,542.326104858633,822.6501201107623,0.5315715813223749,0.46177954023501205,0.8707808461211695
18,3,2785.0,273.5218613006978,0.46779004699107274,0.3148013960181196,1.0535658546672249,65.43189307917883,62.10517623489791,0.8002873563218391,0.593816631130064,92.26032315978456,24.908797849524856,178.57666068222622,188.84129263913823,1028.253709583597,0.4206399435472671,0.3744907079739596,0.8761696835042386
18,4,3223.0,256.4863273947651,0.6156611249917406,0.8314977354048723,1.8000888258702816,89.36463390540418,49.6445689907549,0.8245075466871322,0.5595486111111111,83.4827800186162,19.98058935736504,260.6605646912814,45.985417313062364,761.2057836116434,0.4938387177829871,0.4165490223094681,0.848974369286012
18,5,3045.0,233.23759005323595,0.7033962849372407,0.656004739808098,1.324930149946153,72.96761864499088,55.072804138358826,0.9114037713259503,0.6683494293239683,91.60985221674876,20.15350372658895,312.0702791461412,667.0988505747126,778.3008069537395,0.3684436063649025,0.3059636672910581,0.9140280777313481
18,6,4888.0,328.04877323527904,0.5707740570246173,0.8355913821750341,1.8203282365618558,112.56309699166539,61.83670325538041,0.850974930362117,0.5041254125412541,77.5994271685761,19.205003942495686,411.685147299509,105.25409165302783,570.0313237335974,0.5613110146383098,0.47765016160012497,0.8878861465790606
18,7,3661.0,268.73506473629425,0.6370315156237915,0.8175886945714952,1.7367060529793483,91.92675843965759,52.93167389032571,0.9010583312823037,0.5666305525460456,84.57771100792134,20.09307175871745,466.78940180278613,601.4711827369571,742.3472072360739,0.48624170072306566,0.4088425559662985,0.8842721290877553
19,2,3530.0,315.46298679765215,0.44574630072035193,0.9381103451544477,2.8873652131451126,126.3794507423151,43.769818299034675,0.7437842393594606,0.4514066496163683,79.35155807365439,18.980926138165426,93.2484419263456,541.2133144475921,814.7839023058577,0.5899455780331833,0.5281225087421767,0.8636153200681416
19,3,2777.0,287.2203461105328,0.4230145848159001,0.46704961959087204,1.1309260561434251,68.15408490536001,60.26396202928819,0.765857694429123,0.5832808233564377,92.1670867842996,23.720953632666173,179.4436442203817,188.13071660064819,1010.775428137994,0.4300490521151608,0.383229340920585,0.863476740626009
19,4,2888.0,249.27922061357853,0.5840296509473323,0.8422744386872514,1.85511909626593,88.08402106585972,47.481599021410176,0.864411852738701,0.5823754789272031,81.87534626038781,20.295131341827844,256.6204986149584,45.674515235457065,901.6943026672732,0.4595211172419006,0.38952784530967816,0.8165553442531839
19,5,3042.0,239.68124086713192,0.6654278676620602,0.589685530817987,1.2381862398076038,71.57476210214756,57.80613594387,0.9099611127729584,0.6879240162822252,88.57264957264957,18.68960309338974,310.80111768573306,668.3632478632478,789.2829547167842,0.35354430374256346,0.2863597066495469,0.9080665819809507
19,6,4720.0,325.7056274847714,0.5591152502117016,0.8657665232635124,1.9982090995836037,115.4288599790168,57.7661567065581,0.8301090397467464,0.49166666666666664,77.59512711864407,19.456074429011384,414.9747881355932,105.08559322033898,593.700948797158,0.5738325320824992,0.4900305026252544,0.8875050767974633
19,7,3707.0,280.7350647362943,0.5910702875282472,0.8309042503997154,1.7972183240499633,95.02818203203329,52.875146419546226,0.8710056390977443,0.5382604907797299,81.44213649851632,18.962347783740334,466.8699757216078,601.1003506878877,741.0966089599998,0.5127363203862499,0.4386091361134925,0.8602673805163524
20,2,3599.0,319.07821048680194,0.44421929167898483,0.9501923651075688,3.2085832660018463,133.75281029156642,41.68594024310088,0.7688528092287973,0.45384615384615384,82.10169491525424,21.21805432415674,92.35871075298694,541.2303417616005,691.347048567213,0.5859981303951463,0.5261897552460012,0.8589097401134899
20,3,2881.0,267.03657992645924,0.5077051958845268,0.586138624777741,1.234246718564595,71.69870360363912,58.091062771488126,0.7989462007764836,0.6242686890574215,93.7500867754252,24.709053707480628,180.8146476917737,187.80354043734815,1001.1300830704934,0.38962122453065884,0.34528753362748116,0.8803708686967601
20,4,3022.0,255.9655121145938,0.5796174022492205,0.8811161600752655,2.114612429883987,95.66954437015822,45.242117665697684,0.8859571973028437,0.5700811167704207,82.58338848444738,21.637777389510557,254.09232296492388,45.885506287227,853.8778934757745,0.466236748999656,0.4021687563289365,0.8263904036652984
20,5,3246.0,235.09545442950497,0.7380230318328456,0.6047243036277881,1.2555954369623057,74.33976749039121,59.20678373142492,0.9354466858789625,0.686984126984127,90.48213185459026,19.420759132661047,310.61213801601974,670.4325323475047,695.5765356139536,0.36018063612107537,0.2897970086047791,0.9329122437207606
20,6,4492.0,307.94826817189073,0.5952427020840618,0.8801114942779076,2.1062961024139977,112.63448108322288,53.475141008965466,0.8868706811451135,0.49482264816038773,77.93655387355298,19.59133300714566,415.93032056990205,109.59416740872662,555.1282293474436,0.57048614303602,0.4866313942825566,0.8877094706528592
20,7,3781.0,270.73506473629425,0.6482276110171162,0.8394005252698635,1.8398812206581887,96.07545511394552,52.21829215669479,0.9113039286575079,0.5807987711213518,81.02433218725206,20.464803656289938,466.7881512827294,601.1457286432161,771.8674333849077,0.4785210058848189,0.39606387456936976,0.8586757807062786
21,2,2841.0,322.24978336205567,0.3437920499755007,0.9797741307706423,4.997336338001977,145.75138354939853,29.165814284109697,0.7210659898477157,0.3732755222703981,77.08870116156282,20.0760578379576,92.28370292150652,545.161210841253,860.5394199875584,0.6492913480016619,0.6060880413473569,0.7952175263437168
21,3,2826.0,257.5512985522207,0.5353706192467463,0.6079464662387923,1.2594807116073523,71.76322401902655,56.97842242255711,0.797179125528914,0.6330645161290323,92.69992922859164,25.805752278655234,183.0629865534324,188.42639773531494,1022.8174347291322,0.3820218103562011,0.3337281789406469,0.869335330547262
21,4,3083.0,271.072113832392,0.5272464980763263,0.8778787981559415,2.088193241483997,98.44812706967804,47.14512292919539,0.8203831825439063,0.5558961413631446,80.98248459292897,20.38851519335876,252.01362309438858,46.85890366526111,897.1150449184399,0.48399000450212426,0.41671388988891156,0.8262969826996666
21,5,2754.0,218.12489168102783,0.727383328151459,0.7246862763188539,1.4512125182958036,73.14127477362796,50.40011290663317,0.9549237170596394,0.7443243243243243,88.94045025417574,18.856491188129095,310.2650689905592,674.4063180827886,795.754697995464,0.3019163815437066,0.22667700744200603,0.9100321100276706
21,6,4136.0,310.2914139223983,0.5398223697250267,0.903833336772702,2.337078299018028,115.51651918834511,49.42774884216835,0.8452891886368281,0.47241576242147343,78.59211798839459,22.087092990070833,414.92674081237914,112.65836557059961,673.1805742723534,0.5773192030468548,0.5087741732966924,0.8811062359147929
21,7,3935.0,280.63455967290594,0.627873705072576,0.8309461711126687,1.797420563749459,97.02324263221765,53.979154678093266,0.9019023607609443,0.5752923976608187,78.03049555273189,19.65176074204769,470.0505717916137,599.7194409148666,673.8855155327126,0.49229365100043626,0.4008656341900233,0.8493163698938262
22,2,2499.0,313.9655121145938,0.3185753947133443,0.9866520808124478,6.140903989843111,149.0031925234244,24.264048545600392,0.7495500899820036,0.3923076923076923,78.37935174069628,23.46683674444948,99.19807923169267,549.1824729891957,1039.0908609478379,0.624957222562401,0.5826241471085765,0.7644117362318645
22,3,2866.0,253.3797256769669,0.5609734753013719,0.6426609165986409,1.3052261864621635,72.87968520919074,55.83682427237557,0.8107496463932108,0.6231789519460752,93.24808094905792,25.99056819668912,184.4682484298674,188.13503140265178,1000.1954379935319,0.3900218771726971,0.3443805255901932,0.877416365513885
22,4,2938.0,252.30865786510142,0.5799590752039833,0.875746332499873,2.0713731328405607,93.13236855928906,44.96165711658756,0.8411107930146007,0.6299313893653516,81.58747447243023,21.30128472158081,248.83083730428862,50.20285908781484,1017.6303504072463,0.41270846340346495,0.33912220646216407,0.8115891434162432
22,5,1286.0,140.08326112068522,0.823527954087988,0.7784311866707488,1.5930417262760543,51.48110105493333,32.316228888289835,0.9772036474164134,0.8201530612244898,83.79626749611198,19.069705606432525,311.1648522550544,680.1220839813375,1764.3564649208606,0.2181194717904954,0.14049939750041926,0.766299205419469
22,6,4834.0,321.4629867976521,0.5878338067212617,0.8655334234789945,1.9966011126380525,115.79408794487682,57.99560423558082,0.8616755793226382,0.5172819689673622,78.55088953247828,19.632873635239648,418.395738518825,115.50620604054613,561.5496980956577,0.5549675870899344,0.46429195825177905,0.8837374454556661
22,7,3135.0,241.1370849898476,0.6775157506646964,0.8492824477261954,1.8941591227820715,89.0392607047916,47.00727601702965,0.9131954558695019,0.6105160662122687,87.36331738437002,26.121060215123467,482.04401913875597,599.072408293461,902.2286345592192,0.42226379983535955,0.36436041588370044,0.8836344391737427
23,2,2359.0,311.48023074035524,0.3055461595744426,0.9868529488333825,6.187325457404333,148.2414824169744,23.958895234705132,0.7503180661577609,0.3975396022918773,77.97583721916067,23.7230883000405,102.18355235269182,549.4429843153879,1147.8854988130852,0.6147727391256292,0.5766218697951786,0.7521197255543872
23,3,2823.0,249.7228714274745,0.568858304012136,0.6151464229480372,1.268370948953998,71.21396638599823,56.14600874036658,0.8182608695652174,0.6707056307911617,94.52355650017712,26.698127364659385,186.49061282323768,187.65285157633724,1009.9106465079533,0.3502505843978914,0.2999418561961665,0.882837772974522
23,4,2932.0,244.89444430272832,0.6143501439989966,0.9032863737988173,2.3307951045435877,96.32191397987138,41.325774964991176,0.8977342314758114,0.6858479532163743,81.55047748976807,22.165226084670437,245.2042974079127,58.6756480218281,1083.5398496442517,0.36785607098649675,0.280811859939657,0.7994220170298226
23,5,2845.0,243.68124086713186,0.6020713198753952,0.7584246984674495,1.5343055191995234,78.01839686379458,50.84932295915762,0.8885071830106184,0.6939024390243902,88.49209138840071,19.270629026520233,312.18980667838315,675.162741652021,845.2660028943874,0.35180779389766953,0.28021241761987553,0.9187046839404663
23,6,4377.0,306.04877323527904,0.5872257951022939,0.8790095895869766,2.0972974401693856,112.7574965852708,53.76323568876529,0.8863912515188336,0.5061285846438482,78.01850582590815,20.285462780890338,421.854694996573,116.38633767420608,600.2488242065502,0.5518399521371048,0.47452786676709224,0.875035778400333
23,7,3444.0,276.936074863071,0.5643050565742024,0.8791192683821458,2.098187460319139,98.69607815106127,47.038732247522525,0.8640240842950326,0.5269277845777234,88.55603948896632,24.250987409873467,484.64692218350757,595.7482578397213,725.9859115126648,0.5070867302769226,0.4510465707948749,0.9061511311063137
24,2,1943.0,258.06601717798213,0.3666241137152227,0.9714405731801453,4.214377273860805,114.57843642185013,27.187512881798654,0.7610654132393263,0.4646102343376375,83.05404014410705,22.30411760790023,119.49768399382398,552.1219763252702,1453.9988490721225,0.5409596632788221,0.5029432011718639,0.7330928199929875
24,3,2805.0,244.5512985522207,0.5893900272771172,0.6235029236333471,1.2790651273743272,70.95600903610833,55.474899219375374,0.8132792113656132,0.655680224403927,95.24242424242425,24.517701790235567,188.14795008912657,186.18217468805705,947.5762204578101,0.3649448542192453,0.31424292077811183,0.8767144736407919
24,4,2681.0,241.23759005323592,0.5789175500236513,0.9005213506120687,2.2998456146877824,92.65459013600272,40.28730865422944,0.8727213541666666,0.6135011441647598,82.55874673629243,24.544526729737704,244.80865348750467,61.39947780678851,1199.6171393717177,0.415583910605869,0.3556248594040565,0.8145500828396861
24,5,2859.0,239.19595949289334,0.6279373861472959,0.6555480789021239,1.3242341867463865,72.6762181610515,54.881696068891955,0.8867866004962779,0.7289648138704743,86.32144106330885,18.466626597415114,314.9881077299755,672.7761455054215,1019.7917683486978,0.3234748268649596,0.24362869458872988,0.9087831902835786
24,6,4557.0,321.9482681718907,0.5524801845289385,0.8788830535897099,2.0962721708166585,115.85605793626573,55.26766015842824,0.8409300608968444,0.49451980466630496,78.88830370858021,18.831000280323153,425.3783190695633,116.95501426377002,575.6690563693726,0.5656289457240565,0.48704787628018775,0.8888024200671565
24,7,3754.0,287.27922061357856,0.5716045860706611,0.8610980329764901,1.9668044262113826,99.88344399096968,50.78463453703591,0.8629885057471265,0.545639534883721,84.38811933937134,21.141880041004633,484.3865210442195,594.5106553010122,650.4439521896309,0.5033737318680148,0.432380019584302,0.8822446284398402
25,2,1735.0,232.0660171779821,0.4048426375545471,0.9178648916870961,2.51957086861726,85.54909652092262,33.95383618158434,0.7392415850021303,0.556803594351733,90.98443804034582,24.31252544002983,134.05590778097982,553.9919308357348,1452.6851401904369,0.4423940494303491,0.4034105187648981,0.8192933277017895
25,3,2760.0,244.17261889578032,0.5817347718272653,0.5196899084290788,1.170473685832804,67.1182699244305,57.342826871562835,0.8160851567120048,0.706605222734255,95.17826086956522,24.78395267141429,189.67717391304348,185.77463768115942,1073.0641710619743,0.31262880589795716,0.25802327287026694,0.8580077369247576
25,4,2847.0,250.45079348883237,0.5703645268018092,0.8551812657421194,1.929276397903585,89.53612402315817,46.40917398898937,0.858305697919807,0.5295758928571429,82.84580259922726,24.31930568916477,244.99964875307342,68.60309097295399,1047.8879996867427,0.49628204571666723,0.44416200427643343,0.8312931115532484
25,5,2899.0,236.85281374238568,0.6493831008230826,0.5684280920857622,1.2154612284985786,69.92114052753735,57.52642609086655,0.8881740196078431,0.6942049808429118,85.30424284235943,18.51890560255836,316.53121766126253,672.2856157295619,1035.7874289242245,0.35942303422054306,0.2798903485608044,0.9159809383072947
25,6,4775.0,321.6467529817257,0.5799958643099216,0.9076695175435758,2.3827357309473043,124.31152293987209,52.17176261945321,0.8821355994827268,0.4680913635918047,79.8303664921466,19.104335172383585,430.7786387434555,116.02324607329842,564.6779955445642,0.5901379532162102,0.5151118540531625,0.8994880622419607
25,7,4041.0,293.32085117392114,0.5902185316005975,0.8615786244695163,1.969961451568204,103.6967858418426,52.63899238195444,0.8850197109067017,0.5431451612903225,82.77703538728038,20.931713422372347,484.5016085127444,592.730017322445,590.6530800106614,0.5178064556892246,0.43685180149940483,0.8910991197817477
26,2,1614.0,204.50966799187808,0.4849374306096234,0.8744721813454175,2.061534035179465,72.99705371235758,35.40909461919356,0.7707736389684814,0.6004464285714286,95.50805452292441,27.855568758098908,140.02044609665427,553.4578686493185,1282.6868024733756,0.40724663672746236,0.359813850573842,0.8458244336502173
26,3,2779.0,238.65180361560903,0.6131531574157109,0.2862895272933509,1.0436853764373015,63.797665982078904,61.12729700195381,0.8357894736842105,0.7114695340501792,97.08168405901404,23.582188875092903,190.43576826196474,186.38970852824758,1113.9356709246922,0.30649664172336755,0.25280462926000863,0.873212089510387
26,4,2429.0,211.37972567696687,0.6831415785559904,0.6372679113850908,1.29761882271121,66.2999952574042,51.09358318252411,0.8848816029143898,0.5622685185185186,82.89625360230548,25.265521672590406,244.41086867023466,74.01564429806504,1053.5415416699097,0.46166527170010696,0.41090087642216067,0.8188398660803481
26,5,3051.0,239.4386001800126,0.6687499183136071,0.5819628355858075,1.2296865280402134,72.33617794317789,58.82489259963035,0.879757785467128,0.7044562456707458,86.43133398885611,19.813836665132488,316.1343821697804,671.0816125860374,989.2429936999083,0.34951366285203184,0.26924245767078575,0.9166072671976798
26,6,4543.0,321.84776310850236,0.5511269020982655,0.9184629428777079,2.5283999688783663,126.13897424083737,49.88885294789589,0.8488415545590433,0.47322916666666665,77.50715386308606,19.308936396478472,432.37376183138895,115.02003081664098,571.950562223088,0.582782521427187,0.5095207318976096,0.8881499555819552
26,7,4013.0,278.492424049175,0.6502079167181042,0.8568520818569252,1.9396297084898626,101.7269793552999,52.446597878984576,0.9178865507776761,0.550480109739369,82.06503862447047,23.797310609708084,484.67704958883627,590.2955394966359,678.1933887761952,0.5119363184491146,0.4294061032375903,0.8938828860365358
27,2,1679.0,211.58073580374355,0.47131180087288793,0.7630964622700982,1.5473059298123235,64.17817826550655,41.47736852096914,0.8018147086914995,0.5734289617486339,97.56283502084574,30.071813203034925,145.63549731983323,555.4288266825491,1049.5581433723514,0.43394662508662973,0.38898270919323424,0.8842374508631909
27,3,2497.0,228.99494936611666,0.5983793515400864,0.3393399468051356,1.0630790629248388,61.0599149168068,57.436852108453024,0.8279177718832891,0.7053672316384181,96.80336403684421,21.096574585650956,190.62194633560273,186.97717260712855,995.9233429132792,0.31059029196817506,0.25619459199344746,0.8605304292799719
27,4,2550.0,210.65180361560903,0.7221371382563412,0.47190493770205544,1.1342376663861762,62.2417384332973,54.87539364797089,0.9029745042492918,0.6333830104321908,83.3207843137255,23.370415338849718,244.6172549019608,79.19294117647058,906.450182404147,0.3992378189552189,0.33765783042701025,0.844112441449614
27,5,2780.0,228.06601717798213,0.6716352836301439,0.7210237156328465,1.4431880684713383,74.7471890440073,51.79310353028447,0.9288339458737053,0.6692344727973039,83.49280575539568,20.65597668238605,319.5794964028777,670.2039568345324,1131.3832625099553,0.37294005374679595,0.29984942550832894,0.9005208353105913
27,6,5352.0,344.57568516986026,0.566443649216101,0.8677613244064268,2.012148667377915,124.25161132264576,61.75071123574649,0.8461660079051383,0.5038599133873094,78.47290732436473,18.747416720709317,436.3936846038864,119.8101644245142,556.6352361580223,0.5711372612704333,0.47798753977153874,0.8948387720504243
27,7,3747.0,270.35028842544403,0.6442284243250077,0.8596815896524944,1.9575973848285402,99.29382036049667,50.72228903145654,0.9110138584974471,0.5573404730031236,81.16546570589806,24.514770149871396,484.35308246597276,586.9292767547371,720.2500684082171,0.5046172136652675,0.4234675225341566,0.8771674392571833
28,2,695.0,103.84062043356595,0.8099535625528042,0.7635888528074612,1.548700192161869,37.24300855696909,24.047913692695193,0.9481582537517054,0.7826576576576577,120.18273381294964,31.058908818351917,137.7568345323741,550.6201438848921,2008.4739161715943,0.19543858657991928,0.16052857396070686,0.8336021466025751
28,3,2704.0,256.45079348883235,0.5166643034151811,0.3119227902889148,1.0525125305366227,64.00249359041955,60.809246192810576,0.7915690866510539,0.6706349206349206,94.37389053254438,22.320644421882967,189.06360946745562,186.53291420118344,1053.41884502829,0.34659052241548677,0.2928585950170699,0.860351755422276
28,4,2547.0,213.58073580374355,0.7016405046807586,0.6675407830586895,1.343051230402068,67.22045953663928,50.05055504585298,0.9122492836676218,0.6643192488262911,82.82803297997644,22.158446082733896,242.87082842559875,81.7585394581861,911.6053865998098,0.36885790134230356,0.30475435814609186,0.8336694709872324
28,5,2651.0,212.26702730475878,0.7393575567336741,0.7149750765052694,1.4303083521601399,71.57788799879373,50.043676170031716,0.9324657052409426,0.679047131147541,82.98566578649566,20.518950541119235,320.91927574500187,669.9581290079216,954.059126730022,0.36691056454075116,0.29308825787675846,0.8857331395792609
28,6,4835.0,339.1614716074871,0.5281938259954073,0.872621865818639,2.0475169862769707,120.1851878698498,58.698017489165856,0.8156207827260459,0.4769655716681464,78.09617373319546,19.372163523707368,442.58821096173733,118.85770423991727,550.415122890894,0.5846925408124976,0.5059882424125381,0.89650165645171
28,7,3709.0,280.8355697996826,0.5909659662502025,0.8435772791543752,1.8621703548624846,97.40964067857105,52.30973655241357,0.8760037789324516,0.508221430528912,79.92774332704234,23.1407397315348,485.0663251550283,584.8007549204638,659.9687345300368,0.5487812051454164,0.47130182432836965,0.8772240953111876
29,2,703.0,98.08326112068522,0.9182805695965138,0.586921885020841,1.235111404998803,33.280378120083384,26.94524395563786,0.9696551724137931,0.7608225108225108,124.47652916073969,30.2364170210206,141.8108108108108,549.701280227596,1905.1785191322651,0.21276431271583052,0.179547441687021,0.8507784215709473
29,3,2635.0,247.1370849898476,0.5421439852835492,0.3263225232347233,1.0579116842082645,63.19674546990723,59.737260126022086,0.7953516450347118,0.6638951877047116,94.92182163187856,22.059225913777073,188.12713472485768,187.53662239089184,1049.3826763622596,0.351402769188353,0.3016734030984843,0.8693014910296422
29,4,2834.0,215.6812408671319,0.7655700993801955,0.7764938801349115,1.5869872316010591,76.60279271958068,48.26931886673004,0.9468760441029068,0.7557333333333334,84.35638673253352,21.48531895569943,242.69230769230768,85.63867325335215,1018.2288927192333,0.29354376918468156,0.20680387748977133,0.7929763530948276
29,5,3445.0,235.095454429505,0.7832684364338116,0.6515475392918291,1.3182042044207927,77.57334426488005,58.847744533605926,0.9550873301912947,0.7334468809878646,87.78055152394775,20.239280500243073,317.69637155297534,670.4870827285922,609.793607131663,0.32083323007510356,0.24289355349179836,0.9281174601199482
29,6,4691.0,340.43354954612926,0.5086400941313903,0.8647009762054377,1.990893686443497,116.87241727892213,58.70349485496701,0.7902628032345014,0.4771640728308412,77.30739714346622,19.139341029444605,447.1765082072053,119.61074397782988,526.1327094001709,0.5861341698375151,0.5046262117631786,0.896629157487314
29,7,3865.0,290.8355697996826,0.5742014979846126,0.7777632730982055,1.5909448275816362,92.29664369936192,58.01373001706176,0.8646532438478747,0.5014270887389725,79.51953428201811,22.205046890644184,483.9443725743855,579.472445019405,684.1130649515088,0.556139096669495,0.47848786514728925,0.872776472506883
29,10,187.0,48.2842712474619,1.0,0.5370446811629835,1.1854608468956676,16.822918674361738,14.191036944337245,0.9689119170984456,0.73046875,104.17647058823529,27.750143466468113,196.49197860962568,465.524064171123,2316.643263888886,0.2046823013794553,0.1817612227659186,0.7190838896584159
30,3,2684.0,244.65180361560903,0.5635020909782681,0.37866934916866607,1.0804596449202692,64.40206696841341,59.60617527104944,0.8028716721507628,0.6354166666666666,94.88785394932935,23.525672029205946,189.39493293591653,187.9210134128167,913.9369997190327,0.3785037641462032,0.3303262259870867,0.8628726499392636
30,4,2716.0,223.3797256769669,0.6839937338325891,0.8323695217511133,1.8043341886972035,81.63915922114286,45.24614105998256,0.8832520325203252,0.6741126830479027,89.15721649484536,22.018885559113883,241.31443298969072,86.77025036818851,1210.4312003360487,0.34163133916449717,0.2922747267561363,0.8267224701774329
30,5,3226.0,231.3380951166243,0.7574952549167778,0.6747111799262275,1.354863277211578,76.19941344811696,56.24140437619781,0.9513417870834562,0.725596041385515,87.95040297582145,20.23134996821291,317.96714197148174,672.0657160570365,510.1298197416676,0.33905401944712144,0.2518286539542948,0.9307590736750184
30,6,4410.0,340.19090885901,0.4788539194399203,0.8743828189253273,2.0608497549640337,117.15523898074402,56.84802528595231,0.7734128376008418,0.4980237154150198,82.2907029478458,20.625432415289033,453.10068027210883,117.22834467120181,646.4730997910066,0.5587524437365246,0.481485934966568,0.8923633858726565
30,7,3624.0,280.73506473629425,0.5778361807397812,0.7297472286453028,1.4625933691714093,85.8992768950836,58.730798802778246,0.8612167300380228,0.5022172949002217,80.96302428256071,22.48398403027325,482.99724061810156,574.1763245033112,722.0342031976134,0.5496489268858542,0.47618279510725714,0.8594104276506209
30,10,219.0,52.526911934581186,0.9974479457542016,0.4602935944704661,1.1264219989714157,17.75715260104273,15.764209698725297,0.9690265486725663,0.7156862745098039,104.72146118721462,25.144514651172212,196.20091324200914,465.64383561643837,2010.6653720924608,0.2222838536912085,0.19398493003105943,0.7286840355879802
30,13,641.0,94.18376618407355,0.9080625976920588,0.4928006359926845,1.149237382010675,30.653156632240467,26.672606645121938,0.9639097744360903,0.7894088669950738,133.42433697347894,24.77721577886191,391.9625585023401,37.26833073322933,2053.8847255616724,0.186412611015038,0.15005660552320044,0.8495941808552094
31,2,1308.0,174.06601717798213,0.5424873598441019,0.6803716163441684,1.3645035256031395,51.24738598241483,37.55753284680038,0.8400770712909441,0.5468227424749164,112.24847094801223,33.77131501504622,151.14296636085626,556.269113149847,1012.6338868304488,0.4772946290057356,0.41484751256956215,0.9114024618054328
31,3,2735.0,243.6223663640862,0.5790724189605599,0.4711052963042987,1.133687900190062,66.06638936780503,58.275641256053845,0.8210747523266286,0.6378264925373134,93.24899451553931,22.100497026638728,189.14223034734917,187.66288848263255,1099.1231245692722,0.3809553601081347,0.32944012158454905,0.8753547428091117
31,4,3276.0,241.6223663640862,0.705146720505897,0.8060537779705519,1.6896392865103678,86.50697935767003,51.19848955236708,0.8868435300487276,0.6805151641046946,85.62148962148962,20.178693830778908,241.97069597069597,89.84859584859585,844.2394317209686,0.37622156206589674,0.28914726759593123,0.8572468804053663
31,5,1990.0,182.71067811865476,0.7490918663065128,0.7504310851370803,1.512976721522711,62.973802202483725,41.622452815470126,0.9498806682577565,0.758673274876096,81.06381909547738,21.49971245542056,312.0909547738693,677.1964824120603,1116.6665509322363,0.2880638503737963,0.20146146375328688,0.802687292149992
31,6,4866.0,352.7766952966369,0.4913400814219089,0.8898716991234397,2.1919688084897384,125.46286345066632,57.237522251564315,0.777937649880096,0.5601473466098769,78.6520756267982,18.00172369262181,456.47924373201806,114.50780928894369,649.1938256089524,0.5125596602953644,0.4180825617434273,0.8889683502447134
31,7,3742.0,299.8061325481598,0.5231577014061579,0.7642441029689072,1.550562871234111,91.92740089588526,59.28647112691352,0.8267786124613345,0.5075963103635377,79.85382148583645,21.846905737733262,479.8503474078033,569.018172100481,720.363078658158,0.5426933630681482,0.469731841374409,0.8723407536000886
31,10,217.0,52.8700576850888,0.9755511144047746,0.4905891461569661,1.1475904505092998,17.827350012143693,15.534592505742733,0.9517543859649122,0.7508650519031141,102.88479262672811,26.053305849629208,196.21198156682027,465.31797235023043,2018.5919117647081,0.18524974169155362,0.16091609599042797,0.7355109811608029
31,13,710.0,100.18376618407356,0.8889421614833386,0.47814270217774074,1.1385862574618473,32.255122685902066,28.329098893047988,0.9646739130434783,0.7897664071190211,129.59014084507044,29.440695485745373,398.01549295774646,48.719718309859154,1803.4964120186612,0.186995886071883,0.15268715483575265,0.8715542872825308
32,2,639.0,91.59797974644667,0.9570594854678492,0.3173305606954046,1.0545019464318217,29.301446338500703,27.787000714080875,0.9755725190839695,0.8160919540229885,137.32863849765258,28.229026058842667,148.19405320813772,546.9295774647887,2559.558364209227,0.17803285749410983,0.1333112974004092,0.8007673644909246
32,3,2868.0,247.37972567696687,0.5889261027789159,0.4225762094067847,1.103354047692345,66.86769744020368,60.604026042281596,0.835907898571845,0.6390374331550802,94.52126917712691,23.794445328998794,189.36541143654114,187.01324965132497,908.0539548759637,0.3817564063234425,0.32934232666777913,0.8752333354414514
32,4,3335.0,252.79393923933998,0.6558014722568092,0.7764061255182543,1.5867149664894789,86.43962866847687,54.477099223258655,0.8628719275549805,0.6640780565511748,86.36971514242879,22.03959324791519,243.80209895052474,89.48695652173913,853.4881006664566,0.3781448456818518,0.30559187272921073,0.867769295301979
32,5,2412.0,226.02438661763955,0.5933030334655154,0.765387158438022,1.5538322413139856,75.3937897800386,48.52119023883972,0.8835164835164835,0.6103238866396761,81.93532338308458,19.06471816279398,308.55845771144277,676.4444444444445,663.9504289381202,0.4406732343301193,0.3667418763531262,0.8757268345818224
32,6,4685.0,342.048773235279,0.5032031892165174,0.8982479649914833,2.2753697322191884,126.5659581064865,55.62434812870856,0.7829211229946524,0.55450349153746,79.41408751334045,18.390781588423852,457.0659551760939,115.80213447171825,741.2659912616078,0.5087646773266975,0.4230169478950389,0.8809866976489623
32,7,3802.0,312.73506473629425,0.4885047826258955,0.7382936063958149,1.4826248234980064,91.72117969356705,61.864052348163305,0.7896157840083073,0.5172789115646258,79.61835875854813,21.71681375388429,479.7356654392425,566.336927932667,708.268141145551,0.5394736476069061,0.4604692583318506,0.850502831331992
32,10,212.0,50.87005768508881,1.0,0.4812549848072339,1.1407963404496453,17.550974525834757,15.38484469446758,0.9814814814814815,0.7794117647058824,104.12264150943396,25.778520688190866,196.73584905660377,465.14622641509436,2095.959727328436,0.16747484058111756,0.14480078945102678,0.7160248848543341
32,13,1214.0,132.12489168102783,0.8738950154643536,0.656533631456251,1.3257381749860822,45.48281675542849,34.30754097120721,0.9712,0.7058139534883721,131.62685337726523,29.350267317035925,407.36079077429986,53.77594728171334,882.0648746521622,0.32243008753273705,0.249866689755327,0.9381258587106015
33,2,1031.0,123.63961030678928,0.8475264762044344,0.5981850379676688,1.2478817050509876,41.04759147018175,32.89381621994737,0.9599627560521415,0.7013605442176871,125.0882638215325,31.494660579173157,153.3792434529583,540.1590688651794,1635.567068900722,0.28731335929507607,0.2454295137500056,0.875826898193461
33,3,2938.0,254.79393923933998,0.5687003151917791,0.48324657456172887,1.1422249461452205,68.84941672670217,60.27658296122416,0.8334751773049646,0.6359307359307359,93.28284547311095,21.724025243371077,188.7501701837985,186.87338325391423,939.6871652743546,0.3842927539080791,0.33302575598126544,0.8762073239874071
33,4,3662.0,265.27922061357856,0.65391566023365,0.7854580589344933,1.6157310489808294,91.13789459435834,56.40659975671464,0.8592210229938996,0.6758951642672573,81.94101583833971,21.617215433973215,244.8607318405243,89.91398143091207,748.1228733653761,0.3877241738745029,0.2972473190735887,0.8595031797142179
33,5,1831.0,181.88225099390857,0.6955327233387595,0.7226867350620949,1.4468100711402212,61.67582557970629,42.628833466095514,0.9118525896414342,0.7107919254658385,91.08519934462042,22.029034870733955,297.62479519388313,671.9612233752048,1047.2206284898625,0.3212540788168572,0.2601399858114313,0.8274949657046565
33,6,4663.0,340.3919189857866,0.5057277643791,0.8900168700972155,2.1933307245009734,122.80850028975232,55.99178405604732,0.8106745479833102,0.6322711864406779,78.81749946386446,18.834833490503726,462.3143898777611,110.12159553935234,834.0394386417937,0.4399785411927683,0.34244424271676766,0.861297190382097
33,7,3842.0,304.492424049175,0.5207319695505055,0.7854449458127142,1.6156876064452281,95.6409121796338,59.19517597220366,0.8383155138555531,0.5512986081216817,81.76991150442478,24.95380741219446,481.8984903695992,563.6954711087975,936.6787007376913,0.4942884378953254,0.4245797868737528,0.8692499717138773
33,10,233.0,54.2842712474619,0.993614135333846,0.5256392160223826,1.1754920306661605,18.695900509833823,15.904744585327993,0.9748953974895398,0.761437908496732,102.14163090128756,25.184838256912755,196.42918454935622,464.9699570815451,1817.9712820790041,0.1945502974271679,0.16424326831383304,0.7521029510244537
33,13,1385.0,140.12489168102786,0.8863985922466072,0.7155416454198972,1.431495610397778,50.41283052206631,35.21689494252644,0.9774170783345095,0.7398504273504274,128.0505415162455,24.94143989216512,411.26859205776174,49.670758122743685,719.6050695670799,0.28099531566546415,0.22256050976959324,0.9396186439327812
34,2,987.0,125.49747468305831,0.7875117511949904,0.550257436854903,1.1976118731483523,39.29132781302306,32.808064694391945,0.9426934097421203,0.8163771712158809,126.43667679837893,28.986088133247435,156.78115501519756,539.9402228976697,2065.816236051323,0.16507385762558463,0.13405080880140713,0.813032799755947
34,3,2840.0,256.2081528017131,0.5436786933585656,0.5404534079130161,1.1885321704654146,68.92589700413502,57.992453815654386,0.8348030570252792,0.6349206349206349,91.9468309859155,22.328777076499236,189.3387323943662,184.78838028169014,981.4161114150663,0.3863343366264202,0.3342626145867209,0.8705155775544889
34,4,3795.0,264.9360748630709,0.6794217548352411,0.7371291173395792,1.4798330019545143,88.78162647203531,59.9943550081499,0.8718125430737422,0.6565743944636678,82.2266139657444,21.45219959478289,244.38603425559947,90.35125164690382,658.108770616455,0.4091193992924746,0.31711534011753467,0.8744273476545049
34,5,1805.0,191.78174593052023,0.6166979918514457,0.7643280331827002,1.5508020611665279,63.87120853502428,41.18591929583828,0.8648778150455199,0.6597222222222222,89.00498614958448,21.212066747309866,296.19279778393354,671.601108033241,1007.0971890331014,0.36109515814728543,0.3081100541469439,0.8371847687486556
34,6,3446.0,274.9360748630709,0.5728773883250649,0.8826613414768926,2.127616443418719,99.35540634319072,46.69798762390811,0.8706417382516423,0.6232591788750226,81.38856645385955,23.582720820048397,466.9802669762043,97.46662797446315,947.2054697121991,0.4238550989647583,0.3482086658972561,0.8553700389218152
34,7,3841.0,322.492424049175,0.46410381434737646,0.8233853435343065,1.762168362415945,101.29348715656161,57.48229812597903,0.8065938681226376,0.5108392073414018,79.94897162197344,22.835362656838466,481.8711273105962,559.778182764905,768.2596897047711,0.5354848293146495,0.4692952172253829,0.8728290343931541
34,10,204.0,51.1126983722081,0.9812561987257097,0.42260561556441373,1.1033707398688193,16.95761432669238,15.368917911225818,0.9622641509433962,0.7083333333333334,103.59313725490196,26.530894901515833,196.84803921568627,464.7352941176471,2024.5863494008734,0.21805069627532436,0.19462406921187764,0.7350369337477555
34,13,923.0,114.46803743153546,0.8852034366776058,0.7299639155155659,1.4630884325301226,41.58803393200076,28.424825873363286,0.9705573080967402,0.6929429429429429,133.04875406283858,33.88817257676813,416.5265438786566,53.34994582881907,1287.0542864292918,0.3511762102526089,0.26515103576523014,0.9223280012819745
35,2,917.0,112.91168824543142,0.9038604796212845,0.5608142309776036,1.2078145646709457,37.706501423677075,31.218783517443132,0.9683210137275607,0.7744932432432432,125.20283533260633,24.062221067298267,155.17884405670665,540.8178844056706,2454.4458729142425,0.20096276754200557,0.17175318673234113,0.766270145820973
35,3,2953.0,243.9655121145938,0.62347125703452,0.6617437949213424,1.3338134148577339,74.20427262567434,55.633173125334814,0.8599301106581246,0.6046273546273546,95.38266169996614,24.177731064011574,191.3850321706739,183.59668134100914,792.9260977976517,0.4205492035309945,0.36781329179735933,0.8909831645743136
35,4,4085.0,275.27922061357856,0.6774153990965938,0.754247385862155,1.523019654307291,93.02649428385085,61.08029795988531,0.8822894168466523,0.6652011073115128,85.29547123623011,20.246476135164052,243.1921664626683,89.84798041615667,554.9213692546687,0.4145166767679825,0.30999537501249474,0.8950423338689895
35,5,1713.0,185.63961030678928,0.6246344470530356,0.8449718070084694,1.8698199556996606,67.29412554145196,35.989628486060006,0.8829896907216495,0.6563218390804598,99.6964389959136,28.6967776695437,294.440747227087,669.7227086981903,985.0583623592103,0.36340771823049933,0.31230711413699624,0.88920343896963
35,6,3716.0,286.9777054234135,0.5670080852371953,0.8916434815297323,2.2087818991109867,105.05711001135184,47.56336968065354,0.873325499412456,0.5230855855855856,85.19590958019376,20.10238444950926,473.38939720129173,98.51614639397201,718.3941385318063,0.5287787447565224,0.45534738547851744,0.8881498402163447
35,7,3960.0,332.04877323527904,0.45133736577644984,0.8083566119646403,1.698677916211105,101.81057970801632,59.93518767530954,0.7631528232800154,0.5069773396492127,80.93964646464646,22.254193654872065,481.4020202020202,557.8189393939394,736.5598701449811,0.5455454146788248,0.47075533503917066,0.8417400589377493
35,10,220.0,53.11269837220809,0.9800219717320859,0.4935665940459684,1.1498111918968654,17.973542602761658,15.631733913730967,0.9606986899563319,0.7189542483660131,104.13181818181818,24.813044340054034,196.45909090909092,465.3363636363636,1997.1811202422107,0.21673065068441277,0.18995448067010878,0.7218053795411173
35,13,1121.0,124.81118318204308,0.9042915572909765,0.4244843255120339,1.1044411625029218,39.826697050843855,36.06049684039959,0.9730902777777778,0.7574324324324324,133.34255129348796,22.490566171821502,419.121320249777,64.17752007136485,902.8406713203477,0.2600238943314772,0.19496048884695452,0.9286357642611796
36,2,1817.0,192.85281374238568,0.613921484535209,0.7548679220474173,1.5246765085392249,61.99077945592906,40.65831611409932,0.8706276952563489,0.598090849242923,105.64611997798569,28.592129716993,155.68354430379748,539.2691249312053,921.3822234506249,0.4026979295259523,0.364992005413069,0.898564958451541
36,3,2809.0,244.35028842544403,0.5912019954417631,0.688332784620053,1.3785591739289305,75.11612123109505,54.48886246718891,0.8377572323292574,0.5582273449920508,94.59700961196155,23.57669151208483,192.40192239231044,182.4692061231755,879.0938841547311,0.4608482977578228,0.4147857698949387,0.9007212704825363
36,4,4743.0,293.0365799264593,0.6940956373896348,0.7483977252845883,1.507726617632649,99.01191634430833,65.6696745858155,0.8865420560747663,0.6911979014864471,81.40649378030783,19.168737505991263,244.21821631878558,92.42462576428422,543.5550565996979,0.4246228382760444,0.2846752828658603,0.881730140544735
36,5,1974.0,204.95331880577402,0.590536984277614,0.850166492513078,1.8992849252757422,73.62297285676114,38.763521932378,0.8360864040660737,0.6122828784119106,96.20770010131712,27.497820149014505,292.9918946301925,667.2082066869301,834.4362226147713,0.41084177790364174,0.3597971058507701,0.8863776427437065
36,7,4037.0,325.2203461105329,0.47963757448054084,0.8110395461858644,1.7094270481145075,101.96772587091607,59.650235430278315,0.7811532507739938,0.5120497209538305,80.14639583849393,24.164454310673676,481.19891008174386,555.9452563784989,807.801006933259,0.5410974209297592,0.46678211443765316,0.8722279679716763
36,10,216.0,52.526911934581186,0.9837842752644179,0.5090706556972122,1.1618116229742828,17.890921125156588,15.399158324268729,0.972972972972973,0.7058823529411765,102.48148148148148,25.696224496232286,196.375,464.8611111111111,1879.5547896241778,0.22885455455603765,0.2017788812734664,0.7477338774274915
36,16,3189.0,258.69343417595167,0.5988162413623169,0.8629228629680665,1.9788826965820931,91.72148661165625,46.35013827250938,0.883134865688175,0.6073128927823271,82.83788021323299,21.82887050109277,479.33615553465035,98.9288178112261,793.5132268245211,0.44496400744973824,0.3649655547997878,0.8979150371790706
36,17,779.0,104.08326112068522,0.9036193861747991,0.45865993846919184,1.1253507075249831,33.527219549526485,29.792685360516533,0.9641089108910891,0.7607421875,131.10012836970475,37.03459490119632,442.73427471116815,67.5635430038511,2369.3287347164696,0.2337480247214396,0.18590408353956844,0.8488818543019968
37,2,1161.0,151.39696961967,0.6365136463817017,0.7518359537225134,1.516644699100795,48.7775024011439,32.16145642421303,0.9091620986687549,0.6829411764705883,115.79069767441861,24.134209506538607,152.78380706287683,539.1636520241171,1665.812588671902,0.3045497811791622,0.26560978612905906,0.8196298061332903
37,3,2937.0,271.17871555019025,0.5018831462228036,0.5566401431597496,1.203726170976787,71.40183154335996,59.31733750161762,0.7728947368421053,0.5436875231395779,93.29485869935309,25.34990846461928,192.71876064010897,181.13074565883554,867.3239097226622,0.4731465044224808,0.42913653146751674,0.8971717415320578
37,4,4805.0,294.69343417595167,0.6952841616885398,0.7576144116783833,1.5320918433545372,100.41633184593643,65.5419792759117,0.891796585003712,0.6623931623931624,80.915296566077,19.077499676390595,245.9752341311134,93.30613943808532,525.2718967568106,0.4488513207913778,0.3149942299555675,0.8891188932093587
37,5,2152.0,217.09545442950497,0.5737869552168562,0.8490939324969609,1.8930721321486976,76.65818341584682,40.49406365136088,0.8373540856031129,0.6004464285714286,93.69934944237919,25.878060484639555,292.51765799256503,666.2597583643122,845.3589575603131,0.429038743794702,0.3724330937114459,0.8932140012339753
37,7,3238.0,233.1370849898476,0.7486244110556992,0.5480071686678661,1.1954949414010787,71.18588889389488,59.54511928797246,0.9170206740300199,0.6806811015345806,88.59542927733169,23.17655209744946,477.715873996294,543.2279184681903,732.7792416188819,0.39336777542120227,0.29228094300851687,0.8886606283375529
37,10,258.0,57.11269837220809,0.9939492513651655,0.40386505222641517,1.0931129194995828,18.95951090962842,17.34451269527389,0.9735849056603774,0.7543859649122807,100.43410852713178,24.140526882376957,196.34108527131784,464.87984496124034,1430.4904827428034,0.1940588717198717,0.16413468696596284,0.7817727509752472
37,16,3029.0,250.00714267493638,0.6089817868856331,0.8894434371342819,2.1879671044723064,93.69322383662418,42.82204409979971,0.8874890125988866,0.5615498702261772,82.84318256850446,21.512091018620442,482.4717728623308,100.54407395179928,889.9084666499655,0.48142926488113247,0.41226501462121257,0.888388302878025
37,17,944.0,117.1543289325507,0.8643013212546656,0.6117473712189913,1.2641374930632912,39.26518624977361,31.060850947965463,0.9642492339121552,0.7564102564102564,126.67161016949153,37.37400017301838,445.36652542372883,58.65889830508475,1709.4667143151014,0.2591314991360813,0.19524959891204527,0.8881728852971368
38,2,2744.0,250.06601717798213,0.5514226700524447,0.7428510066993447,1.4937484063751667,78.14396542484596,52.314007560667804,0.8500619578686494,0.5901075268817204,98.68877551020408,23.700883032455085,153.84803206997086,536.0535714285714,665.8353371112946,0.43416329707260326,0.3800239995660951,0.91923759718801
38,3,3184.0,275.0782104868019,0.5287745475509976,0.5646889018788056,1.211674949215145,74.26038379754631,61.28738061775397,0.7896825396825397,0.566145092460882,92.60238693467336,23.28596951411065,193.60270100502512,182.04208542713567,860.458336028862,0.45542956001657686,0.4066784890149992,0.8991998741873686
38,4,4655.0,290.45079348883235,0.6934009220032757,0.7647658968818405,1.5520521391014641,99.45263049479333,64.07815046237418,0.8875119161105816,0.6537921348314607,81.69129967776584,19.805886124172382,248.49752953813103,95.13233082706768,559.210481064569,0.45110794821587763,0.32327326339193446,0.8846794350555279
38,5,2186.0,207.33809511662426,0.6390014052231391,0.8207949510846079,1.7506299700201453,72.30499063111617,41.30226939407653,0.8779116465863454,0.5982484948002189,99.57456541628545,28.883194950008466,292.9423604757548,665.8865507776761,798.4382497346219,0.42907364081387966,0.37320018733322685,0.9076119589982027
38,7,2715.0,219.7228714274745,0.7066903583407184,0.48352810240327554,1.1424278018502172,65.28299955920865,57.14409212860512,0.9062082777036048,0.6284722222222222,88.42283609576427,24.45966036065101,473.28324125230205,536.1337016574586,931.2489749939797,0.40469136761892444,0.34144320746198714,0.8732295463649206
38,10,171.0,53.698484809834994,0.745215554838686,0.6624532768171429,1.3349294915033236,17.816736875425935,13.346575222757055,0.8814432989690721,0.6286764705882353,98.67836257309942,23.736037439771305,196.953216374269,465.60818713450294,2423.461557904418,0.30868742677410915,0.2750670781242627,0.6188714734378314
38,16,3377.0,294.04877323527904,0.49079731809203747,0.8519888916188452,1.9100012693177657,94.7459275116411,49.60516468425356,0.7864462040055892,0.5274914089347079,80.9416641989932,20.628426584981888,484.2940479715724,98.20610008883625,814.5273963739924,0.5220044531359047,0.4476717520367147,0.8981766597539529
38,17,995.0,118.32590180780451,0.8930449081448198,0.6699053764648952,1.3468984189886588,41.39156647452076,30.731023135063374,0.9707317073170731,0.7828481510621558,126.07236180904522,37.59884513822719,446.76281407035174,57.41206030150754,1994.353005835331,0.2644462744623008,0.175779461555516,0.8672954172849237
39,2,3005.0,254.3086578651014,0.5838913596234626,0.7230767695984701,1.4476647236644864,81.68217659194922,56.4234074759979,0.8498303167420814,0.5593819806403574,94.33510815307821,22.20473144472583,155.03760399334442,536.8542429284525,602.6553069233951,0.46444897913126326,0.41592932951622236,0.9151544634942153
39,3,3296.0,282.5929291125633,0.5186501228652797,0.5950498087769306,1.2442626682326436,76.0061897957225,61.08532525827689,0.8005829487490892,0.5418379089265165,91.27669902912622,22.611989705109536,195.65018203883494,181.53458737864077,744.5803600546942,0.48845559186102366,0.4327911632019198,0.9002333972279248
39,4,4024.0,266.5929291125633,0.7114929208466755,0.8049021020649655,1.6851822635570368,96.93706015049318,57.52319036748053,0.9116447666515632,0.61369528747903,83.79845924453281,21.693048597811856,254.90233598409543,94.93638170974155,593.4986382941083,0.45816667000759,0.3630411291806892,0.8977607638607515
39,5,2311.0,207.6812408671319,0.6733103176473131,0.7698721075765809,1.5669113537669206,69.95951395345222,44.64803563090319,0.9105594956658787,0.6606632361349343,100.6010385114669,30.16441429694583,295.77022933794893,663.0225010817828,838.22436552922,0.380758304269896,0.3086095718345933,0.9047209603465379
39,7,2514.0,211.3380951166243,0.7073258988535034,0.45202296903233435,1.1210683179823124,62.736628185068426,55.9614674491749,0.8968961826614342,0.6486068111455109,86.54017501988862,24.06037257338969,469.0533015115354,532.1630867143994,1074.4165845983066,0.38333380955958285,0.32144639528339924,0.8453165362283184
39,16,3498.0,274.21424945612296,0.5845876431674312,0.8269227243398632,1.7783608371626,91.31068259570289,51.34541915654776,0.8412698412698413,0.5955056179775281,80.95883361921098,19.067858059820722,488.8273299028016,97.8822184105203,575.3632255958908,0.4990386158765133,0.3791183621840471,0.8975890765717826
39,17,1111.0,132.9827560572969,0.7894656967116562,0.3810931741957,1.081622902019902,39.77496708923677,36.77341429712525,0.9297071129707113,0.7323665128543178,127.22682268226822,36.26431671329724,446.3897389738974,57.801980198019805,1853.0327862923393,0.28974986358775245,0.22328549925489266,0.8792475316297275
40,2,3359.0,263.48023074035524,0.6080283058377124,0.7403807863223337,1.487679727179711,86.86076489684022,58.38673695010128,0.8584206491183235,0.5913732394366197,92.66507889252753,21.23734383983245,153.61178922298302,536.3739208097649,628.6689431127909,0.4478357258755167,0.3825544398142313,0.9006136452065032
40,3,3343.0,290.14927829866735,0.49900310879486404,0.626254320264434,1.282678093922752,77.46644683560199,60.39430095721844,0.807098020280058,0.5567954696868754,92.51241399940173,23.497412582904587,195.90846545019443,180.4232725097218,759.6102258536883,0.47756029838156233,0.41629897222224066,0.8966788356567227
40,4,4205.0,298.14927829866735,0.5944404295020762,0.8383271010265754,1.834298421210277,105.95734833292596,57.76450936648296,0.8258051846032993,0.5697831978319783,86.53983353151011,21.562157904069277,255.16979785969085,95.47776456599287,625.0054224789166,0.48900813280995736,0.40774661872028134,0.9073349053158368
40,5,2360.0,198.5096679918781,0.7525901691754322,0.8014376524946214,1.672021789375158,71.91317131461311,43.00970942578887,0.9455128205128205,0.6980183377698905,99.96271186440678,26.601538112183043,297.8966101694915,662.0097457627119,836.5612126644122,0.35072140378777017,0.2727267364520296,0.8937265245945393
40,7,2086.0,197.33809511662426,0.6731352049450585,0.6330887531915398,1.291857449534757,60.07485914807506,46.5026997906852,0.8857749469214438,0.6217585692995529,91.31591562799616,23.52030203187735,461.9520613614573,531.3322147651006,1220.854204660437,0.39364776444390975,0.34571869725952953,0.849117305020237
40,16,3466.0,265.27922061357856,0.6189163512752132,0.8666076015007995,2.0040471916738323,98.04773213100454,48.92486191860209,0.8949135037438678,0.5612955465587045,84.05856895556838,20.514621968561567,490.05683785343336,86.60184650894402,555.7837396497107,0.5113644704776475,0.4157400507610999,0.9216677484544552
40,17,1067.0,123.39696961966999,0.8805728571087527,0.20909223541527583,1.0226037107075907,37.85377922996485,37.01705639594435,0.9629963898916968,0.7394317394317395,128.9090909090909,35.73011642960701,446.6485473289597,56.428303655107776,2115.7526519433964,0.28056274031792483,0.21384546057473588,0.858498921394783
41,2,3589.0,278.651803615609,0.5808441309856088,0.6991067259674354,1.3985674956583223,87.1344633297572,62.30265153469906,0.8334881560613098,0.5907818930041152,89.60936193925885,21.701875307789674,154.77263861799943,535.541655057119,611.0187112946417,0.4493506790667782,0.3844371677974987,0.9071736595037955
41,3,3427.0,287.32085117392114,0.5216625737883372,0.5656830233411981,1.212675702415357,75.59042635123419,62.333586960368976,0.8140142517814727,0.5705960705960706,92.80186752261453,23.411409532706465,197.73125182375256,180.38517653924717,712.0513125445174,0.462238784348959,0.40196799782727655,0.9022742151311013
41,4,4346.0,296.14927829866735,0.6226990867114041,0.8321652174672514,1.8033361880145375,105.92817268339651,58.74011367787323,0.8349663784822287,0.5550446998722861,83.61527841693511,21.122583652453162,254.69880349746893,99.19650253106305,555.8671998314098,0.5098041211960174,0.42398703643345853,0.9081099014940235
41,5,2501.0,201.095454429505,0.7771754046093546,0.7737001489298239,1.5784025166055151,72.01278539565897,45.62384096455219,0.9477074649488443,0.7005602240896358,98.14914034386246,26.10177057767882,299.4634146341463,660.6617353058776,827.0532982787313,0.3505856462985315,0.26884774626159613,0.8917549389377434
41,7,1461.0,173.19595949289334,0.6120467099916673,0.8719764053805249,2.0427010220884285,63.93242515089942,31.29798460938538,0.8822463768115942,0.5946275946275946,98.69952087611225,29.71755116316381,458.7138945927447,537.2929500342232,1396.4248218769108,0.4055517977569211,0.3665378288511565,0.8527373126489933
41,16,3293.0,290.0426765808691,0.4919010915136412,0.8822989021336684,2.1245426241198677,99.73108644213353,46.94237964910167,0.825520180496365,0.4824908424908425,81.6835712116611,20.95622004512212,491.4834497418767,85.13817187974492,560.4532670954604,0.5683887249803425,0.49657097058773814,0.9159293455109618
41,17,1091.0,127.88225099390857,0.8383281902252657,0.40083292538771026,1.0915229199770253,39.7729763557905,36.43805881476831,0.9586994727592267,0.6993589743589743,126.51695692025665,38.26879744910612,447.6590284142988,56.034830430797435,2105.5343628889186,0.3443519791994268,0.2594265253600266,0.8676412517740921
42,2,3769.0,283.1370849898476,0.5908027231966283,0.7011768612517515,1.4025493619250915,89.9463626212649,64.13062175423728,0.8388604495882483,0.5903822055137845,87.18466436720615,22.204096065610347,155.08384186786947,535.0095516052003,614.9760445038154,0.46186213860341785,0.38575568877172617,0.9026242749951134
42,3,3631.0,312.63455967290594,0.4668336397766346,0.5113909159950745,1.1636726515680034,77.18837737680948,66.33169325823819,0.7811962134251291,0.5817977888158948,91.81465161112641,21.070524981733673,197.17047645276784,181.3134122831176,713.7855945039491,0.4521110252444233,0.3911509640479899,0.8938874131212495
42,4,4245.0,285.6639969244288,0.6536970751024268,0.843568714717277,1.8621237036002563,105.29461810259325,56.545447490419214,0.854640628145762,0.5544670846394985,83.84428739693757,22.096799964289133,255.93451118963486,99.94746760895171,559.7687677350145,0.5086423326399672,0.42454013047994843,0.9127975925254154
42,5,2746.0,208.2670273047588,0.7955534447229073,0.7488019080745499,1.5087647283987788,73.3248886221316,48.59928605300165,0.9439669989687177,0.736983360171766,98.02075746540423,24.825184983746436,299.6485797523671,660.6853605243991,758.7626516699019,0.31948811738462,0.23295546079515164,0.8962068264015685
42,7,1372.0,170.2670273047588,0.5947067501167365,0.8656305905179766,1.9972708732424613,61.6191122692783,30.851655173463275,0.8744423199490121,0.5980819529206626,102.26020408163265,33.06524721999344,469.13119533527697,538.7944606413994,1639.4414605972709,0.39734875269733694,0.3609619391149548,0.8468823822615792
42,16,3241.0,282.0426765808691,0.511987361073006,0.8876278121905938,2.1712628315783955,101.06949088218478,46.54871322451207,0.8244721444924955,0.4888386123680241,82.04412218451095,22.80359435749079,491.9598889231719,84.42209194692995,689.5130590540524,0.5579417203515618,0.4875307299342847,0.8949377450852642
42,17,1073.0,127.15432893255071,0.8339639652259238,0.47456591176912494,1.1360796553265062,40.359644662559425,35.52536520950212,0.9631956912028725,0.7240215924426451,127.32898415657036,37.74749170601593,448.5060577819199,55.6430568499534,2228.969584996228,0.3073847524386458,0.23318937394581468,0.8605256684515465
43,2,4073.0,310.2497833620557,0.5317424108588478,0.6525009166349367,1.3196304063063813,90.49377691278572,68.57509229881718,0.8146,0.5926087589116834,86.07463785907194,21.680951677107103,153.86177264915295,534.815123987233,707.2490333502726,0.4599867453017049,0.382483562218162,0.907554053369806
43,3,2978.0,282.7350647362943,0.4681394187588139,0.5887861607263102,1.2371814929734868,71.67882961571556,57.93719840040612,0.7808075511274253,0.6237955592794302,92.31296171927468,22.331770305306843,195.8629952988583,180.5265278710544,809.5138388011121,0.4063217716734402,0.3429533757440202,0.9033191441165864
43,4,4272.0,288.492424049175,0.645018665395358,0.8736706878123742,2.0554234304802566,110.89506725943862,53.95241954283241,0.890742285237698,0.5517241379310345,81.43469101123596,22.887026007218317,257.9262640449438,100.77668539325843,560.6775284431369,0.515106456847656,0.42859930012297487,0.9072356675008515
43,5,2641.0,206.99494936611663,0.7745666027778572,0.6417643954829892,1.3039478113330507,67.05514801386599,51.424717639055075,0.9371894960965224,0.6915422885572139,98.02991291177584,24.985165131892114,298.09276789095037,661.0878455130633,773.4965077990553,0.36122927113908965,0.27779827499248044,0.8983086767229296
43,7,1160.0,138.22539674441617,0.762943123345102,0.8243778956209138,1.7666601414611072,51.89389823064965,29.37401315214542,0.9243027888446215,0.7051671732522796,108.56896551724138,36.34044581974912,475.0655172413793,537.2672413793103,1506.44428497577,0.2987328789863123,0.2528954060939671,0.8751620737704413
43,16,2917.0,284.5573952066306,0.45269587759521124,0.8563959744220113,1.9367848700761432,92.0057810547768,47.50438857525754,0.7972123531019404,0.4861666666666667,81.24545766198149,20.307376189564675,492.0905039424066,81.08193349331505,594.4400205443997,0.5798151794845279,0.4902072260019482,0.9211871329545608
43,17,1049.0,123.9827560572969,0.857556572466997,0.6130235275436625,1.265719200571474,41.71602196533854,32.958354385794024,0.9659300184162063,0.7264542936288089,125.73784556720686,39.86522704669138,448.9208770257388,55.3860819828408,2511.4594258198617,0.3064211197317678,0.2307789417340088,0.8447120791089409
44,2,4287.0,314.492424049175,0.5446819348919977,0.6106792894414161,1.2628207492204828,90.43659016019708,71.61474834494287,0.8156392694063926,0.5954166666666667,84.62327968276183,19.384574899575252,154.60275250758107,533.5290412876137,575.2160026430545,0.47670040591645335,0.3808392661447818,0.9031099698782588
44,3,3236.0,266.35028842544403,0.573207724316565,0.6354082838972983,1.295040960917223,75.41590942338084,58.23438153644725,0.8291058160389444,0.6585266585266585,92.97435105067986,21.49866232606146,193.83621755253398,178.63658838071694,787.3200528669879,0.37654358029608737,0.30949462185803633,0.8777002204037414
44,4,4196.0,296.59292911256335,0.5994096872000544,0.8787551071165355,2.0952371500455924,111.88239818585788,53.398441404794355,0.8521527213647441,0.5361615129056989,83.67612011439466,22.683889198704225,260.60247855100096,101.09485224022879,593.0155502564884,0.5209289965891777,0.4427435319033346,0.9017083435863842
44,5,2482.0,208.30865786510142,0.7187816803178013,0.6411873195869707,1.3031278675220346,65.22404865294713,50.05191760419801,0.9045189504373178,0.7051136363636363,96.11442385173247,24.114365434668265,295.1917808219178,664.6019339242546,786.7578884496502,0.33561352900613695,0.261642874120387,0.8858826663931206
44,7,1596.0,188.99494936611666,0.5614904243946951,0.8895770378144836,2.189212917269698,69.31067542621926,31.660088828938974,0.8669201520912547,0.5560975609756098,96.8953634085213,29.290947450742692,473.9505012531328,536.0733082706766,1128.6496391960795,0.4489387614243667,0.4084710610866646,0.8624050894985457
44,16,4511.0,321.49242404917493,0.5484552582780305,0.7914022665711834,1.6358694715793407,101.35100536211162,61.95543539562657,0.8175063428778543,0.510582908885116,96.22522722234538,32.105233091029376,475.95256040789184,58.271336732431834,539.9107830984693,0.5537252173591829,0.47126203776417713,0.9365675692233626
45,2,4517.0,316.97770542341357,0.5649402529632774,0.5840270194440961,1.2319303263443495,90.7721165299255,73.68283302131556,0.8380333951762523,0.5915400733368256,84.6103608589772,19.770860473636695,154.43812264777506,534.660172680983,681.674889897889,0.47029431816841405,0.3844139157621864,0.9126970133872998
45,3,3232.0,266.0071426749364,0.5739771713877597,0.6159619050601483,1.2693964734481447,74.2381245498308,58.483008345038904,0.8347107438016529,0.6198695818948984,94.26113861386139,22.312000604624995,193.1401608910891,177.60272277227722,757.3256456880154,0.4053369067984574,0.35009475383523236,0.906586816898438
45,4,3949.0,293.7056274847714,0.575270974554141,0.8955558819245449,2.2474483016197673,111.99485042584693,49.83200296315189,0.871166997573351,0.47202964379631845,80.61078754114966,23.468522155167083,263.02405672322107,101.52671562420866,565.7840124957514,0.5745511012854233,0.5090695079809525,0.8994007003567315
45,5,1538.0,149.1543289325507,0.8687493137045472,0.7514867805366935,1.5157299086913354,54.56403418609333,35.998520497100515,0.9802421924792861,0.82911051212938,98.29648894668401,28.37058313945106,298.3296488946684,669.5019505851756,1404.2072504909138,0.2138598386549409,0.1334529118232491,0.8214745837852598
45,7,1937.0,224.65180361560903,0.4823026691516278,0.8991970931866656,2.285485412181797,80.34970676571562,35.15651700835458,0.7945036915504512,0.5775193798449613,93.95095508518327,30.056909889025032,474.86422302529684,536.2705214248839,1160.029389492057,0.4271998854831612,0.3849630506778399,0.8650021361851457
45,16,3979.0,265.0365799264593,0.7118232445400368,0.8407043920671128,1.8467413558420567,97.54065204353597,52.81771144344167,0.9451306413301662,0.7251685802806633,99.55240010052778,33.04502714014467,472.8059814023624,52.0849459663232,927.175765776883,0.3405092492378643,0.2463503993282748,0.9029357626933333
46,2,4724.0,313.22034611053283,0.6050897869358027,0.5782917601966902,1.2257455126016206,92.21014526290557,75.22780570266283,0.8625159758992149,0.597596457938014,84.42591024555462,18.861751753470735,155.71994072819643,535.9688823031329,592.8235112499937,0.4750670549657425,0.38019635591815804,0.920818239495329
46,3,3146.0,274.8355697996826,0.5233867255945521,0.6147735783611304,1.2679033501874595,73.83749879200039,58.235904795963755,0.8013245033112583,0.5783088235294118,93.15130324221234,21.449374003795697,191.84361093452003,178.26573426573427,769.8479629379951,0.4448957161299016,0.3934047846112888,0.9047966192541034
46,4,3946.0,297.46298679765215,0.5604038061550202,0.8703346200754131,2.030618437623677,106.72444379490254,52.55760600686577,0.8475085910652921,0.46620982986767484,79.36619361378611,22.31238073507449,267.6094779523568,101.3271667511404,511.7140481353269,0.5834651391513919,0.5148784508614928,0.8976657282339233
46,5,2422.0,191.4386001800126,0.8304719777220078,0.6805593229197916,1.3648281375653009,65.43040745288248,47.94040044455922,0.9618745035742653,0.7538126361655774,98.66391412056151,24.005250131902073,298.6494632535095,663.6238645747317,697.4920422577745,0.2943324036444205,0.21205263611368713,0.8928835110479951
46,7,2466.0,247.4802307403552,0.5059666730757948,0.873065539308208,2.0508492679295327,88.2792520736067,43.045217146909295,0.7620519159456118,0.5744234800838575,91.04541768045418,25.788686112225378,474.8884833738848,536.7664233576643,935.0418634315092,0.4459904309722883,0.3933178993009213,0.8752867518455852
46,16,2445.0,215.78174593052023,0.659871424826852,0.660224428502546,1.3314367016533286,67.32071927725262,50.56246323513258,0.8670212765957447,0.7031924072476272,89.20940695296524,24.484883560294477,487.3513292433538,50.23680981595092,841.7595791904344,0.36608514142265225,0.26451560168856814,0.8659112992080672
47,2,4801.0,320.49242404917493,0.5873622545242112,0.5464600565913931,1.1940509972706759,91.3978006495787,76.54430242803106,0.8591624910522548,0.5876376988984088,84.34742761924599,18.260528035486377,156.71568423245157,536.7887940012497,580.9537545976232,0.48765781002374736,0.3918524744674917,0.9252522681005846
47,3,3326.0,269.76450198781714,0.5743313293551696,0.6323492478198836,1.2908498506906663,76.38668895603905,59.17550280163764,0.8331663326653307,0.6352177234530175,93.27209861695731,20.35594820699318,192.84245339747446,179.40920024052917,859.1211501534451,0.38942016489488607,0.335334130400999,0.8971443785140816
47,4,3559.0,262.97770542341357,0.6466957229643002,0.8752589667500514,2.067591347654795,99.34848376170079,48.05034799279302,0.9079081632653061,0.5372886473429952,83.22365833099185,24.825188017260007,275.2705816240517,98.87608878898567,628.4631043648036,0.5064771676725472,0.4405160397163561,0.8978487852966506
47,5,2196.0,190.75230867899734,0.7584074559614871,0.7572275212055972,1.5310390771223916,66.64872086360455,43.53169155477841,0.9477772982304704,0.6871088861076345,102.73633879781421,27.501269553108944,298.88570127504556,659.0733151183971,837.1266188206494,0.3451621435823254,0.2766877492104453,0.8972229669533309
47,7,2813.0,255.86500705120545,0.5399552987583811,0.8697152765948203,2.0261216355875704,92.52348918241823,45.66531819082354,0.7959818902093945,0.6057278208440999,87.87628865979381,22.609302771049002,475.0401706363313,536.2150728759332,900.3208647965787,0.42210275125785357,0.3628534161489168,0.8640784583602309
47,16,3630.0,272.9655121145938,0.6122107201999019,0.8536904360078444,1.9201936861320712,97.06420669690311,50.54917501183108,0.8812818645302258,0.6162988115449916,98.8724517906336,33.20781026481216,472.10247933884295,47.212396694214874,769.7153133722152,0.4423212931479886,0.3560683263197513,0.9208937813638043
48,2,4633.0,311.9066376115481,0.5984431913774998,0.5077574232065741,1.1607659889727493,88.65672547770185,76.37777667500491,0.8621138816524004,0.5798498122653316,86.41528167494064,17.465744574863503,159.6570256853011,538.9158212821067,544.0164511234518,0.5048554322411978,0.3980881560854979,0.9216794985341237
48,3,2973.0,257.76450198781714,0.5622876652268296,0.5611715215218032,1.2081678862718404,69.94858576635042,57.896412047664576,0.8187827044891215,0.6162935323383084,94.12647157753112,21.263047846655915,192.42549613185335,179.0,786.8472152327133,0.40650632201725423,0.3531498273696879,0.8772362300583036
48,4,2980.0,248.45079348883237,0.6066599875754912,0.902524954377122,2.3221383746844606,96.39347070415106,41.510648872184156,0.8943577430972389,0.6045851085412862,88.90805369127517,26.439044791755865,280.3701342281879,98.06778523489933,900.1394479493729,0.4182076188244332,0.36673413049647136,0.8854590600789132
48,5,2188.0,196.5512985522207,0.7117137345487958,0.5627008979985547,1.2096863395534514,60.06690576965102,49.65494261249934,0.9120466861192164,0.5693468644288316,103.64122486288848,32.34918149899784,299.92367458866545,655.1211151736746,853.6686605166904,0.4658224198067078,0.39970464079528567,0.9194274589212469
48,7,3099.0,268.45079348883235,0.540383470655671,0.8673691426716793,2.0093825319930727,95.38556614016578,47.47008825918002,0.8078727841501564,0.6288555194805194,86.79219102936432,20.12744302932313,473.9916101968377,534.0022587931591,828.9349491613536,0.42514431713476564,0.34092344401395097,0.839793973417991
48,16,3886.0,290.28531726798843,0.579512116998288,0.8535226460969219,1.9191804402861659,101.91400136607614,53.10287622089349,0.8546294259951617,0.5978461538461538,98.57874420998456,31.75815473617721,470.9722079258878,45.592382913021105,728.5091997195437,0.4584122059691341,0.3753740442014816,0.9180043475928737
49,2,4626.0,293.17871555019025,0.6763174870784174,0.4843099613426141,1.1429923607164032,86.77345984644799,75.91779510412496,0.8916730917501927,0.611904761904762,85.83030696065715,17.846573087915203,162.0523130134025,541.71271076524,554.0074559339579,0.4771462892662476,0.36752873772171285,0.928657247420045
49,3,2796.0,272.35028842544403,0.47368687569200707,0.5036442862650333,1.157526475099864,68.05130721672005,58.79028141524712,0.7493969445188957,0.5339954163483576,94.43204577968527,22.014464687369482,190.58655221745352,179.41273247496423,819.0342903805197,0.4800666134768005,0.43701054315742394,0.8884702347291847
49,4,2890.0,254.10764773832474,0.562434865438702,0.9126079411902875,2.4459695001057087,98.36873260073324,40.21666361599439,0.8810975609756098,0.59575345289631,88.24117647058823,23.255515400433342,284.61764705882354,96.72214532871972,847.8525984412227,0.42741684468359337,0.37403080685636936,0.8601394938139723
49,5,2251.0,191.23759005323592,0.7734617381162974,0.6784764755019927,1.3612440474271077,63.564066830344665,46.695570093024344,0.9313198179561439,0.6468390804597701,103.05641936916926,33.310167066595355,298.0964015992892,654.51665926255,898.2915858343368,0.38557871625160844,0.31827557125620365,0.9138619493332746
49,7,3136.0,270.9360748630709,0.5368491236797642,0.8665218992143974,2.0034497121755668,96.43947348071951,48.13670784678438,0.795333502409333,0.5743589743589743,84.61702806122449,18.93647957025061,475.062181122449,534.4413265306123,747.3533728520408,0.4790348154889793,0.3973296720144777,0.8479447988056178
49,16,4072.0,282.3086578651014,0.6420505741732663,0.87275914896713,2.048546156873211,105.78122901772886,51.637220212400564,0.8979051819184124,0.7403636363636363,97.40496070726915,32.183845429486894,469.33153241650297,43.3762278978389,1110.2837898768175,0.33710691809801785,0.23071414863753528,0.8734779645527984
50,2,4752.0,307.4213562373095,0.6318561655364067,0.5768132236251456,1.2241759101959684,92.04547765222495,75.1897475563705,0.8647861692447679,0.5816401468788249,87.17992424242425,18.07751480177522,161.36742424242425,543.6193181818181,620.0373611751563,0.4972330820995995,0.396997908706049,0.9317330060913849
50,3,2989.0,264.69343417595167,0.5361044866942761,0.5196241897349482,1.1704189262370437,69.9243871693575,59.74304208679192,0.7974919957310566,0.5869992144540456,95.84275677484108,22.42132891972856,189.76748076279694,178.78153228504516,768.3443529363135,0.4350750850803973,0.3842859020316667,0.880932574871433
50,4,2857.0,273.1370849898476,0.4812367266503791,0.9232226311233455,2.6023673833684486,104.36990287580242,40.10575276297394,0.81815578465063,0.6428892889288929,88.86559327966398,24.024826645608794,287.9506475323766,93.06580329016451,1057.0270001098852,0.3826321792684706,0.32380340694375404,0.8327433978284124
50,5,2745.0,214.65180361560905,0.748657412318461,0.7240588259371716,1.449825406687132,72.47005236860862,49.98536515800447,0.9107498341074983,0.6931818181818182,96.7511839708561,27.200671390594824,297.73952641165755,652.7989071038252,949.0101056852982,0.33968159980919244,0.27463136378195496,0.8813102896678225
50,7,3553.0,285.6223663640862,0.5472939478942526,0.8403684304066946,1.8449653775893544,98.16939704127007,53.209343781583016,0.8110020543254964,0.6144932549290902,83.9214748100197,19.84032155856914,477.10526315789474,532.9304812834224,726.8815671479856,0.45155055611204004,0.35938668868016677,0.8447538369946486
50,16,3623.0,261.5218613006979,0.6656749295296672,0.8663217137290002,2.002056413999771,98.4273360781066,49.16311817680771,0.9447196870925685,0.618681693989071,100.25531327629037,32.33001933943728,462.1711288987027,38.2793265249793,987.2125126426313,0.4303372536482053,0.35506190342229205,0.894110934748137
51,2,4640.0,282.5929291125633,0.730138522480248,0.5764646739588088,1.2238073537842284,88.08953032563957,71.97989949419015,0.9114122962089962,0.6364883401920439,84.12823275862068,18.50109911406839,167.56465517241378,544.9224137931035,774.9721634848892,0.44224387165334916,0.34078092744023275,0.9279143523944149
51,3,2877.0,239.03657992645927,0.6327337394619766,0.5019900054325258,1.1562385612234318,67.15378530338309,58.079524032070644,0.8537091988130564,0.6314749780509219,94.43552311435523,20.68867572563311,187.6339937434828,177.82168925964547,826.7158545284321,0.3849489522948668,0.33690957836923685,0.8697293244665445
51,4,2871.0,279.96551211459376,0.4602925920474571,0.9218589379479818,2.5804746158633938,106.16234675161705,41.140628200326816,0.7676470588235295,0.5922029702970297,82.09021246952281,24.802105188752368,288.7990247300592,94.16858237547893,921.8999567489718,0.43311298476421745,0.37781598087745116,0.8352729830376411
51,5,3285.0,243.27922061357856,0.6974855366273013,0.7329116073824047,1.4698881456440105,80.86803300632522,55.01645363014615,0.8866396761133604,0.625,89.0255707762557,25.16873862500984,297.1363774733638,653.117503805175,748.4352687862564,0.412430772104468,0.3483150223122078,0.8932827998591147
51,7,2672.0,216.20815280171308,0.7182939113319284,0.6277239670417456,1.2846271081194238,67.46951748608514,52.52070196841348,0.9147552208147894,0.6169475871623181,93.08083832335329,26.171650530923397,490.5396706586826,526.6287425149701,817.6060822860843,0.4229826943363436,0.3548304021689539,0.9035502501851089
51,16,3653.0,271.1787155501902,0.6242353194252305,0.8911768215000597,2.204312830194684,104.02220749987097,47.190310773940276,0.8957822461991172,0.5798412698412698,95.96058034492198,32.957256590856126,462.2072269367643,35.41938133041336,824.6198881738601,0.4678678870104405,0.3961032427231957,0.9087547523991063
52,2,4869.0,293.9066376115481,0.7083221941144753,0.5992908889237334,1.2491703282685853,91.39192173630315,73.1620978085327,0.9138513513513513,0.6307811892732219,84.93592113370302,18.628547952202275,166.9133292257137,544.81146025878,851.6883088918406,0.4438090211684413,0.34785879502532924,0.9306761846402908
52,3,2853.0,232.16652224137042,0.6651390471208491,0.5351189503370101,1.1837447395131313,67.97388866494771,57.42275880601172,0.8648075174295241,0.6650349650349651,95.68489309498773,21.315052950007356,185.3466526463372,176.28601472134596,828.2389561339763,0.35813361360476087,0.3064972612907881,0.8884389443146576
52,4,3400.0,306.97770542341357,0.4533933124551652,0.8971141138110267,2.2634732752318913,113.31125819254883,50.06078906804861,0.7397737162750218,0.5286891618721816,81.83205882352941,24.279688349513076,288.8744117647059,91.73235294117647,738.817006590029,0.5056440635554679,0.4457349901610053,0.8641070480322953
52,5,3949.0,298.24978336205567,0.5578747740943241,0.7672243597757491,1.5591409939484464,93.73011197740942,60.11650796253045,0.8396768020412503,0.5542456140350878,95.83666751076221,21.50799818572298,294.0065839453026,648.1906811851102,458.477599396704,0.4869794912197263,0.4230683782737276,0.9294091942038692
52,7,2135.0,196.40916292848976,0.6954793729877216,0.49697512040821384,1.1523860062465572,56.64646442388796,49.15580727016243,0.9298780487804879,0.6348498364555456,97.46416861826698,19.4710498953645,488.7911007025761,524.8070257611241,668.9713880972906,0.4122823810317708,0.32941035301416677,0.9095230107127671
52,16,4106.0,287.4213562373095,0.6245838356180237,0.874905778725904,2.064864949069122,108.40941657498523,52.50194044112092,0.893969083387764,0.5777402560855495,96.41938626400389,32.20713456693276,459.80881636629323,33.69434973209937,740.1862553188624,0.4776783955412721,0.4008606871931687,0.9183576159433471
53,2,4997.0,306.73506473629425,0.6674094662014118,0.6167538219706689,1.2703960525298128,94.36677931637713,74.28138581543853,0.8792891078655639,0.5982998084291188,84.64958975385231,18.450781694521304,165.58314988993396,545.2877726635982,824.3122148749139,0.48198257174899906,0.3800855083764123,0.9290729100482793
53,3,2674.0,260.1076477383247,0.4966666781687887,0.564441509802369,1.21142656458102,67.80544427196365,55.971567946765816,0.7646554189305119,0.5457142857142857,95.49027673896784,22.36145115660374,184.19446522064322,175.03702318623783,831.8403719207154,0.4632597151168292,0.4243067793419722,0.8891472196825889
53,4,3653.0,320.49242404917493,0.44691404202810736,0.8965355024630177,2.2574796030230355,117.01409019493354,51.833952359187506,0.7453580901856764,0.5476761619190404,81.23405420202573,25.35290950095276,288.90117711470026,90.97591021078566,737.6044780356383,0.4871404664774931,0.42558387275398707,0.8686838532562424
53,5,4420.0,285.66399692442883,0.6806457177744936,0.7150913647562236,1.430551719286535,91.78609800604934,64.16132794683314,0.887906789875452,0.6341463414634146,91.4108597285068,21.829998656489074,295.49343891402714,650.5303167420815,429.7790242331295,0.4286794276891922,0.3424676012481352,0.9300419763993074
53,7,2761.0,224.2670273047588,0.6898353057269508,0.6684464554051512,1.344519253076349,70.1594537322637,52.18181411068248,0.8958468526930564,0.6466042154566745,91.55704454907642,23.784947908414335,488.28866352770734,516.6381745744295,829.6793531435073,0.3937201726616241,0.32588773594744413,0.8874982625670271
53,16,4576.0,298.3919189857867,0.6458352791155342,0.883870064234062,2.1379740746556735,115.95724601358148,54.23697480160357,0.8883711900601825,0.580416032470827,94.3881118881119,30.733219002915842,459.58020104895104,32.17373251748252,688.5481662273521,0.48717914618698827,0.3994300693330939,0.9163089750874627
54,2,5030.0,315.56349186104046,0.6347523872530065,0.6365609449868328,1.2966361074505601,96.56989730291593,74.47725444943163,0.8687392055267703,0.5892689784442362,85.91491053677933,18.830760238371106,164.8055666003976,545.5270377733599,643.937306144187,0.49118996958545147,0.3890502659144547,0.9293795908589736
54,3,2244.0,224.3380951166243,0.5603077903373762,0.6865222060732231,1.3753099252460441,66.10515625474565,48.065643271584314,0.8240910760190966,0.6376811594202898,95.57308377896614,24.858628932018565,183.9933155080214,172.10160427807486,1057.3799720425616,0.3721627728432105,0.3254124884510581,0.8557106435363095
54,4,3791.0,323.6639969244288,0.45475225636303623,0.8719966943884296,2.0428518331196006,112.39282800002363,55.01761125200678,0.7681864235055724,0.5542397660818713,82.25006594566078,24.858921045537674,290.62358216829335,89.06146135584278,759.835952873424,0.4930823037004245,0.4212500933199128,0.8653353660106181
54,5,4308.0,305.8061325481597,0.5788861750642013,0.6747727472774242,1.354966606701461,89.38130261177163,65.96568665951261,0.8513833992094861,0.5975863503953391,89.3769730733519,19.62472785284559,297.0299442896936,650.7936397400185,535.6112398958322,0.4634733076153881,0.37917853454196093,0.912305075850922
54,7,3042.0,240.89444430272832,0.6587422299022719,0.7354513874065673,1.4758459553194536,77.80477114174603,52.71876164399884,0.8837884950610111,0.6561691113028473,87.41485864562787,17.488311569390174,485.35075608152533,513.3980933596318,773.4684812218462,0.4078645670107353,0.3159682495609133,0.8338485419861421
54,16,4864.0,315.1787155501902,0.6153038998201582,0.824158915261345,1.7656657301655656,111.12828661869158,62.9384626546901,0.8771866546438233,0.6118238993710692,94.24897203947368,29.743349457260496,457.63013980263156,29.586965460526315,747.8333518491831,0.4695287364820765,0.3676526127001956,0.9055779324132153
55,2,5298.0,322.8355697996826,0.6387913991873716,0.6709762682891737,1.3486561810886355,101.65949545325812,75.37836320239792,0.8637104662536681,0.5836087243886319,85.6823329558324,18.353417563799155,165.2893544733862,546.5324650811627,663.5838037755059,0.4944757852665963,0.39694599803014075,0.9291275701964634
55,3,2556.0,253.9655121145938,0.4979906909618314,0.6236922047823761,1.2793121948449175,67.98183473373471,53.13936270417222,0.805546801134573,0.6480730223123732,95.71244131455398,25.17752031266694,183.31924882629107,171.87128325508607,1073.0136061379496,0.3608871048447367,0.3148507859400552,0.8519734898841578
55,4,3522.0,275.0365799264593,0.5850841023138894,0.7877074694289729,1.6232462777154892,89.4888126182868,55.12953508461502,0.8561011181332037,0.604739010989011,83.58546280522431,24.11990193635833,292.9474730266894,82.68143100511074,736.7240435263565,0.44205547792166083,0.36880238028608703,0.8715626903480231
55,5,4151.0,280.73506473629425,0.661864786493055,0.6388161828637112,1.2997826523840157,85.67217280302975,65.9126913610463,0.8792628680364329,0.6188133571854502,89.13225728740062,18.345373587156214,297.610455311973,652.9713322091062,660.0536157868514,0.43949943981912426,0.356682606113061,0.907084022549805
55,7,2849.0,235.6223663640862,0.6448657132698424,0.7783874678201484,1.5929041631728238,78.52650598483743,49.297696496959695,0.8717870257037944,0.6491228070175439,87.62478062478063,19.69454252924538,485.4099684099684,511.3478413478413,911.2836339931412,0.4051771436265721,0.32134292155326266,0.8213174743559666
55,16,4923.0,320.59292911256335,0.6019103633813321,0.808677529734843,1.6999511382530266,109.5563806855464,64.44678215759379,0.8671833714990311,0.5942781265089329,93.82023156611822,29.33033440204343,454.43347552305505,30.05931342677229,674.073251351734,0.4959549074223343,0.387154149361151,0.9141961094972162
56,2,5301.0,332.048773235279,0.6041766100962023,0.7018282219807889,1.4038117454444,104.05967020250867,74.12651343045064,0.8402282453637661,0.5504672897196262,84.58856819468025,18.235809279901055,167.33465383889833,547.0456517638181,729.7426648816261,0.519655237079588,0.43052489242530634,0.9296521340849516
56,3,2593.0,234.30865786510142,0.5935204782874332,0.5543902544681001,1.2015521571758978,66.51043305212458,55.353762760036375,0.8326910725754656,0.6559575006324311,96.47589664481296,24.236658923326015,183.1415349016583,173.1739298110297,937.6081547657468,0.35582666148018943,0.3103077235024589,0.8715847526214635
56,4,3390.0,243.52186130069785,0.7183459592536854,0.8251179808190515,1.7700353856501903,88.51797250565254,50.00915418034825,0.9456066945606695,0.6208791208791209,84.03008849557523,23.450160108978174,292.9023598820059,78.56578171091445,673.2606826171369,0.4263798375650305,0.3522610541148185,0.8875749629606063
56,5,3541.0,247.52186130069785,0.726287661909124,0.6755156693844344,1.3562160771898377,80.09694549095133,59.0591328609797,0.9058582757738552,0.6643527204502814,92.21660547867835,18.485153324204042,299.1140920643886,658.4512849477549,573.7980208170413,0.3895701578399678,0.3076526304877289,0.9070960748424703
56,7,2843.0,244.03048327204937,0.5999272151275307,0.7861380374013535,1.617989565026994,80.88954151237247,49.99385858896002,0.8568414707655214,0.6837421837421838,90.90362293352094,21.978338012259737,487.14139992965175,509.0756243404854,838.6339537678348,0.3679651071097723,0.2849485183112423,0.858974365565581
56,16,3845.0,268.0365799264593,0.6725399271713381,0.7891467879346563,1.628121842797263,92.6823134617709,56.9259075245463,0.9493827160493827,0.6260175838489092,97.22860858257478,31.911516373524396,444.06527958387517,31.460598179453836,732.9944542190088,0.4511908331177511,0.3543647657892908,0.9183915858157563
57,2,5232.0,333.6639969244288,0.5905530320399366,0.7520317577265657,1.5171585929868345,106.39760892369195,70.1295233178139,0.8412928123492522,0.5393258426966292,84.90768348623853,19.088050498961106,168.12327981651376,548.4870030581039,640.9289113929865,0.530454475935642,0.4415864304613618,0.9307295485403981
57,3,2540.0,238.5512985522207,0.5608929879584932,0.5428851299880684,1.1907498314240952,66.10208003765388,55.51298710544271,0.8193548387096774,0.6623207301173403,94.06102362204724,22.895100921295203,183.04527559055117,174.89409448818898,1031.5790921582145,0.35421720587192035,0.3035885109513124,0.8445791417641411
57,4,3553.0,263.4213562373095,0.6434326706898982,0.8241675464582396,1.7657048884962643,91.92974623307677,52.064049225897165,0.9047619047619048,0.5971428571428572,83.27075710667042,22.721391216623434,293.57022234731215,76.84801576132845,699.6589790626259,0.44860403852471903,0.3778138832360972,0.8803587628060604
57,5,3207.0,235.7645019878171,0.7250233475639446,0.633159350207771,1.2919538252328977,74.22137818043983,57.448940303311616,0.9038895152198422,0.622960372960373,93.11973807296539,17.923128831469192,303.0742126598067,658.6863111942625,886.2048360147953,0.4133832483378913,0.35036915299171995,0.9019085158524609
57,7,2912.0,245.58073580374355,0.6067539917184736,0.7738812124367996,1.5789537495642385,81.3054455443153,51.49324074042959,0.8552129221732746,0.6466799911170331,86.67754120879121,21.16007322528447,487.4883241758242,508.6201923076923,950.2637683953367,0.4178438914182786,0.3238527047944731,0.8331607857763582
57,16,3913.0,293.76450198781714,0.5697982112183464,0.7785337496709716,1.593364615112693,94.69087920884625,59.42825534766197,0.8935830098195935,0.5574074074074075,97.08791208791209,31.183913031489027,439.8888320981344,30.89649884998722,771.3514415359884,0.49999445842877377,0.4232292743597921,0.9111009976660156
58,2,4528.0,296.0071426749364,0.6493994264389529,0.8628529033410745,1.9784150604675366,108.77218006188228,54.97945412737476,0.9263502454991817,0.6852300242130751,87.61682862190813,22.026657263984625,174.75905477031802,553.627871024735,760.2543015241913,0.3889141197126574,0.2884540007030867,0.9004807084138583
58,3,2487.0,255.62236636408616,0.4782863069668132,0.5776530152268263,1.2250661926535018,65.77369828632987,53.68991380283182,0.795076726342711,0.6685483870967742,94.28307197426618,22.99896605541346,182.75914756735023,178.3361479694411,1224.08844765718,0.34397810956111474,0.2938738182254864,0.8315424018116355
58,4,3860.0,265.5218613006978,0.6880129315364686,0.8194576699159022,1.7447752834008046,95.01799290651005,54.45858490229587,0.902079925216172,0.6195826645264848,83.15725388601037,22.61266293697726,294.220725388601,75.10880829015544,649.2600871272866,0.4382639918856569,0.35601116618865236,0.8881694532714993
58,5,2983.0,237.27922061357856,0.6657998654392736,0.7392175766186231,1.4848544461093904,76.76289001109166,51.697248987754634,0.8732435597189696,0.6269440941572089,93.95139121689574,20.534852605937697,303.7287965135769,658.2158900435803,753.5512828246649,0.4081370271023018,0.34272619243451574,0.8985477773906488
58,7,2964.0,251.8528137423857,0.5872113602099631,0.7389902313587503,1.4843046498383312,80.91014232790896,54.51046881563134,0.8475836431226765,0.6051449571253573,85.972334682861,22.35295126625876,488.3812415654521,508.7648448043185,902.4948949318384,0.4558973702396085,0.36602178800024265,0.8383179905793485
58,16,4035.0,285.7228714274745,0.621102662678391,0.7732130839175588,1.5769231858037114,96.10503364436511,60.944651273792516,0.9187158469945356,0.5870798777826277,96.05179677819083,31.38670416170932,437.26542750929366,31.27657992565056,736.9491807601867,0.48343313350811157,0.3966217701119552,0.9144786770696604
59,2,4398.0,311.03657992645924,0.571270967343756,0.8726900895871508,2.0480282252410653,112.4874629530095,54.9247620548633,0.8870512303348125,0.6269422665716322,87.15666211914507,22.508959662210366,174.3888130968622,557.2967257844475,705.1090122148229,0.44333334431040905,0.3475590440710698,0.900119170681138
59,3,2545.0,247.0365799264593,0.5240528876586161,0.5844732629641479,1.2324180648498324,65.9170300842218,53.485933032192015,0.8196457326892109,0.6518954918032787,94.62396856581532,21.921785756041544,182.24557956777997,179.46444007858545,1049.4502784249414,0.3588375888715248,0.31198816488902326,0.8606388704293357
59,4,3621.0,253.17871555019022,0.7098784696378287,0.838892958082663,1.837234166734806,93.81285183741221,51.06200044392792,0.9244319632371713,0.6116554054054054,82.22369511184756,23.73026182784235,294.5459817729909,73.4269538801436,711.045277182865,0.4362547183519492,0.3641446238243666,0.8949211728906514
59,5,3132.0,250.45079348883235,0.6274610811181126,0.8490080537541564,1.8925776498463491,88.92020456973046,46.98364929806158,0.8606760098928277,0.6206896551724138,93.76628352490421,21.984210922067998,302.81577266922096,658.5801404853129,602.2905136069058,0.41653175145508997,0.35101735456343686,0.9086735917010219
59,7,1336.0,147.29646455628168,0.7738052577796797,0.7445401610136975,1.497953034379099,51.47553070745402,34.363914973336,0.9495380241648899,0.668,93.83233532934132,28.097648951151857,493.52694610778445,515.6317365269462,2129.261018445899,0.3354090160080634,0.2880248334598601,0.7602111387404982
59,16,3983.0,277.4802307403552,0.6500639411074692,0.7021822826964987,1.404499865081673,90.62196995687358,64.52259071709048,0.918800461361015,0.5998493975903615,94.15867436605573,32.3636509767436,434.88978157167963,30.942756716043185,685.0512418712084,0.4677889224228176,0.38459087058976793,0.9223203502923658
60,2,4482.0,313.37972567696687,0.5735085860064382,0.8691223286879619,2.0218473244320414,114.52485885860557,56.643673077924824,0.8880523083019616,0.608058608058608,86.21128960285587,22.52137122160846,176.05220883534136,558.8319946452476,694.7474627553706,0.45694818707478335,0.3670105834682409,0.9044718212419649
60,3,2563.0,258.35028842544403,0.48254805420312336,0.5318382354284977,1.180852291099287,65.6507252667396,55.596051903852924,0.7883728083666565,0.6164021164021164,92.69605930550136,22.419911916224088,182.94303550526726,180.0678891923527,991.5398214688327,0.3968804897844642,0.3488446139396154,0.8569505931081918
60,4,3449.0,254.10764773832477,0.6712241698609284,0.809642320465764,1.7037992662450878,89.75744441605808,52.68076245499842,0.9090669478123352,0.6216654650324441,82.62800811829516,23.308660006915826,293.63612641345316,67.0785734995651,823.2899541459374,0.4330466426497932,0.35048314286532645,0.8540597185705361
60,5,2747.0,248.30865786510142,0.5598669079462986,0.9120204576486277,2.438163825101023,95.94813888511644,39.352621795683035,0.8523115110145827,0.6120766488413547,93.12049508554787,24.780588802681876,300.63560247542773,657.6174008008737,891.4302798650479,0.4135837326532704,0.3555520124074567,0.8682772482209445
60,7,2076.0,190.4680374315355,0.7191061441407773,0.7649700050331417,1.5526361363486354,65.66366299912856,42.29172660733704,0.9301075268817204,0.7789868667917449,92.51300578034682,20.998539366167606,500.652697495183,502.3598265895954,1118.4102867026065,0.2743087132084648,0.1810319627039781,0.7924780228337287
60,16,3413.0,252.02438661763946,0.67524444402696,0.7533334676063943,1.5205917306308858,85.26038326368183,56.070529351299136,0.9322589456432668,0.7054568003307151,98.83680046879579,32.103800379196834,426.57749780251976,33.3715206563141,886.4842428637921,0.364768709703457,0.2675090198803753,0.9020670251968035
61,2,4234.0,322.1076477383248,0.5128125500086647,0.8654191798642429,1.9958146024273242,113.59038261049426,56.9142957829574,0.8306847164999019,0.560646186440678,84.9475673122343,23.13273379183328,177.20004723665565,561.4185167690127,725.3898544459659,0.4992385990998415,0.41680932464744636,0.8953437583779259
61,3,2678.0,264.35028842544403,0.4815715915900435,0.5611872618449181,1.2081834640537712,67.83239847602337,56.144120900668476,0.7948946274859009,0.6259934548854605,92.88424197162061,23.54255133381159,183.77035100821507,180.16168782673637,1038.0645921498062,0.3849814914691141,0.3408793294706493,0.8668321074395477
61,4,2695.0,224.89444430272832,0.6695934237118486,0.7741981630042344,1.5799203826559678,75.96405845182711,48.080940840908504,0.8995327102803738,0.6586021505376344,82.08423005565862,22.849640650116747,288.7873840445269,60.80333951762523,999.0309321297359,0.38003612804835235,0.31021754435068805,0.8124260471833205
61,5,2751.0,245.92388155425115,0.5716089821194167,0.9235068591824004,2.607005117008581,99.68726323877581,38.238230753134225,0.8459409594095941,0.6362164662349676,92.00763358778626,26.318705172990377,296.5107233733188,659.4492911668484,1027.8681864391363,0.39541709273973025,0.33148060134721274,0.8586792419288903
61,7,1281.0,147.39696961967,0.7409380262731847,0.7844367348530611,1.6123601125420282,52.197386179930014,32.37328049354696,0.9667924528301887,0.6977124183006536,90.83060109289617,19.41518596580457,499.8040593286495,509.44028103044496,1291.815345704924,0.3265886019923349,0.26595082682636917,0.7579089444051724
61,16,3510.0,252.2670273047588,0.6931001636886387,0.7725193331149292,1.5748248648154946,86.35856545472005,54.83693290862394,0.9241706161137441,0.7602339181286549,96.36980056980057,32.764331584464706,423.83561253561254,34.55384615384615,888.2626097941239,0.3138450563438676,0.21559501632312744,0.8979042822301329
62,2,4303.0,328.35028842544403,0.5015409588253461,0.8667438080755362,2.004997988032239,114.72621328088015,57.22011391815692,0.83053464582127,0.537875,86.44736230536834,23.610844038445567,178.5328840343946,563.6988147803858,683.3541147633186,0.523155410759107,0.44062050630839356,0.9080684849498567
62,3,2823.0,277.66399692442883,0.46013111300219606,0.4831371714001767,1.1421461763910725,67.61606865418493,59.20088868820333,0.8001700680272109,0.6126302083333334,93.807651434644,24.89479496624282,183.0488841657811,179.89125044279135,1095.4002574474412,0.4000291548883128,0.3540893662403553,0.8658160740766185
62,4,2438.0,215.1370849898476,0.6619314342261275,0.774382271873926,1.5804828741656642,72.60250726285487,45.93691488190385,0.886223191566703,0.654320987654321,82.67719442165709,22.39272990843662,282.95570139458573,58.04019688269073,1104.9993416801904,0.37419544445224556,0.312123402168623,0.7768333232681697
62,5,2622.0,253.23759005323595,0.5137906629236458,0.9333698038974285,2.7861660028327524,101.515773375331,36.43565145512429,0.8610837438423645,0.6370262390670554,95.11060259344012,28.26912403088654,290.78985507246375,663.9569031273837,1205.4429017017453,0.38781247866885066,0.3265618416269198,0.8426788605827304
62,7,1371.0,159.0538238691624,0.6810187820275261,0.830150527593666,1.7935954487059602,57.01639938724844,31.788884961982102,0.9091511936339522,0.6861861861861862,84.30123997082421,21.551908194434535,500.35521517140774,504.399708242159,1279.372294792171,0.3410326725147318,0.2761675644921352,0.7200006625180259
62,16,3867.0,259.48023074035524,0.7217312086490258,0.7412474929009981,1.4897982668974579,87.71083818102635,58.87430542101942,0.9477941176470588,0.7546838407494145,97.3392810964572,31.318136427711416,422.3772950607706,35.76415826221877,962.9358759393765,0.3296766731205167,0.22071035037826872,0.8891637677676623
63,2,4384.0,341.86500705120545,0.47137995566993085,0.8730753964031249,2.050923505379136,120.11332379985589,58.565482079084966,0.8076639646278556,0.5230255308995466,86.47399635036497,23.67963565974124,179.09215328467153,566.5063868613139,727.0083338031241,0.5310455079658649,0.4553121869223077,0.9006066777956904
63,3,2496.0,273.7645019878171,0.4185045430347328,0.5124807242394869,1.164552789194114,65.18475313585716,55.97406467161173,0.7582017010935601,0.5698630136986301,93.0985576923077,24.852479455765287,182.81129807692307,181.0665064102564,965.2294142986318,0.4383988631431531,0.39602724702318653,0.8830067636416989
63,4,2373.0,212.40916292848974,0.6609385865217648,0.6459631361135282,1.30998313753318,65.59952818771693,50.07662030768345,0.8708256880733944,0.6504934210526315,83.30762747576907,22.21309500103357,279.7517909818795,56.35103244837758,1156.2612563037533,0.3695506849427602,0.3148025903354401,0.7791566694770946
63,5,2847.0,257.2375900532359,0.5406652618697787,0.8965021649076169,2.2571358350108377,96.509171490735,42.75736089683394,0.8637742718446602,0.6315439219165927,91.90481208289428,25.924556210440265,286.6786090621707,665.7495609413418,1256.1630453192197,0.4043975482331633,0.3369496891591705,0.8269474602923439
63,7,1056.0,121.25483399593904,0.9025591210556486,0.4952402542286753,1.151071108260014,39.53013279549543,34.342042391499255,0.9777777777777777,0.8380952380952381,85.48106060606061,20.957153738389874,503.1051136363636,501.34659090909093,1553.3970031345884,0.19389539150501717,0.12269510759025967,0.6926465675383557
63,16,3841.0,256.2670273047588,0.7349684710558477,0.7666444670530514,1.5574580933632274,88.8312483764597,57.03604402262568,0.9439665765544359,0.7978811798919817,92.72897682895079,33.271718539769985,423.02421244467587,36.872949752668575,986.8893443056679,0.2976143674953172,0.17789985737136116,0.8817129759666237
64,2,4251.0,350.00714267493646,0.4360609078405872,0.8961995323337528,2.2540229173255,127.35555709233105,56.50144730713039,0.7715063520871144,0.49184311003123915,90.7134791813691,24.218449381326536,177.42601740766878,568.4695365796283,693.4824433018196,0.5599328993589157,0.4873229100416915,0.9062303783776827
64,3,2952.0,275.86500705120545,0.48745326994143784,0.5623412979746703,1.2093284211109467,70.82495697426457,58.56552755884244,0.8134472306420502,0.6348387096774194,96.65210027100271,27.13041690306508,179.15447154471545,180.37940379403793,908.7015567457811,0.3815302917265124,0.3337467981678234,0.889754303820553
64,4,2512.0,226.65180361560905,0.6144847940153498,0.5853430515863332,1.2333714739675075,65.82796323328412,53.37237371116492,0.8486486486486486,0.6239443616492797,85.65684713375796,21.21130987215442,276.296974522293,53.723328025477706,1107.7080279306629,0.40440157627889706,0.3435810738725804,0.783637254000799
64,5,2256.0,188.0243866176395,0.801900710338368,0.6493241202298851,1.3149040022178706,62.019752432620166,47.16675310745911,0.9486963835155593,0.7353324641460235,103.50265957446808,32.0382222971582,270.96897163120565,664.5385638297872,1002.836824985907,0.3142150449914695,0.23036436585126305,0.8956447920125197
64,7,1036.0,119.84062043356596,0.9064868782352326,0.49452403122008726,1.1505309130764416,39.12409773143426,34.00525556225089,0.9782813975448537,0.8235294117647058,93.93243243243244,26.396246776582124,503.2606177606178,492.96911196911196,1652.1830481885513,0.19840440654239677,0.13398316434472368,0.7437498618777254
64,16,4145.0,276.8944443027283,0.6793692956642368,0.727702245811097,1.4579529916613891,89.46754426631517,61.36517760038596,0.8889127171348917,0.7151483781918565,95.48250904704463,30.307523069717362,424.35174909529553,38.51556091676719,879.504159311738,0.3729295789382918,0.2625967307766862,0.8910636245742647
65,2,4061.0,350.1076477383247,0.41633187111364534,0.9093041491475214,2.403082784027424,130.4701558814097,54.29282617669521,0.7399781341107872,0.4733100233100233,87.79019945826151,24.682915271769083,178.9591233686284,570.3203644422556,780.4243086986263,0.5726907577830834,0.5059488516531462,0.8927975351081836
65,3,2848.0,285.0782104868019,0.44037413292769084,0.6000084266571895,1.2500098751752597,71.47934988818345,57.18302815660682,0.7824175824175824,0.5795685795685795,94.12991573033707,26.23755678312969,178.61341292134833,182.3567415730337,981.8231591756646,0.4335231677796611,0.3877691051440548,0.8811797439983236
65,4,2892.0,259.62236636408613,0.5391677963475469,0.5363630110319211,1.1848518208857437,70.47688287599048,59.48160068092315,0.7962555066079295,0.5912901247188714,84.16770401106501,20.319250589550933,274.4249654218534,54.46473029045643,918.8831804379188,0.44413171355332454,0.3788491240286993,0.8171728866772396
65,5,2298.0,192.89444430272835,0.7761049432637313,0.5820928519558296,1.2298272622225177,60.627220613260455,49.29734644497653,0.9418032786885245,0.6863799283154122,101.45996518711924,34.13587512802284,265.95430809399477,665.5147954743255,939.0949730249738,0.35948585298828106,0.2805264353841117,0.9080351411279253
65,7,1470.0,171.43860018001263,0.6285067913402296,0.6669947018935878,1.3421693551584992,52.18276193650682,38.87941692003873,0.8409610983981693,0.6818181818181818,94.93537414965986,25.997761030548542,498.2482993197279,490.21496598639453,1465.6967766064463,0.32387827508377676,0.27497962641108814,0.8097794681597957
65,16,4348.0,288.1076477383247,0.6582484211762321,0.7142522081077602,1.428799204299294,90.81937121477335,63.56342510654786,0.8898894801473598,0.7139573070607553,93.84797608095676,29.507746601853675,423.1651333946642,38.916283348666056,870.0438759164022,0.37615599843843184,0.26105753616478755,0.887179343453485
66,2,4349.0,367.17871555019025,0.40536315842524767,0.8842353282265862,2.141136753968693,126.80168071382198,59.221663669445384,0.7532040180117769,0.4636460554371002,88.80823177742009,24.88759769522571,180.43803173143252,572.298229478041,691.0952185727766,0.5811511035548458,0.5162610821895299,0.909093031483814
66,3,2383.0,268.0071426749364,0.4169089027059387,0.4492360566933629,1.1193030426583277,63.684067903624445,56.89618045920411,0.7463200751644222,0.5475643382352942,96.88543852287033,28.6816327528907,175.95132186319765,185.97398237515736,1102.320708802835,0.4580881255230938,0.4195065325672437,0.8758495925293316
66,4,2960.0,255.3797256769669,0.5703333175951387,0.492341569882222,1.1488943150498299,69.73733122484362,60.69951805951705,0.8245125348189415,0.6311300639658849,83.46114864864865,21.406486861736266,274.68445945945945,54.37027027027027,933.4984671270258,0.41198869679259587,0.3382129697819056,0.8074591819070733
66,5,2272.0,194.99494936611666,0.7508816058809068,0.6448269396433363,1.3083377910808864,62.59763922332287,47.845166324827844,0.9205834683954619,0.6425339366515838,102.52860915492958,31.466630410699814,264.224911971831,664.2887323943662,748.0052633094988,0.391866133768919,0.3273909418837984,0.9208931306967877
66,7,1765.0,216.40916292848974,0.47359082858375545,0.6600165417053784,1.331112919244684,58.660180448442624,44.068523113522396,0.7806280406899602,0.6537037037037037,94.39773371104816,28.176203880560134,498.81359773371105,485.7983002832861,1414.6114791987945,0.3571107664742473,0.30399321572138926,0.8177561004423537
66,16,4691.0,277.0365799264593,0.7680704604756871,0.6979395028073975,1.396342405683231,92.59817897741519,66.31480831673723,0.9267088107467404,0.7002537692192865,95.23726284374334,27.509549228476622,422.2464293327649,40.77126412278832,736.9985022266953,0.38002222866557,0.2800555053216407,0.9030513583915157
67,2,4204.0,372.8355697996826,0.3800475119388874,0.8668270310511339,2.005579670028648,123.01720184574535,61.33747947494309,0.7212214788128324,0.41215686274509805,86.43767840152236,24.82658537773343,181.8801141769743,574.7711703139867,658.5210011481867,0.6284133802023112,0.5684306153524256,0.8985593586223418
67,3,2577.0,274.3919189857867,0.4301120883447581,0.4242421254502238,1.1043027236213352,65.4755763142684,59.291329192374555,0.7622005323868678,0.5583965330444204,94.28676755917733,27.738097418861045,176.64881645324022,188.42840512223515,890.7993880590789,0.45107293014542105,0.4084983167148447,0.8835412640703719
67,4,3353.0,260.9360748630709,0.6188354253730767,0.4204668811029032,1.1021616964622183,71.47040096222759,64.8456584833581,0.8361596009975062,0.6293168168168168,81.2132418729496,22.781018595523328,272.18043543095735,54.74739039665971,777.5293295418093,0.42176136308656403,0.3434042285063988,0.848025796149448
67,5,2496.0,205.58073580374355,0.7421464472569929,0.7203377029935254,1.4417042744020605,69.33745615319214,48.094090712153495,0.9176470588235294,0.676056338028169,99.96274038461539,27.711320459206853,264.2848557692308,663.2363782051282,658.0001373626304,0.35202638840113987,0.2920929401590944,0.92277657279895
67,7,2353.0,252.06601717798213,0.4653751536779696,0.7143156244581429,1.428931347846518,69.66939261454961,48.756290999945804,0.8141868512110727,0.6498204915769125,89.55928601784956,24.654018857258777,496.7641308967276,487.1444963875903,1065.0607283307581,0.374564144435043,0.31669403940440166,0.8383396259174073
67,16,4840.0,278.0071426749364,0.7869430739204119,0.7117649940960986,1.4236543761978597,95.00529700965043,66.73340004290942,0.9493919183993723,0.6797752808988764,92.5047520661157,27.19497967578994,420.2229338842975,40.5051652892562,706.4777732399918,0.39026741154268946,0.30003550191838013,0.9025518829979546
68,2,4432.0,381.66399692442883,0.38233779184062916,0.8569827209372771,1.9404471242891146,125.01009815644618,64.42334686251438,0.72572457835271,0.41654135338345866,86.51579422382672,24.28464296868498,182.85221119133573,575.6360559566787,614.7269998016778,0.6297553791207131,0.5648245204691065,0.9126369274205701
68,3,2646.0,285.8061325481597,0.4070583027293576,0.5057590785689893,1.159185405320523,68.02366687101443,58.68230100102528,0.7588184685976485,0.5653846153846154,91.9928193499622,26.39334749469419,176.16326530612244,188.66855631141345,953.2219984604243,0.45008680935575673,0.4028947839696767,0.8785625055142712
68,4,3305.0,248.69343417595167,0.6715103160051193,0.5671373814065936,1.2141474267838714,73.00835677175593,60.13137709738113,0.8841626538255751,0.6395123839009288,79.80302571860817,23.656958175531663,268.85627836611195,55.85234493192133,840.6747061904102,0.4103865679058957,0.3312382636977314,0.8521204563515525
68,5,2587.0,207.23759005323592,0.7569535431899265,0.5821891969160689,1.229931600778373,64.52103780301547,52.45904549666239,0.927572606669057,0.6559330628803245,99.74101275608814,24.94633186928957,263.7398531117124,665.4402783146502,577.5132190082578,0.3754486576111499,0.3150552806369694,0.9242074488119528
68,7,2612.0,256.3086578651014,0.49963917622038023,0.743071980834236,1.4942958997022788,74.36860979545911,49.76832889006534,0.8206094879044926,0.6201329534662868,86.78369065849924,20.61310249191728,496.75,486.66117917304746,872.4185546402182,0.4190463827544838,0.3498657460062015,0.849351797581588
68,16,4579.0,281.62236636408613,0.7255147074901572,0.7051456818223274,1.4103129994325587,92.06295703326482,65.27838647896351,0.9280502634779084,0.6826177698270721,92.63398121860668,25.48494732987932,421.08735531775494,38.8333697313824,665.3544514764661,0.37406372833300666,0.29308917885286806,0.9067509957118647
69,2,4390.0,393.3208511739212,0.35659926491360217,0.8571159393896907,1.9412818731065666,127.52355263899382,65.69038448544428,0.68135961508614,0.3963524738172626,85.00182232346242,23.336656596399393,182.94555808656037,576.773576309795,597.6134462713798,0.6456574415530798,0.5861612160119802,0.8972466870997172
69,3,2776.0,275.3208511739212,0.4602047731111202,0.5384625179596483,1.1867330894177925,69.6846146741359,58.719703103857114,0.7960997992543734,0.5875132275132275,93.125,27.199190694276755,176.58177233429396,189.45244956772333,935.0584571898926,0.4283629293616638,0.38136637542865665,0.8832278481845846
69,4,3139.0,224.06601717798213,0.7856863184539131,0.7090636722329062,1.4181491275607285,75.6486841467609,53.343250492195814,0.9364558472553699,0.7028660994178235,80.57789104810449,22.555850513039715,265.68174577891045,55.91207390888818,840.1903915507453,0.3434533264228928,0.2658974180771092,0.8449453889575951
69,5,2679.0,216.2081528017131,0.720175669333172,0.5850892484729671,1.233092895344189,65.97465976358978,53.50339784836284,0.9014131897711979,0.6155790441176471,100.4307577454274,24.35936091503209,267.79357969391566,663.7062336692795,567.5292270048707,0.41370929508098353,0.35482467619283237,0.930411973254311
69,7,3062.0,260.79393923934,0.5657441367763855,0.710864648710228,1.4218100398469085,77.70524256148909,54.65233778336232,0.8510283490828238,0.5897534668721109,85.43109079033312,17.10797691107273,495.25342913128674,483.03265839320704,596.8833328714795,0.4704292251898519,0.38731233492150086,0.8839474177374147
69,16,4706.0,284.5929291125633,0.7301524986221906,0.7114835828328774,1.4230768899726276,93.55384395549719,65.74054052504265,0.9271079590228526,0.6673284174702212,91.80429239269019,24.575939161205273,421.30875478113046,39.01976200594985,628.4607110741861,0.3811933350024388,0.3111378473752442,0.9121731499373276
70,2,3456.0,373.0782104868019,0.3120210025373039,0.8476406801371204,1.8847629219064141,116.77813903675583,61.95906003850936,0.5904664274730907,0.33935585231736054,80.32754629629629,20.04993201008342,184.02546296296296,577.8784722222222,614.3193221220718,0.6792227048661126,0.6426406333552312,0.8698503784790731
70,3,2576.0,287.1137443927346,0.39268811442723806,0.4545947633298672,1.122714517431941,64.52647024062034,57.473622402439396,0.7747368421052632,0.5366666666666666,90.1195652173913,23.651004649464184,174.2476708074534,192.5388198757764,836.3090736607332,0.46969901891209725,0.43172617392685536,0.8882646208704605
70,4,3274.0,248.69343417595164,0.6652117321031047,0.8447939373387496,1.8688383079685862,90.7604448488866,48.565167174651165,0.878690284487386,0.6272030651340996,76.81215638362859,17.521341173285492,259.11789859499083,52.95693341478314,839.0071337877582,0.41783171765622756,0.34410572910400383,0.8431422074436918
70,5,1705.0,187.2670273047588,0.6109583635391967,0.676311845666181,1.3575604898266558,56.3149976283202,41.48249602896954,0.883419689119171,0.6681034482758621,98.2,28.928862085875025,278.2328445747801,659.9976539589443,798.3019445232937,0.3458652090251574,0.2922698830655981,0.9074669218185619
70,7,2612.0,235.58073580374355,0.5914301888638164,0.7582670711809318,1.533873949437721,74.69723639433295,48.698419072646125,0.8692179700499169,0.6254789272030651,86.76263399693721,23.492291533934118,487.39088820826953,471.90543644716695,579.5559226798347,0.4216337870867055,0.3452788003473789,0.9022051971791492
70,16,4177.0,271.86500705120545,0.7101788214076276,0.696813982960412,1.3942103387724214,87.42744089082977,62.707497182819736,0.8963519313304721,0.6535753403223282,87.58822121139573,23.81030763046563,424.6650706248504,41.579841991860185,506.7081656318649,0.40535999653517246,0.3238660914390933,0.9167974945981566
71,2,2865.0,302.79393923934003,0.3926812224124838,0.9110443026150477,2.4253685293742815,105.76435981933776,43.607541921319395,0.762170790103751,0.4658536585365854,84.16998254799302,21.987797809927134,191.0973821989529,581.671902268761,955.5842418883558,0.5528604303054712,0.507799565140928,0.8656870984769179
71,3,2241.0,259.2436867076458,0.4190205694178562,0.6392707817744852,1.3004210494435557,64.80120008346671,49.830937534573785,0.7542914843487042,0.5116438356164383,95.05220883534136,23.140500681343322,172.94199018295404,193.29897367246764,943.7495129859465,0.4886473028168329,0.4558917596905675,0.88229845540303
71,4,3568.0,260.79393923934,0.6592341868119344,0.8354371421351282,1.8195514136204054,93.75453229198281,51.52617924955314,0.8926695021265949,0.671939736346516,78.89321748878923,15.936852649855048,256.4714125560538,52.59080717488789,892.4412169712639,0.38205964216698585,0.29839083347739387,0.8366523256973722
71,5,2850.0,227.48023074035524,0.692097696574022,0.4053148411315166,1.093879877926236,65.23277684148188,59.63431466090169,0.8928571428571429,0.6646455223880597,94.70947368421052,24.023858347451817,276.7480701754386,665.198947368421,560.3443797707572,0.3721119242901846,0.3049784732348852,0.9198641070012948
71,7,2431.0,233.4802307403552,0.5603954431833192,0.8420996819494477,1.8541801773808575,79.56987956268576,42.91377964955006,0.8296928327645051,0.576339497392129,87.87206910736323,22.42621443737464,484.4734677087618,473.4393253805018,596.7061247215122,0.4630722602480923,0.3930485573019008,0.9001350235050183
71,16,4351.0,290.69343417595167,0.6470360855289413,0.69171146996466,1.3847078988465524,89.19368665408237,64.41335875124263,0.8859702708206068,0.6404180158963791,86.92668352102964,21.81512557804855,423.67042059296716,43.213973799126634,477.1415405183986,0.4127817111583164,0.33607519280001397,0.9156945564663793
72,2,2437.0,244.65180361560903,0.5116447823077643,0.8427940618400379,1.8579204910489593,82.21450447685494,44.25081959801069,0.8371693576090691,0.48584529505582136,84.61592121460812,22.099956665920537,192.8822322527698,590.6208453016003,1047.595179446731,0.527668350578487,0.4874116267579071,0.8627931681681948
72,3,2461.0,241.45079348883237,0.530474123352129,0.5650141083808731,1.2120018587811723,63.401176955655,52.31112188178757,0.8568941504178273,0.6239858012170385,94.61600975213328,23.62653114788511,172.46241365298658,194.57740755790329,884.6036782233409,0.3853678809772949,0.3404827092522478,0.8782526206821993
72,4,3553.0,265.4213562373095,0.6337724310394424,0.8704064276446388,2.031141950416083,99.42866298924064,48.95209956589814,0.8695545766030347,0.656140350877193,77.97354348437939,17.55649890605512,257.22572473965664,52.15451730931607,872.6447275102678,0.3895255276891659,0.3153068524939367,0.8381891748641509
72,5,3226.0,244.30865786510142,0.6791981766267847,0.503647541761303,1.1575290180435764,71.17359019379263,61.48752133582644,0.8828680897646415,0.6893162393162393,94.03471791692499,21.76849472407707,277.87042777433356,665.3707377557347,463.16380555131786,0.3597921752776916,0.28103217447851636,0.9184119315133926
72,7,3404.0,272.1076477383247,0.5777206874408054,0.8486711201058443,1.8906418323629488,93.78046340920456,49.602448123131026,0.8450844091360477,0.6048329779673063,88.44623971797886,21.32619168493811,478.87074030552293,476.68537015276144,591.2306992718474,0.4534927813842254,0.3676873416840787,0.8963813068459408
72,16,5119.0,358.19090885901,0.5013786950717893,0.7973103295623755,1.6568098070027073,107.61808761123865,64.95500398197655,0.8638204522443469,0.575945094509451,87.08361008009376,21.43659684034915,419.4440320375073,40.36354756788435,470.23375345616455,0.47339665889771165,0.40224620770606856,0.9218747048204459
73,2,2525.0,246.65180361560905,0.5215580529685621,0.7493289415885668,1.5101224429336482,76.58399612686185,50.713765950054686,0.8111146803726309,0.4870756172839506,84.78455445544554,21.1430094959082,194.0590099009901,594.8019801980198,1113.290160840973,0.527278256561109,0.48897926797846847,0.8515402186585392
73,3,2608.0,270.76450198781714,0.4470272503650859,0.48670849043495246,1.1447352304032914,63.62948290723213,55.58445413164702,0.8091839900713621,0.6096306685366993,95.20053680981596,23.560863938484644,173.06058282208588,193.5314417177914,1006.1630397729961,0.3950578736034693,0.35520398386036045,0.8805194665704634
73,4,4484.0,318.19090885901,0.5565445493222262,0.7745686315861372,1.5810529911921025,101.7083139568104,64.32947821699706,0.8073460568959309,0.5778350515463917,79.17328278322925,16.688949743762443,253.8800178412132,47.665031222123105,668.6044673454612,0.48999885996247444,0.3998808693828299,0.8771963645870559
73,5,3429.0,241.9655121145938,0.7359874524330456,0.55904991306988,1.2060776624190246,74.19019096433865,61.513610007116554,0.9088258680095415,0.6823880597014925,93.66520851560222,20.35991162966525,275.45669291338584,664.6809565470983,433.15558886567555,0.36911668371629525,0.28961607701560876,0.9247504837671295
73,7,3924.0,302.1076477383247,0.5402756865789807,0.7954103258772257,1.6499709024250828,96.15816323350248,58.27870242570447,0.8119180633147114,0.651827242524917,86.77497451580021,18.68356257035717,476.98955147808357,476.12869520897044,606.9714588484718,0.4151267070827477,0.3205810006853229,0.8936216807185058
73,16,5335.0,352.1492782986673,0.5406182251740921,0.7953122832623757,1.6496207396853984,110.26833113673179,66.84465615882183,0.8690340446326763,0.60625,86.89653233364574,21.418290871392582,418.85810684161197,38.9302717900656,454.7890312476781,0.45268721415858154,0.3730939911493061,0.9228490625046419
74,2,2590.0,250.3086578651014,0.5194669060582107,0.6583750030498512,1.3285680622145637,73.11344269087773,55.03176297118447,0.7869948343968398,0.47610294117647056,86.8019305019305,20.8706939271082,194.53436293436295,597.6814671814672,941.9616058528686,0.542139156410305,0.4989587040330259,0.8712476062665735
74,3,2698.0,262.35028842544403,0.4925935459896018,0.57961131364296,1.227154861924955,67.3374989336622,54.87286162728835,0.816338880484115,0.6043906810035843,93.95144551519644,22.755237419291763,172.98035581912526,193.20644922164567,892.3320061867541,0.40683695661757024,0.3623235667560501,0.8765356682931165
74,4,4472.0,317.5634918610405,0.5572505701274166,0.8187220050442435,1.74158347313553,106.07357343508063,60.90639643249875,0.8232695139911634,0.6325318246110325,78.1858228980322,17.34671289851947,254.6046511627907,47.55143112701252,761.4909261115467,0.4415934825375346,0.3433436889480052,0.8539655080535618
74,5,3272.0,232.30865786510142,0.7618901651929162,0.46697873977167115,1.1308781790563245,69.75642689642936,61.68341399481108,0.9271748370643241,0.6599435256151674,92.32762836185819,19.689682912676332,272.4841075794621,663.9969437652812,503.26213945587347,0.38765615624728567,0.31320371767008015,0.91103211567346
74,7,4058.0,303.86500705120545,0.5522815398835608,0.7977856491860252,1.6585365952450999,98.40543947021114,59.33269109185299,0.8191360516754138,0.6539887187751813,87.26022671266634,20.98798736774212,476.06530310497783,478.22991621488416,703.0987890456556,0.3987376598341903,0.31814754509024956,0.9030148997766423
74,16,5258.0,373.01933598375615,0.4748623708368962,0.7770817491580927,1.5888155561159933,108.46298324978194,68.26656677187233,0.8268595691146406,0.5672060409924488,86.74629136553823,21.229781076166574,420.1711677443895,39.76492963103842,429.2511954764385,0.4884821207581212,0.41251508231062256,0.9235227822972778
75,2,2360.0,247.3797256769669,0.4846114374331385,0.6253566957527184,1.2814942742298474,68.91403985534932,53.776315073093315,0.7730101539469374,0.4627450980392157,89.57372881355933,21.290695540644602,194.60762711864407,599.0673728813559,653.8718497733964,0.5551601637257704,0.5113129472004748,0.8854117708730833
75,3,2554.0,256.9360748630709,0.48616152590739975,0.6505297730646556,1.3166890614341031,68.50746660053078,52.03010232796667,0.8089958821666139,0.581511839708561,92.51331245105716,22.58174090865035,174.5912294440094,194.28308535630384,1076.1791693123,0.42529647901305223,0.38571407657596934,0.8647418712197279
75,4,4289.0,313.1787155501902,0.5495173804305391,0.8321750723365071,1.803384284181388,105.3940047272019,58.44234401490501,0.8244905805459438,0.6154398048500502,77.43273490324084,17.703885707236697,254.96339473070645,45.64770342737235,769.4365177508597,0.4488864815532025,0.35974606850523533,0.8626038959849716
75,5,2777.0,221.27922061357853,0.712696256393246,0.5432620470364526,1.191095575835869,66.37857435990075,55.72900756794315,0.9168042258171013,0.6097935880544576,93.91285559956788,22.31629209142489,267.139719121354,662.4684911775297,522.3256803724839,0.4252955704099362,0.36061349500686823,0.9152705473295503
75,7,3817.0,306.5512985522207,0.510417673531088,0.8293112748000373,1.7895909588830705,102.02416073555426,57.00976540428554,0.7853909465020577,0.5764119601328903,85.6845690332722,21.83076248082327,473.1556195965418,478.1818181818182,659.7518491520634,0.469623629553744,0.3974339756149791,0.8951515606611837
75,16,4859.0,309.55739520663053,0.6371979881031599,0.6644067758897967,1.3380232829859549,92.44528976932202,69.09094254549859,0.8737637115626686,0.665798848999726,87.37209302325581,21.10536321444518,425.15661658777526,43.44782877135213,450.9289768786514,0.39703492073491387,0.3090527975579175,0.9143177231786717
76,2,2022.0,226.50966799187805,0.495242067816224,0.7361110348325619,1.4774086459320956,67.81898205709655,45.90401054158555,0.7938751472320377,0.4759887005649718,91.52868447082096,21.546694816552538,192.27695351137487,595.9540059347181,749.3412599415351,0.5317138911903065,0.49485173461621246,0.8620789723103496
76,3,2554.0,280.14927829866735,0.4089326067434242,0.6674345838205831,1.3428795348248224,71.17607693100679,53.002577733297315,0.7483152651626135,0.5007843137254901,92.0724353954581,21.868346729132497,174.2043852779953,193.24667188723572,889.5662091569271,0.5069734963446375,0.47063143920466427,0.8628762318731917
76,4,4009.0,289.01323932934633,0.6031293248548071,0.8003367803054827,1.6679156662784325,96.97953045619101,58.14414506494706,0.8522534013605442,0.541025641025641,77.98353704165628,18.974184674763375,251.8054377650287,40.099276627587926,700.7035302230597,0.5087853666722714,0.4364066829377328,0.8747022263238033
76,5,2596.0,211.9655121145938,0.7260794457954227,0.6928118201110017,1.386734780661104,68.84298366609153,49.643943907768524,0.9134412385643913,0.6325536062378168,96.43721109399075,28.252744152743286,262.9757318952234,653.7349768875192,727.2156231890532,0.39783497795783995,0.33633446969254416,0.9138671303782586
76,7,2660.0,243.7228714274745,0.5627285224865421,0.7426200487769802,1.4931769933029673,78.26301352883918,52.413755288124456,0.8144519289650949,0.5384615384615384,86.00601503759398,22.021775823849087,461.07669172932333,480.7936090225564,529.7501451796497,0.5078464137026079,0.4339585378566114,0.8955807354116927
76,16,4967.0,314.8355697996826,0.629703980827498,0.6403157971438075,1.301893876151848,92.50772157837025,71.05626908070693,0.8624761243271402,0.6656392388099706,87.22589087980673,20.00196562936312,424.89007449164484,43.4459432252869,487.5838842637078,0.40925810675784635,0.31146895394293317,0.9128854555013994
77,2,1504.0,169.88225099390857,0.6548799384509073,0.6135088816668879,1.2663231918077287,51.421760793960146,40.60713815132254,0.8831473869641808,0.632996632996633,101.54521276595744,25.551118526073452,193.0059840425532,584.9315159574468,1099.6223142645022,0.3642532364855537,0.32569379471913446,0.8487431157298815
77,3,2610.0,279.17871555019025,0.4208097190292247,0.7384088531459932,1.4829022240774705,75.74760191290714,51.08064488879605,0.7523782069760738,0.5228365384615384,90.77816091954023,22.480238705360026,175.11379310344827,192.99846743295018,827.2516721044024,0.49020252784634527,0.44823706442881284,0.8624045075540807
77,4,3583.0,267.6639969244288,0.6284587170946571,0.8142114353862974,1.7224497476485805,92.99435075598801,53.98958714641178,0.8673444686516582,0.567469116249604,78.92883058889198,18.424543840786015,251.73737091822494,32.41557354172481,742.58865921219,0.4718207720790072,0.40855620792234426,0.8714316004725924
77,5,2723.0,235.0365799264593,0.6194219448028727,0.7633952002474079,1.5481512850389318,76.0616771895123,49.13064887427946,0.875,0.5744725738396624,96.94013955196475,28.364445545705685,263.0216672787367,651.8721997796548,635.5213741457239,0.448966010339802,0.39733356641153816,0.9251858377982187
77,7,2988.0,260.2081528017131,0.5545601490917174,0.6919754714779051,1.38519309459575,80.02255079219927,57.76996081225251,0.8157248157248157,0.5142857142857142,86.36746987951807,21.548352574744666,456.31793842034807,482.52242302543505,561.9483002681825,0.5251728778541785,0.46170261939718305,0.889704392093751
77,16,5011.0,327.1787155501902,0.5882530404527949,0.6400961151550176,1.301583644818625,93.09908899079177,71.52754981318552,0.8548277038553395,0.6997626029884094,85.9944122929555,19.3838220452845,424.47874675713433,44.628217920574734,410.82737987388543,0.38398199454722554,0.27661959996625757,0.9019054753011704
78,2,1469.0,190.2670273047588,0.5099229915670476,0.4693458997263423,1.132484365704065,50.23010294090088,44.35390409091682,0.778897136797455,0.5656526761648055,100.6004084411164,26.049625883738393,193.00884955752213,582.9346494213751,1033.41485367732,0.43237269991692306,0.39709827445589857,0.8652952871640165
78,3,2600.0,290.24978336205567,0.38782821687553787,0.7518038755408437,1.5165605714065222,76.28557489405918,50.30169999956462,0.7439198855507868,0.5,91.12115384615385,22.50098148746868,175.17653846153846,192.30038461538462,882.489596899307,0.5126489220532761,0.4715010169306936,0.8666060374961138
78,4,3572.0,285.90663761154804,0.5491270506754593,0.825712211358171,1.7727616986189387,95.93012368218031,54.11337787640279,0.799820868786386,0.5271546635182999,79.42357222844345,18.90853015596709,253.90761478163495,28.912933930571107,798.7271054055426,0.5074052932422599,0.4496778351777706,0.8713514141218782
78,5,3005.0,247.72287142747447,0.6153498932058112,0.769337879345974,1.565332030603751,81.15237995354772,51.84355674511249,0.8669936526255049,0.5796682098765432,96.83261231281197,27.350493940691123,262.063227953411,651.3507487520799,524.3390060936104,0.4524318747005689,0.3936234196909896,0.9317107861510427
78,7,3294.0,278.90054095713816,0.5321508321339756,0.6628688034596498,1.3355850102184876,81.75801560626535,61.215134177711825,0.8053789731051345,0.4800349752258817,84.27322404371584,19.934821681438525,454.3163327261688,483.0528233151184,477.1625509935665,0.5621788154743893,0.49822365890963455,0.8956511633408704
78,16,4978.0,323.86500705120545,0.5963987224244833,0.6409203037754484,1.3027492477789153,93.13447629994806,71.49071585244435,0.8575366063738157,0.6924467937126165,85.73141824025713,19.31051328421812,424.1028525512254,44.01265568501406,471.7690178370799,0.3859188820853133,0.28435452418694357,0.9049931868590106
78,24,450.0,113.01219330881977,0.4427634578100861,0.9686252918340631,4.02372806668018,50.68488948253307,12.596499724284595,0.8272058823529411,0.6696428571428571,73.0,13.521012453872594,5.457777777777777,599.0155555555556,2733.7432244174115,0.2870039674372912,0.2344024556972494,0.5922646156699158
79,2,1382.0,201.58073580374355,0.4273855700183067,0.4991443947490321,1.1540430187328372,48.90582765072555,42.3778202864787,0.7498643516006511,0.5640816326530612,97.78364688856729,24.173221816318907,194.52243125904485,582.1584659913169,1123.5412614102015,0.4300101273350553,0.39341168454445175,0.8515177798986107
79,3,2459.0,278.24978336205567,0.3991156182652513,0.7639881158621076,1.5498341870201935,74.1981938204354,47.874923938213946,0.7480985701247338,0.5168137873055906,92.50793005286702,23.491465707949235,177.6787311915413,189.5880439202928,850.4745449450744,0.491185669139662,0.4521150198651531,0.8698378524692261
79,4,3332.0,288.1076477383247,0.5044350826493113,0.8221194923010939,1.7564969208604084,90.38693314283246,51.458634552320774,0.8021184400577757,0.555055805430618,80.32533013205283,19.342240085927823,253.5672268907563,25.51140456182473,896.1750217572697,0.47701189057354826,0.4185548582413313,0.8597287514424962
79,5,3076.0,254.0071426749364,0.5991069212660486,0.7893652642500972,1.628866541961219,83.73687776888106,51.40806543184231,0.8432017543859649,0.5439434129089301,96.6371911573472,26.752253440635904,262.07542262678805,651.5959037711314,447.86448180763654,0.4854575451335198,0.4307909399871977,0.9417020473120383
79,7,3618.0,295.5279579551077,0.5205725702390784,0.6863735885644198,1.3750446152552527,87.13517278895294,63.36897859330757,0.78345604157644,0.46671826625387,81.41735765616363,18.586342444571656,453.00580431177445,482.90685461580983,572.1598174345431,0.5737039521408501,0.5126408838234068,0.8777278443234794
79,16,4870.0,329.3208511739212,0.5642874178966292,0.652263609649631,1.319274779881082,93.1871163993764,70.63510787932759,0.8374892519346517,0.6447769098371507,84.61088295687885,18.652411326591597,423.51252566735116,44.08542094455852,432.6512676633571,0.43178621639299347,0.3330994519199226,0.911965964196405
79,24,534.0,121.35533905932738,0.4556520673683301,0.9658285289105912,3.858294247518676,53.086660166152214,13.759100981034042,0.8929765886287625,0.6980392156862745,74.25280898876404,14.829547813883732,5.537453183520599,597.0205992509364,1901.042578431382,0.2764024580126253,0.2302892669497343,0.648861033312122
80,2,1681.0,222.65180361560905,0.4261133516400004,0.3397453774088444,1.0632444908928163,54.69062242045902,51.43748487662964,0.7347027972027972,0.5093939393939394,94.59071980963712,24.772161257477446,193.44913741820346,584.0505651397978,953.2469908596579,0.49328632073611844,0.45538381258641425,0.8570700009758164
80,3,2319.0,270.21424945612296,0.3991113862789841,0.7965644950274849,1.6541131645197165,74.53483717584166,45.06030105714284,0.7458990028948215,0.5757199602780536,93.98404484691677,26.309502344381734,179.6334626994394,184.33031479085813,1006.9687466898632,0.4337019670673168,0.3887277867608,0.8673386397175915
80,4,2999.0,263.9655121145938,0.5408688279965335,0.8750032809528859,2.065616419689592,93.52700578267792,45.27801236046167,0.8391158365976497,0.6800453514739229,80.4484828276092,20.7252448829306,255.40213404468156,22.520506835611872,1083.828728372617,0.3517931645081009,0.289260827054598,0.8251141181742117
80,5,3202.0,260.45079348883235,0.5931708791368789,0.7475330420255722,1.5055147971363647,82.24619488543964,54.62994787024338,0.8543223052294557,0.5710718744426609,95.83010618363522,26.42536056046821,262.947532792005,650.2357901311681,496.7937775269644,0.4681803886174229,0.40423593103068167,0.9332856143978203
80,7,3878.0,310.8355697996826,0.5043781306400477,0.7540497581448908,1.5224933994100383,96.41407178128239,63.326430064421004,0.7617363975643292,0.48977014397575147,81.16761217122227,19.61360273103721,452.1676121712223,482.59979370809697,562.6428042873818,0.5549864894578151,0.49069934174350793,0.8630814847216319
80,16,5016.0,329.4213562373095,0.5808498614791948,0.5906107904861262,1.2392240749553611,91.19338890574836,73.58910365668396,0.8444444444444444,0.6722058429375503,83.26933811802233,17.990024283602057,422.6708532695375,43.34150717703349,613.4165138025289,0.3988454237571068,0.30466315688862117,0.8995042824239072
80,24,668.0,125.35533905932738,0.5341960282326885,0.9542919310124164,3.3458683091358927,54.90890319730512,16.410957671996943,0.9290681502086231,0.7413984461709212,75.25299401197604,16.914731736522665,6.2140718562874255,597.125748502994,1237.3217211911885,0.26703888771658935,0.2124816278224819,0.6436070879131438
81,2,1912.0,240.65180361560903,0.4148771443065395,0.3798336491637663,1.0810170280448785,58.21163848150615,53.84895609534236,0.7289363324437667,0.5506912442396313,89.32008368200837,20.54424387701706,194.00889121338912,584.5146443514644,979.2409850659487,0.4575383626461692,0.4135738399701028,0.8197307061764353
81,3,2213.0,263.27922061357856,0.4011974007310879,0.8372340798391555,1.8286728403261159,75.7331270004884,41.414257012196096,0.7644214162348877,0.5392300194931774,93.67555354722097,27.025276844901384,180.78535924084952,182.05784003615003,969.3466289369719,0.4706449497992103,0.4261204720711741,0.8738488812618147
81,4,3178.0,287.6223663640862,0.4827457364169633,0.8851687781658059,2.1492893556544552,100.08362532502589,46.56591494380271,0.8250259605399792,0.6896701388888888,81.13121460037759,20.16268231622245,257.167086217747,21.525173064820642,1047.2526934023833,0.3502129462520788,0.28100811164635037,0.8346430402991322
81,5,2804.0,229.03657992645927,0.6717043693540372,0.7444790539802307,1.4978001406748198,75.7786634211908,50.59330772064785,0.9181401440733464,0.6256135653726015,98.40406562054208,27.786859403514327,264.83523537803137,647.5256776034237,558.0273833098968,0.42060319084318337,0.34393633676382923,0.9321500989572324
81,7,4194.0,394.6406563273158,0.3384033398976704,0.7911197350813556,1.6348916872982588,108.64681339336434,66.45505279490942,0.6335347432024169,0.4735772357723577,80.20147830233667,18.28480213814006,452.5762994754411,481.258226037196,656.7236879843446,0.5657573593320556,0.5050062108816482,0.8642704073317095
81,16,4842.0,315.4213562373095,0.6115788522955357,0.6215063317102012,1.2764722157922392,90.60012735472574,70.9769677975286,0.8550238389546176,0.6651098901098901,81.74886410574143,17.523988507882777,422.2228418009087,43.12577447335811,571.9999339606268,0.4011413121916786,0.3124581625861538,0.9029925562627162
81,24,710.0,132.66904755831214,0.5069078188706506,0.9551863003922327,3.37831800553797,57.23549304355501,16.94200870069978,0.8819875776397516,0.6794258373205742,74.85492957746479,17.62776530085657,6.597183098591549,595.9521126760563,1249.7059242522614,0.32439114688213866,0.27401652152356615,0.7100347946699136
82,2,2266.0,260.79393923934,0.4186728327678933,0.47347048166238676,1.1353190318712134,64.38435402780193,56.710362656111506,0.7560894227560894,0.5566199950872022,88.10944395410415,19.74981267185655,193.46160635481024,585.3428949691086,1275.9290499005244,0.4501358025152812,0.40980655514633557,0.8081277326956189
82,3,2185.0,246.79393923933998,0.45080873776537594,0.8386966127340179,1.8362136786929026,74.70020006250124,40.681648834941754,0.7871037463976945,0.5495472837022133,94.98581235697941,27.53200392921632,181.5070938215103,179.25720823798628,954.2643273929473,0.4620571209505588,0.41692192983941123,0.8829027914358251
82,4,3155.0,300.30865786510145,0.4396160315418834,0.8980150767140161,2.2729097116114683,104.2338537138169,45.859214372363354,0.7939104177151485,0.6707057823129252,79.93882725832013,21.49718732688048,257.70966719492867,21.215213946117274,937.1767731755672,0.3735287675118617,0.29850048011520736,0.8416620395268108
82,5,2189.0,196.99494936611663,0.7088354712494384,0.4353951295584356,1.110815562985349,56.93678261463644,51.25673830281707,0.902308326463314,0.6434450323339213,103.03974417542257,32.66056406538807,265.02649611694835,640.9995431703975,803.7586057331621,0.40676755746418997,0.3216423695665708,0.9185681178328938
82,7,4059.0,345.8061325481598,0.4265437018200482,0.7223575251129839,1.4460902336424413,99.02121968856297,68.4751320387154,0.6837938005390836,0.44331585845347315,79.47080561714708,18.009888133339988,448.82089184528206,481.8758314855876,642.1123129842673,0.5933910495255599,0.5383733146271222,0.8648364154751966
82,16,4706.0,327.90663761154804,0.549998330277591,0.6285332272619835,1.2857060918510026,90.67746048662043,70.52736318303828,0.8311550688802544,0.6306620209059234,79.90267743306417,18.741998866666677,420.5148746281343,42.62558436039099,723.306549962876,0.42954990177788244,0.3458963187655709,0.8911674583709421
82,24,821.0,135.25483399593907,0.56395886748545,0.9436259938169229,3.021024179682493,58.166140993331,19.253782006949777,0.915273132664437,0.6981292517006803,76.25334957369063,18.537097915628106,7.377588306942752,595.9585870889159,1330.2990990259539,0.3156301975303335,0.2653253014910279,0.7312679063317736
83,2,2497.0,260.5929291125633,0.46206508315871453,0.5929175855469354,1.2418300813632221,69.59676133483056,56.043707089484045,0.8005771080474511,0.5685336976320583,85.19423307969564,19.503394002985786,192.71565879054864,586.4181017220665,1136.953083310866,0.4487846105608696,0.3992683101848132,0.8314214690540211
83,3,2284.0,242.69343417595167,0.48729270451424656,0.8479833490139025,1.8867110493008339,77.58788383546606,41.1233526534008,0.8002803083391731,0.5489065128574862,96.1930823117338,28.131601001590084,181.6685639229422,176.88266199649738,963.3079123023965,0.46009872693269066,0.4189649112501878,0.8918942040897535
83,4,3333.0,313.0365799264593,0.4274201551213469,0.9008112435232292,2.3030283340800555,109.29245801277108,47.45597628803292,0.779466791393826,0.6676682692307693,79.88358835883588,20.152738349198742,257.3897389738974,20.801980198019802,1024.493904148715,0.3834964905870425,0.30278699720913643,0.8397329886079294
83,5,1755.0,185.71677477306463,0.639417795624505,0.45414630640506437,1.1224262658957314,51.202664037163174,45.61784198474885,0.8688118811881188,0.6367924528301887,107.94074074074074,35.93880393031092,263.7071225071225,639.3965811965812,1079.6620584226412,0.41112845019876576,0.32518272029528283,0.9074479083828678
83,7,4036.0,335.66399692442883,0.45014403372285283,0.6970517098579042,1.3946595638709336,97.42457269859696,69.85545090888786,0.705717782829166,0.4420591456736035,78.82755203171457,17.496325369647003,444.845639246779,480.08548067393457,616.184127610767,0.5976133494373022,0.5399229232158222,0.860252075327729
83,16,4891.0,352.63455967290594,0.4942626363936546,0.6089262924216919,1.2606734779363273,91.854661079877,72.86157969329176,0.808296149396794,0.6328933747412008,78.46064199550194,18.107355933568957,420.46616233899,43.02351257411572,745.691196394329,0.42607006593570895,0.3437450263098978,0.8846788770701711
84,2,2584.0,258.492424049175,0.4859669505100632,0.5834370297811711,1.2312869337856642,69.54743300914863,56.48353044348563,0.8290022457491177,0.5618612741900413,84.76702786377709,19.034754660211824,190.71671826625388,587.5096749226007,1254.3499166777356,0.4554777688908845,0.40751873624269364,0.8325887792562441
84,3,2220.0,238.8355697996826,0.48906301952007447,0.8103966344704729,1.7068293893302802,73.2516954786095,42.916823401635796,0.8020231213872833,0.5068493150684932,98.1891891891892,28.259659438762494,181.3418918918919,175.47837837837838,941.0838830682436,0.4992469125506021,0.4635276717749179,0.8977547245672428
84,4,3171.0,325.5218613006979,0.376050166967149,0.8820077194716471,2.122083664290667,105.29895251820554,49.62054714906966,0.7153169411233927,0.6536796536796536,78.37653736991486,20.150743909213595,259.71807000946075,20.3762220119836,895.7731100222111,0.39964400344013595,0.31939653629162573,0.8498006097407755
84,5,2304.0,213.82337649086284,0.6332598771368743,0.48445611599780186,1.1430980891551858,60.422126466367494,52.85821666539821,0.8632446609216935,0.6095238095238096,102.94444444444444,31.425817141717914,264.9973958333333,640.3098958333334,728.3043104589152,0.42045891298107474,0.3563580236616049,0.927035902515875
84,7,4151.0,343.22034611053283,0.4428091104287736,0.7137283573165871,1.427709480493873,100.56491398870094,70.4379394846587,0.6921794230448558,0.41609863672814756,78.33389544688028,17.714709767904058,442.7745121657432,479.6463502770417,600.0008949099492,0.6265197617285143,0.5662759330644888,0.8713060971036751
84,16,4919.0,358.048773235279,0.4821723546186801,0.5961982542638525,1.2455824720348625,91.83866463834083,73.7315004829085,0.808913007728992,0.6506613756613756,76.99288473266924,18.102836680094104,420.5582435454361,43.22524903435658,772.2966249427949,0.41429824219629174,0.3257651812675799,0.8742248452053168
84,24,806.0,137.25483399593904,0.537637568245797,0.9435220589204308,3.018323846355964,58.45445804932847,19.366529578958467,0.901565995525727,0.6733500417710944,77.58436724565757,17.48766892841908,8.14516129032258,595.7394540942928,967.025691460783,0.34312516269767157,0.29444866554907584,0.775267448160868
85,2,1941.0,199.3380951166243,0.6138394439635769,0.8318236286353233,1.8016718075751645,69.58107520173353,38.620283066637626,0.8810712664548344,0.5776785714285714,93.9227202472952,19.698793274839204,178.99124162802678,586.8469860896445,830.8485339760899,0.43579683064412106,0.3889468269124239,0.8505265896382634
85,3,2162.0,251.4863273947651,0.42957282148671183,0.6680430159009759,1.3438644696160595,64.40388616678558,47.92439090616459,0.7540983606557377,0.490249433106576,99.87604070305272,30.287939632660436,181.14523589269194,172.3159111933395,841.5706486491255,0.5151640876967318,0.4796689398397719,0.9073939801185149
85,4,3076.0,316.2436867076458,0.38650264166854376,0.8650785264410722,1.9934754939620567,98.08385476248557,49.202438183748484,0.7145180023228803,0.622672064777328,79.01592977893368,21.433753592317593,264.6989596879064,20.120936280884266,794.5133840335286,0.42795283036189513,0.35228745586725846,0.8637234090179651
85,5,2311.0,226.20815280171308,0.5675358534611408,0.5395246993580591,1.1876910929241002,64.61493636832049,54.403823311698204,0.8083245890171389,0.5654514313677514,101.45997403721333,31.81721138856365,266.97966248377327,643.8576373864128,660.5934363824288,0.4530424010514177,0.4037634667269685,0.9305882283511121
85,7,4099.0,337.1553749530772,0.4531349988120862,0.774340202723756,1.5803542792730052,103.73059492962729,65.63755753383694,0.6990109140518418,0.42170781893004117,77.33203220297634,19.299333796518688,440.9363259331544,477.59697487192,595.6243668300702,0.6237752653491431,0.5604728093751347,0.8691403191731266
85,16,4953.0,357.94826817189073,0.4857777968626726,0.5519071927028264,1.1991765869319546,90.3065788268151,75.30715643628506,0.8081253059226627,0.6325670498084291,76.49909145972138,17.186182794481734,420.707248132445,43.008075913587724,704.9731775362011,0.4292785457780631,0.34470035398376553,0.8836259915758187
85,24,839.0,148.3259018078045,0.4792231945483578,0.9390570264341708,2.9089944242609014,59.631121062191745,20.498877744443405,0.8561224489795919,0.6182756079587325,78.09654350417163,15.514658376020629,8.128724672228843,596.0286054827175,1465.9648721479048,0.3659125485019127,0.3238542188688121,0.7030018262436742
86,2,2060.0,205.48023074035524,0.613108016888382,0.8928075884090794,2.22006016853732,78.35592663512121,35.29450586321081,0.9058927000879508,0.5619203491543917,95.74223300970874,21.25805530621315,176.4878640776699,589.795145631068,920.0460930142964,0.45121859778000445,0.4062237040837563,0.8646777554277489
86,3,1960.0,224.96551211459382,0.4866694067105314,0.6021783927064468,1.2525653135744053,58.7277718329682,46.88599564151961,0.7704402515723271,0.4789833822091887,100.7984693877551,34.12512536725243,179.7984693877551,168.4719387755102,870.8175246135887,0.5302348544097581,0.49149361591970453,0.9123727983920055
86,4,2645.0,278.237590053236,0.4293425528943722,0.8793397489509391,2.0999803840859084,92.05463364242893,43.835949297449744,0.7406888826659199,0.5699202758026287,78.23553875236296,21.858630331835705,270.97202268431,18.74820415879017,965.6322856424863,0.46466572666543643,0.40885262834948133,0.8677531288596388
86,5,1878.0,206.89444430272832,0.5513251373835827,0.8147576234741877,1.724727600047946,70.64026714088831,40.957347200175015,0.8080895008605852,0.5961904761904762,100.65335463258786,35.76481673390045,268.4206602768903,650.9494142705005,894.1328490652218,0.4274646752071627,0.36827257019735116,0.9169534673379586
86,7,3878.0,368.81222920256954,0.3582671942252883,0.8690634068033467,2.0214242161314395,113.6583635327576,56.22687342208389,0.6723300970873787,0.40803872053872053,77.85172769468798,18.471614783604732,437.9958741619391,471.63795771015987,614.055513676145,0.6295245128582589,0.5724818513033227,0.8542252185296041
86,16,5131.0,357.8061325481597,0.5036354817189881,0.527030864988251,1.1766835771825366,90.79431495795988,77.16119840421223,0.809561375828337,0.6553001277139208,77.02026895342038,16.899648161330973,421.05593451568893,42.95458974858702,659.3863231806292,0.41423713437502463,0.32242335654458354,0.8762620056649463
86,24,878.0,150.5685424949238,0.48667146951109497,0.9354621331414676,2.8294391419345692,59.96947527401797,21.194827761170753,0.8641732283464567,0.6200564971751412,78.21640091116173,16.030398366372577,8.596810933940775,595.9305239179954,1392.3022299760885,0.36140034264145404,0.32061655872662836,0.6990143260221265
87,2,2376.0,239.52186130069785,0.5204343873937166,0.9038636772671398,2.3374284341392935,87.86655751999977,37.59112203679284,0.8106448311156602,0.47368421052631576,89.96885521885523,17.189840385942794,175.49031986531986,591.888468013468,1050.542929835132,0.5406166490160141,0.501508427479448,0.8567442466183367
87,3,1960.0,203.03657992645927,0.5974717242143398,0.6452248742158793,1.3089130122053116,59.84579161198673,45.72174854550191,0.8789237668161435,0.5569764137539074,98.89795918367346,35.560121494913766,179.66683673469387,165.61020408163265,1007.2257932150253,0.4630049355995496,0.4090249539208656,0.8988300678865025
87,4,2659.0,260.651803615609,0.4918206194738949,0.8969487335302709,2.2617548813740336,95.88202832388971,42.39275843438907,0.8106707317073171,0.5165112665112666,76.53065062053403,20.62502352306477,273.7856336968785,18.985708913125237,682.2952811563832,0.5244210153581244,0.46488298746803813,0.885491999469403
87,5,2106.0,214.40916292848976,0.5756805389732468,0.8521403874628312,1.9109013493638012,77.8233904586347,40.72601156754876,0.8390438247011952,0.6597744360902256,98.43732193732194,34.134295877185004,271.40978157644827,654.1923076923077,898.7768429712578,0.3646422501849437,0.3049554743271081,0.9062237208655404
87,7,3783.0,381.3624817342638,0.3268663963826924,0.8626318429364801,1.9769398351676009,112.2697974039631,56.78968849066926,0.621080282383845,0.37425801345468934,78.22178165477135,19.774000164986518,437.71609833465504,468.8384879725086,616.2971286169987,0.6539024378740401,0.6066977940048208,0.8521519985852353
87,16,5131.0,348.87720036002526,0.5297447989616625,0.49134238694797766,1.1481497742258502,89.56748841018603,78.01028264851394,0.8200415534601246,0.6264957264957265,77.03040343013058,16.168073432894094,420.8682518027675,42.86026115766907,618.8424673142052,0.4420809810537521,0.35188054172091227,0.8840201516913793
87,24,894.0,155.05382386916236,0.467285624483216,0.934620716084097,2.8117843104206317,60.432491944276315,21.492577407274833,0.8671193016488846,0.6478260869565218,76.3255033557047,17.581267948827456,8.416107382550335,595.496644295302,1497.2097086375845,0.34840666529957304,0.2984073148143051,0.7202110334175456
88,2,2071.0,220.5512985522207,0.5350208717214774,0.9446017830466892,3.0467496282159354,90.85320764543236,29.819715674711563,0.9220837043633126,0.5288559754851889,94.07629164654756,23.553753576493396,172.91501690004827,594.8140994688556,947.7571611363952,0.4868825204667364,0.4407743574658659,0.8702049698985064
88,3,2121.0,237.9655121145938,0.47067647496858606,0.6105761511976736,1.2626939385045843,61.946397921791515,49.058917630629466,0.7539992890152861,0.4526248399487836,98.1060820367751,35.26926885510467,179.66713814238565,166.53936822253655,823.2323819841754,0.557199754385979,0.5207707291117349,0.912731809103819
88,4,2596.0,257.6812408671319,0.49130246805545397,0.8875092958676221,2.1701868759573233,94.34043737064216,43.47111228798038,0.7982779827798278,0.529795918367347,75.68335901386749,22.22044028657048,275.49345146379045,18.703775038520803,592.3818017621627,0.5182713754070107,0.4529551210357734,0.8831800230679334
88,5,2225.0,220.79393923933998,0.5735424716128735,0.8407767185789,1.8471244564711775,77.84664443687588,42.1447749035803,0.8644133644133644,0.594284188034188,100.5029213483146,33.41609805831992,275.2638202247191,655.9096629213483,828.1224738249441,0.4308707128686572,0.3724225965046499,0.9155001787977166
88,7,3745.0,384.43354954612926,0.31843377319473365,0.8265701308271527,1.7767236201787615,106.28639736642698,59.82157053539547,0.6017997750281214,0.35293563283385165,78.12336448598131,19.53541172444676,435.31481975967955,466.84058744993325,564.086431555967,0.675426766780483,0.6295716238942181,0.863591833645349
88,16,5170.0,345.3208511739212,0.5448222076561328,0.49690186846459555,1.1523303025226166,90.15638311674182,78.23831666960119,0.8189450340567084,0.6243961352657005,77.11141199226306,15.66818547601242,420.7928433268859,42.984139264990326,604.2483215110428,0.44747764812513174,0.35590121334143865,0.8910494477520968
88,24,1047.0,155.7401153701776,0.5424448140304223,0.9327638936091407,2.774018290105047,63.65784485512743,22.947882168692125,0.914410480349345,0.6924603174603174,78.07258834765999,17.437690498987237,8.650429799426934,596.3915950334289,1622.5066647743868,0.3286784211944976,0.2728127748481081,0.73434065820519
89,2,2283.0,236.89444430272832,0.5112178672379352,0.9504191371741125,3.2157256154673743,98.67351605067576,30.684681421842804,0.9038004750593824,0.5340350877192982,93.60490582566798,22.994711013269388,171.21112571178273,595.6027157249233,903.6655027316766,0.48630507503495096,0.4348308519760691,0.8661584037576595
89,3,2223.0,256.1787155501902,0.4256603904638556,0.4955066191669886,1.1512724019411433,61.23495220919054,53.18893435293263,0.7288524590163934,0.4409839317595715,97.2361673414305,32.4848905127679,178.90013495276654,167.5042735042735,800.6059672320409,0.5624414995278338,0.5327801595088167,0.9118897875672289
89,4,2702.0,270.8589103967956,0.46281662880556873,0.8517004741813928,1.9082916496871127,91.78257387090706,48.096722472141984,0.776213731686297,0.48737373737373735,76.2720207253886,20.685862545229604,278.7564766839378,19.786454478164323,597.6248762974186,0.5531436498883877,0.495329576216269,0.9011122422038994
89,5,1770.0,194.40916292848974,0.5885043397187261,0.8535400748881546,1.9192856049583673,69.49977290302175,36.21127190422987,0.899390243902439,0.6294452347083926,104.83954802259888,35.30412206561672,277.96836158192093,656.374011299435,884.1729862181472,0.387196436509099,0.33018877009522357,0.9191455595242128
89,7,4124.0,404.4335495461293,0.3168357437582961,0.7778343536140157,1.59116750407598,104.92854454447095,65.9443737228689,0.6028358427130537,0.3691371285356248,79.2766731328807,19.022851870754018,432.73181377303587,464.33098933074683,533.1331528123033,0.6633513095473996,0.6127003919526116,0.8721169402274872
89,16,5280.0,356.53405460951757,0.5219654418636112,0.4584251235296884,1.125197288155061,89.95186247994637,79.94319167568977,0.822429906542056,0.6308243727598566,76.88125,15.226587490942222,421.4956439393939,43.258901515151514,663.5437066197999,0.4383890301095451,0.34889383455460043,0.891631295797589
89,24,1091.0,160.1543289325507,0.5345117425407663,0.931815829428029,2.7553410268088814,64.9148971744041,23.559659781782354,0.9106844741235393,0.6612121212121213,78.51970669110908,16.548468553404195,8.83776351970669,595.0302474793767,1444.9784057886486,0.3580232461926155,0.30606890215440186,0.7572413224472343
90,2,2454.0,253.03657992645927,0.4816347396851566,0.9517793056638328,3.25962706960574,103.78155166980646,31.83847398909934,0.8761156729739379,0.51125,90.66177669111654,21.3242257962235,171.71556642216788,597.9282803585982,1242.50945008591,0.5069423688748873,0.45958436116805856,0.8570732654579551
90,3,2368.0,254.69343417595164,0.4587288597251319,0.5378289582968487,1.1861636678461147,63.5650751826188,53.58878956227255,0.763624637213802,0.48366013071895425,96.58445945945945,30.95998608238268,179.07728040540542,167.7153716216216,807.3122231892004,0.5217463123089883,0.4888072351043058,0.9030682566416914
90,4,2730.0,273.6812408671319,0.45801789930275527,0.8034765338668772,1.6797225185116904,87.00315224757601,51.796145666169146,0.7820108851331996,0.5158730158730159,75.94102564102565,20.705394752137263,283.34835164835164,19.782783882783882,741.4022279393103,0.5270564274960887,0.4657765997533114,0.8939320776827068
90,5,1552.0,160.1959594928933,0.7599735281916258,0.8094270566878585,1.702938010154468,59.28435753402194,34.812986251122815,0.9394673123486683,0.6718614718614718,109.35244845360825,37.46968027460821,287.47744845360825,654.1436855670103,1075.0242067402708,0.3696495760803438,0.2922239424297818,0.9141057190056897
90,7,4076.0,401.74725804511405,0.31734977639791506,0.7293096268251515,1.4615955598952142,98.84040438458399,67.62500317917642,0.5961679099020039,0.3483760683760684,77.8103532875368,20.57645931380937,434.2804219823356,461.39303238469085,452.97258644344004,0.6847661422051523,0.635075495918232,0.8822518541826385
90,16,5423.0,365.3624817342638,0.5105068470432186,0.4298637667630475,1.1075500177243747,90.4936442892932,81.70614675734987,0.8206719128329297,0.627299016772701,77.28747925502489,15.288622942841103,422.02212797344646,43.48534021759174,647.0821829737962,0.44527690986351004,0.3516054484958011,0.8922268032511271
90,24,1056.0,159.39696961967002,0.5222923456255283,0.9288968720312416,2.700232388972578,63.00771405367896,23.334182017442217,0.8949152542372881,0.6346153846153846,76.8465909090909,17.90540029125907,9.627840909090908,594.5246212121212,1578.0669377671072,0.36417604123994174,0.3156276016561377,0.7374146648034909
91,2,2345.0,254.79393923934,0.45391498949105574,0.9612464625918828,3.6272562518552145,106.82761496272518,29.451355941033004,0.838398283875581,0.49978687127024723,90.10618336886994,22.102866318779142,173.6537313432836,595.8805970149253,1007.4818444099665,0.5219134915383423,0.47122456874626595,0.8420404261539404
91,3,2331.0,259.5218613006978,0.4349148561775358,0.5276629103525412,1.177226983241116,62.42694870475997,53.028812279588976,0.7630114566284779,0.5123076923076924,94.60617760617761,28.92697407001031,178.57614757614758,168.88331188331188,872.8285281917016,0.4928362254199612,0.45692756195104584,0.8914029650486646
91,4,2447.0,228.8528137423857,0.5871260102799682,0.6467812505213753,1.3111735171248906,70.1835960196524,53.5273135881735,0.8570928196147111,0.5854066985645933,76.79485083776052,20.52696667555358,288.985696771557,21.007355946056396,1004.3832749276378,0.45890047702798686,0.3946690932997073,0.8880992650351767
91,5,1761.0,173.4386001800126,0.7356609448628222,0.803481359083563,1.6797408928234883,62.356457108019,37.12266420043129,0.9263545502367175,0.6534322820037106,106.47189097103919,37.65738774969944,294.0823395797842,653.8915388983532,1008.8777981773205,0.38673378369957834,0.3110264190409454,0.9163808359630683
91,7,4226.0,418.91883092036784,0.30260743266417306,0.6921281357432935,1.385473986379155,97.2229121945075,70.17303330868967,0.589153771086017,0.3599965925547321,77.62612399432088,20.248639480982806,432.35612872692855,458.2659725508755,473.53168617590404,0.6757507443153485,0.6223340664658665,0.8822423642509176
91,16,5487.0,351.32085117392126,0.5586463578087629,0.44535644366161425,1.1168774758742892,90.78376848465399,81.28355208666792,0.8361779945138678,0.648581560283688,77.54528886458903,15.316445179344527,422.2119555312557,43.567887734645524,664.3793747077738,0.4305493748616995,0.33204033285123813,0.8987810682567279
91,24,1193.0,165.0538238691624,0.5502995113524772,0.9269935360780086,2.6661170617432193,66.77042428651968,25.044070736662395,0.90584662110858,0.6594803758982863,76.76026823134954,17.677691737761684,9.54233025984912,595.1039396479464,1494.0303753506646,0.352231847604306,0.3081923468699045,0.7699815776761114
92,2,2348.0,263.27922061357856,0.4256717112140056,0.9634396464673249,3.7323815039938166,109.69690860578578,29.390593777298793,0.8152777777777778,0.46075353218210363,89.1550255536627,22.06378752750697,173.9706132879046,595.8040885860306,1178.701477525539,0.5520084597406126,0.511715469423094,0.8294782183333571
92,3,2353.0,250.52186130069785,0.47112975289053743,0.5875391595619799,1.235794947920681,63.67701725647543,51.52717072004289,0.793056959892147,0.5421658986175115,94.1483212919677,26.133148522672812,177.72248193795156,170.26646833829153,894.4019655598639,0.46275808644001004,0.4260610204996122,0.8794181464673168
92,4,2338.0,207.78174593052023,0.6805179553036665,0.6118233211158455,1.2642313697104872,65.77042717263963,52.02404302600184,0.9009633911368016,0.6440771349862259,77.52053036783576,19.62564001933866,292.4349871685201,21.55688622754491,673.9011933436934,0.40809841077110676,0.33505152196489174,0.8908246479260815
92,5,1929.0,184.61017305526642,0.7112640082297903,0.7718476330765112,1.5728029834357373,63.68066120775128,40.488644718007166,0.9291907514450867,0.6906552094522019,103.83359253499222,36.725309506147234,295.9554173146708,654.514256091239,1025.2783453372028,0.3545256359490711,0.27544244577345384,0.9093541553888649
92,7,4217.0,402.6761902332486,0.3268146851321163,0.6773913660655485,1.3593922989223084,96.90963794449449,71.28894140515727,0.6077244559734832,0.3757127583749109,78.56414512686744,21.87773438307966,431.3768081574579,456.63125444628884,508.6670107212508,0.662526615754912,0.6063223368903552,0.8888604785213261
92,16,5447.0,349.2203461105329,0.5612652605386875,0.4534328613487057,1.1219687323836816,90.57601861536813,80.7295390691812,0.8387742531567601,0.6436251920122887,77.52818064989903,15.060927752071558,422.49752157150726,43.82908022764825,688.6230073320023,0.43014451840504914,0.33589400783168266,0.8948104503710552
92,24,1202.0,173.05382386916236,0.5043731179487734,0.9297136707663615,2.7153019529683102,67.1510852764151,24.73061428877439,0.9044394281414597,0.6798642533936652,75.76705490848586,17.67065061027266,9.810316139767055,594.8336106489185,1684.2500359627384,0.3330444789256314,0.28235087757645994,0.7427848632346583
93,2,2212.0,260.5512985522207,0.40945719099367844,0.963335692692732,3.72718523350937,107.22904186938668,28.76944266288157,0.793115812119039,0.4608333333333333,85.85759493670886,22.361874021807914,174.6383363471971,591.7680831826401,1272.5532206371536,0.5496772374506128,0.511078777024639,0.8154161733375458
93,3,2281.0,251.52186130069785,0.4530891609431154,0.6007390215319663,1.2508674763936474,62.29945776396424,49.80500248002182,0.8071479122434536,0.5590686274509804,95.6041209995616,27.254282822383615,175.59403770276194,171.19815870232355,948.837959256522,0.44303131540215135,0.40673391789019053,0.8835189497458665
93,4,2261.0,206.50966799187808,0.666238382975757,0.6129090315300545,1.2655769133766368,64.92648846399112,51.30189068538179,0.8891073535194652,0.608286252354049,78.71207430340557,20.494738436239878,294.3967271118974,22.097302078726226,704.2173730983295,0.444871036434573,0.37010202584976365,0.8967511797335316
93,5,2101.0,193.1959594928933,0.707358925375802,0.7507639473768379,1.5138427679233895,65.05784717532488,42.97530004689182,0.9284136102518781,0.6834743005855562,103.1218467396478,34.79330965271273,296.7301285102332,655.1323179438363,1042.7852098473995,0.3547903182354602,0.2797007088861122,0.9001879566761688
93,7,4276.0,361.77669529663694,0.410550311447637,0.34065706047992994,1.0636174898916713,80.85792342040352,76.02161885156556,0.6739164696611505,0.44564877540385617,80.5699251637044,21.07492587307656,428.7551449953227,453.30308699719365,493.649807623646,0.6051949502127462,0.5349093041360524,0.8978595515727701
93,16,5407.0,347.1198410471445,0.5639068330310708,0.5049571520890361,1.1585546833709846,91.9034062520322,79.32591147499899,0.8341561246528849,0.6319541841982235,77.67985944146477,14.679832186836897,422.16053264287035,43.891067135195115,667.1620813053008,0.44480413702583704,0.34832079823067413,0.9015125944848648
93,24,1163.0,172.36753236814712,0.49190207008833464,0.9292894252911578,2.7074417680203005,65.6264359800601,24.239278848108555,0.914308176100629,0.6676234213547646,75.06620808254515,17.25724397046851,10.021496130696475,594.7480653482373,1252.41777789378,0.34989676221458066,0.28924236817656174,0.7333784212933825
94,2,2082.0,247.9655121145938,0.42550828977032595,0.951083921835557,3.2369516304211654,98.2275521003464,30.345696604544518,0.7513533020570191,0.48149861239592967,86.21277617675312,22.742668748898875,177.5878962536023,584.8712776176753,1247.005202755582,0.5335085350550057,0.489186543084626,0.8148577086963484
94,3,2162.0,254.45079348883237,0.41962169584231784,0.6186865141460326,1.2728509269761068,61.73516166078747,48.50148619324243,0.7726947819871337,0.5469263850240323,96.64338575393154,30.029048921019175,174.1059204440333,171.1290471785384,891.9533560612267,0.45957425758774495,0.4181221088752278,0.9009433705792306
94,4,2154.0,212.2670273047588,0.6007454459465612,0.6578617781154764,1.3277767005048529,65.48992661918446,49.32299730390178,0.828780300115429,0.6187877046825625,76.87000928505107,19.009839638039576,295.1053853296193,22.9066852367688,753.8680495374941,0.42981915213034466,0.35885766653976725,0.8863907241933792
94,5,2057.0,180.61017305526644,0.7924278641009744,0.620773747087343,1.2755268524628787,58.604745960299766,45.94552113672991,0.9483633010603965,0.748,104.54350996596986,33.01578382315774,299.38259601361204,656.6762275157997,915.2118736686793,0.29551575186493473,0.21327587273318,0.9086981039800702
94,7,3875.0,314.97770542341357,0.4908196496339652,0.6251496172571334,1.281221877170191,85.45656560939673,66.69927132226537,0.78330301192642,0.49187611068799186,79.87612903225806,20.242354459100522,430.0689032258065,450.0846451612903,549.0423218242128,0.5569616268017179,0.4857797981868449,0.8889865388230437
94,16,5192.0,348.97770542341357,0.5357339664609077,0.5497450626129244,1.197128106374514,92.05798815073972,76.89902831664028,0.8122653316645807,0.6134215500945179,77.94915254237289,14.693914656798974,421.64348998459167,43.89098613251156,690.6261557362778,0.45549137356762676,0.3654529779993957,0.8951057717395865
94,24,1101.0,167.63961030678928,0.49231594042450755,0.9194350183177603,2.5429635590703206,62.586024297404656,24.611451498850975,0.8907766990291263,0.6616586538461539,72.22161671207992,15.69422640740929,10.795640326975477,594.724795640327,1404.2299807310872,0.350264003158297,0.30194691955500985,0.79203852003517
95,2,2240.0,265.72287142747456,0.39865756403474045,0.9527256472918735,3.291293327089274,104.54468283504181,31.764012637396302,0.7039597737272156,0.45714285714285713,84.66696428571429,22.13926653995782,179.23794642857143,583.3308035714285,1262.3721838065858,0.5540880822067156,0.514165561809869,0.7955685297546675
95,3,1638.0,203.13708498984758,0.4988216899220795,0.6253704276134977,1.2815123468516914,53.99107544319505,42.13074932585367,0.769375293565054,0.49636363636363634,106.21428571428571,28.7298667171258,174.96520146520146,172.53540903540903,938.067299406531,0.5003344199549539,0.4703671808237996,0.8962285518239295
95,4,2303.0,213.43860018001263,0.6352693086627748,0.6530141561542733,1.3204009711468931,66.85829268153431,50.6348405844185,0.8590078328981723,0.639899972214504,77.50976986539297,18.049258722063673,297.7837603126357,23.801563178462875,884.2564412049368,0.4185117984026061,0.3365168858959281,0.8890237829247853
95,5,2630.0,223.48023074035524,0.6617400049106807,0.7474455515147912,1.5052916843471464,73.53829664336216,48.85318733110263,0.8948621980265397,0.6532538499751614,100.33878326996198,29.547159855962274,298.01901140684413,654.8653992395438,756.9541212726554,0.376077767122567,0.31414558607817755,0.9131169746939087
95,7,2625.0,273.1370849898476,0.44215835052756214,0.9123720173219054,2.442825264690321,98.06008536691331,40.14207924910441,0.8126934984520123,0.5333197887037789,78.66933333333333,22.093713661697514,442.6441904761905,450.8152380952381,973.840987774042,0.4835213249342971,0.4351709605731184,0.8296857042029846
95,16,5191.0,346.6345596729059,0.5428966639805552,0.5997795141502973,1.2497417456759066,93.72300292778769,74.99389634063861,0.8259347653142403,0.6411808300395256,78.22577538046619,14.8501757353525,421.3251781930264,44.76170294740898,628.2341985070179,0.43608000203599745,0.3378758713189127,0.8888616307155518
95,24,1318.0,172.12489168102786,0.5590336038247025,0.917946224777855,2.5207658300429463,66.97218801082174,26.568190988879255,0.9275158339197748,0.6821946169772257,75.43019726858877,18.620951009583198,11.063732928679817,593.7397572078908,1423.6738509514196,0.33700385987242326,0.28102479546880554,0.7638775621418507
95,30,531.0,127.05382386916237,0.41336043397640243,0.8044710259494109,1.6835246617883213,40.08687533884899,23.81127894869492,0.6977660972404731,0.4125874125874126,64.71563088512241,12.94098296284116,503.97928436911485,451.02448210922785,2577.4695455311894,0.5804677408225382,0.5437550517051312,0.7234274435626837
96,2,2233.0,283.5218613006979,0.34908041567189857,0.947921558232531,3.139679210605057,105.85197688241354,33.71426498760505,0.6521612149532711,0.4210030165912519,82.3743842364532,20.930707067209404,179.46484549932825,583.5060456784595,1126.9933622545323,0.5871243971293468,0.5509836073156072,0.8211755816877807
96,3,2259.0,245.52186130069782,0.4709185079080448,0.5006423980173315,1.1551956925942564,60.132973860528416,52.054361218648644,0.786833855799373,0.5527281624663567,97.73970783532536,31.80922651742165,168.5799026117751,171.47853032315183,966.8326617348059,0.45446349540159475,0.41452044828747636,0.9020477113106641
96,4,2160.0,209.58073580374355,0.6179607529268948,0.6627934143931609,1.335465977104564,64.79930316023037,48.52186747634135,0.8709677419354839,0.6,77.52731481481482,18.498278053319684,299.24861111111113,23.442592592592593,660.4792336972052,0.4504671239426171,0.3723912100526181,0.8909802197842611
96,5,2707.0,222.16652224137047,0.6891930454307615,0.6460331928768428,1.3100848862790733,69.48024669891498,53.03491966559055,0.8945803040317251,0.6933913934426229,98.78647949759882,27.476991651992567,298.3779091244921,654.8348725526413,835.2988639721218,0.34171879698914365,0.2727930120497811,0.9017441006334851
96,7,2699.0,280.69343417595167,0.4304753032255699,0.9305203916440685,2.7304493355578403,104.5406061299631,38.28696059969378,0.8144236572118286,0.5158639143730887,81.17339755464987,23.672278103887614,444.69988884772135,448.9740644683216,1082.3776462732533,0.5025965913019743,0.45498674184516896,0.8262459385368359
96,16,4800.0,366.5340546095176,0.4489752896049686,0.6314740950002862,1.289661984100139,92.73997290725298,71.91029436442777,0.7736943907156673,0.5997001499250375,77.43854166666667,15.644660096656958,419.541875,45.71,653.9131466163814,0.46990623928590747,0.3768116831082844,0.8798662967964282
96,24,1284.0,166.81118318204307,0.5798618838764088,0.9060537178011199,2.363157311634452,64.06099388294393,27.108222363172615,0.9151817533856023,0.6844349680170576,73.54595015576324,16.768821409068348,11.264018691588785,592.2741433021807,1301.7858874069796,0.33546649997181777,0.27711310471599293,0.7579907534422882
96,30,610.0,129.88225099390854,0.45440184435476905,0.8047877751835625,1.68474208282721,41.9699434466993,24.9117914691538,0.7331730769230769,0.4357142857142857,65.6639344262295,12.189091236676669,503.3311475409836,451.3327868852459,2493.4614313994866,0.5579372579245025,0.5241470001493636,0.7268450406136469
97,2,2554.0,292.9360748630709,0.3740115731452345,0.943025631482759,3.005529361489753,109.98045644468942,36.59270737923363,0.6897110450985687,0.45036148827367306,81.26233359436179,21.008707562770674,178.38801879404855,587.2169146436962,1095.6792825847938,0.5627549362967906,0.5223581182135838,0.801411640159957
97,3,2187.0,250.59292911256333,0.4376440436176708,0.6022847977763868,1.252691261929764,62.959913368643434,50.25972103585526,0.7564856451054999,0.5255948089401586,97.1522633744856,31.08202856072315,169.49062642889803,171.06767261088248,879.3541372516693,0.48043068296922,0.4410646129445538,0.9029692793478117
97,4,2216.0,214.61017305526642,0.6046151296182263,0.6793553025757806,1.3627515162373953,68.09271617092442,49.9670815695959,0.8253258845437617,0.6054644808743169,77.77346570397111,18.620840094443402,301.4508122743682,23.535649819494584,709.3348503442189,0.446005931172279,0.37217709700416113,0.8903500543950078
97,5,2553.0,212.2670273047588,0.7120255912263561,0.4819930791067381,1.1413244765621415,63.08028886969171,55.269373578756486,0.9183453237410072,0.7013736263736263,99.24872698785742,27.90376457931598,297.1621621621622,656.6012534273403,814.240013170452,0.3339107438110829,0.2644458982203027,0.9028755070548182
97,7,2995.0,300.2081528017131,0.41760118868776297,0.8941539134285222,2.233340617283943,102.42592601234439,45.86220535267421,0.7737018858176182,0.5142513736263736,80.94123539232054,23.587422424618843,445.12487479131886,444.54290484140233,901.6405796856509,0.5114568636279603,0.45918036404660467,0.8474108210945683
97,16,4523.0,358.87720036002526,0.4413109619249238,0.6856347626493315,1.373728798178601,93.51482064285928,68.07371350651502,0.7650541271989174,0.5716632962588474,76.81229272606677,15.928299691013656,418.38271059031615,45.599159849657305,683.5016287926113,0.4942631361147568,0.40577887096897525,0.8777337201437101
97,24,1302.0,159.49747468305833,0.6431514094083606,0.8953967011294997,2.2458319152749264,62.652492142226585,27.897231184621802,0.9260312944523471,0.7126436781609196,73.32027649769586,16.782594777958288,11.679723502304148,590.7857142857143,1384.2845168100748,0.31371957002551615,0.2501254511004384,0.7447824094108303
97,30,688.0,140.46803743153546,0.4381706390057899,0.8107506892986606,1.7082582122738421,45.251736458810214,26.48998619393503,0.7159209157127991,0.43682539682539684,65.4796511627907,13.802053432300575,503.6482558139535,451.75,2209.06803645701,0.5710056743219684,0.5257774946853356,0.7591061690287659
98,2,2299.0,265.27922061357856,0.41052760865023524,0.8863083959170031,2.1593818866516252,89.01409808985687,41.22202684022865,0.723410950283197,0.4703355155482815,82.25793823401479,22.03891574341579,176.49978251413657,596.959982601131,1256.4029575586403,0.5461117917187369,0.501282288349145,0.7982472700825871
98,3,2376.0,282.492424049175,0.37414736393691506,0.6460313378819725,1.3100821916816423,68.68189294297079,52.42563663491191,0.7397260273972602,0.5076923076923077,96.2175925925926,29.784272796039545,171.41161616161617,171.60143097643098,881.0685187694004,0.49748675499327677,0.4604463853401863,0.9001393795924758
98,4,2248.0,224.98885271170678,0.5580642069709387,0.65559328348022,1.3243030092052395,67.89283144492859,51.26684072527589,0.8258633357825128,0.5663895187704712,78.77669039145907,19.020824635893405,303.5364768683274,23.330516014234874,670.2879564937338,0.4802650920990373,0.4114657976592491,0.8834128641008202
98,5,2420.0,211.095454429505,0.6824447022438631,0.5536417257679819,1.2008334221190267,62.1443056120421,51.75097933431966,0.8972932888394513,0.6970046082949308,98.68099173553719,28.85430576187775,295.7690082644628,656.8239669421488,811.4155616230546,0.34225493119672407,0.26784767570103585,0.8982446226954177
98,7,3247.0,321.4213562373095,0.394950523777048,0.8740932336222546,2.058637447694515,102.16210157022715,49.626077522605705,0.7094166484596898,0.42887333245278036,80.32676316599938,21.825075952652345,444.1964890668309,441.61718509393285,771.9541073580122,0.5966678065523161,0.5486810383055019,0.862687278457524
98,16,4239.0,335.6639969244288,0.47278507407115306,0.7356321735514316,1.4762736012175612,95.18764360371534,64.47832131199057,0.7689098494467622,0.5708322111500135,76.32908704883228,16.850731121156112,417.5789101203114,46.190610993158764,670.4398274722596,0.4977251321439817,0.40633360840030924,0.866806915974282
98,24,1217.0,146.91168824543144,0.7085781290285745,0.8666197386428391,2.004131854609301,57.260381019667484,28.571164560841833,0.9434108527131783,0.7630094043887148,73.30484798685292,16.587407025010723,12.052588331963845,586.5423171733771,1197.8347512481223,0.2625098110900031,0.1986481050966584,0.720676049012185
98,30,749.0,148.61017305526642,0.4261815081283017,0.8035381696835868,1.6799572799072016,46.73641538848675,27.820002298551543,0.7106261859582542,0.44583333333333336,65.9853137516689,12.773096228063094,503.46194926568757,451.5781041388518,2109.925683424961,0.5605049442622633,0.5153214518907012,0.7586948427800084
99,2,1854.0,223.0365799264593,0.46834663038245467,0.7789838644212582,1.5947844960643318,68.38705302883184,42.881689154616154,0.7642209398186315,0.5016233766233766,92.39913700107874,23.059589784390802,173.38133764832793,605.5490830636462,1010.4410930357842,0.51286526988182,0.4675153739926215,0.8672419856886646
99,3,2253.0,275.86500705120545,0.3720298838679063,0.7008346550622402,1.401887973437545,68.26660090978086,48.696188428227636,0.7228103946102021,0.5133287764866712,96.20372836218375,30.900837122620494,171.54416333777186,171.4474034620506,831.4202639630859,0.4930669261134023,0.45335404766906745,0.9049176354091751
99,4,2324.0,222.99494936611666,0.5872945006380272,0.6160988412463578,1.269569057546288,68.15503776939245,53.683600245516814,0.8238213399503722,0.5500591715976332,79.0249569707401,17.483365003580023,308.3265920826162,24.05421686746988,520.9813129131522,0.506838404283132,0.4278951692618078,0.904087895319279
99,5,2749.0,216.65180361560903,0.735969787117277,0.2891596029811839,1.0446254580411223,61.91409057662565,59.26917643068619,0.9200133868808568,0.6611351611351611,96.49690796653329,25.292262001970574,296.23062931975267,655.8657693706803,647.7205982189721,0.3724433061610288,0.3077282179400847,0.9133100384846895
99,7,2812.0,268.59292911256335,0.48981945368589935,0.8728714440906931,2.049389275251861,89.84004446867637,43.83747175491363,0.81601857225769,0.5096049293222182,86.79516358463727,24.405214899784774,440.63229018492177,426.5970839260313,682.7140964096407,0.5136997064776232,0.4637291204140261,0.8848802816045911
99,16,4112.0,341.90663761154804,0.4420260921627756,0.7692508111564436,1.5650751894743493,98.10355600528878,62.68296671308049,0.7399676084218103,0.5458648612770477,75.18117704280155,16.448008104296584,416.66974708171205,47.333657587548636,683.996632290748,0.5165851995322759,0.43239724626384196,0.8532374551782851
99,24,1208.0,157.88225099390857,0.6089900247221979,0.8939108697479808,2.2309240596847544,60.12502783054985,26.95072813865567,0.90895410082769,0.6391534391534391,73.02566225165563,16.714792108299594,12.649006622516556,585.5836092715232,977.331472579772,0.38426657647086104,0.32635185822644397,0.7720139662620182
99,30,812.0,144.3319984622144,0.4898246571874903,0.8216041225016818,1.7542060023038994,47.84054580868518,27.271908627523473,0.7532467532467533,0.47346938775510206,67.9704433497537,12.530125797963905,503.7167487684729,451.2524630541872,2159.897265156036,0.539393947562335,0.48646121172553,0.766382222381785
100,2,2294.0,256.0071426749364,0.4398444463189376,0.7840086950743713,1.6109549011904614,76.72591204467187,47.62759776078961,0.7685092127303182,0.49482312338222606,89.31996512641673,20.96750033846243,172.02920662598083,608.3265039232781,1058.8130549683974,0.5178350932613158,0.47627800560432926,0.8424999211518848
100,3,2437.0,269.76450198781714,0.4208194376544042,0.6083087616693831,1.2599211243660549,66.6641888084627,52.91139859410296,0.7668344870988043,0.5311682650392328,95.59130077964711,28.699059243598818,172.7849815346738,173.56996306934755,817.0927994234319,0.4753496250883968,0.43721145732462446,0.9020913368557316
100,4,2352.0,225.58073580374355,0.5808221413226,0.6905487225372896,1.3825791847323974,70.6714138996975,51.11563567577952,0.8115942028985508,0.5931904161412358,81.671768707483,19.62445680865942,310.5297619047619,25.53656462585034,470.6317879098426,0.473753645412678,0.38315565923455946,0.9023372394581254
100,5,3023.0,220.99494936611666,0.7778275373997549,0.3311204295046734,1.0597840031410306,64.54784342994725,60.906602891379514,0.9281547436291065,0.738037109375,93.56731723453522,22.918616900735167,295.71683757856437,653.7760502811776,599.0040282895573,0.30423285672642375,0.23072901190473102,0.8991704881770435
100,7,2256.0,231.1370849898476,0.5306518659398358,0.874421680872483,2.0611472425483357,81.02273363531818,39.30953207163613,0.8272827282728272,0.5556650246305419,89.70124113475177,28.070158403290595,435.79609929078015,420.3554964539007,931.2763794167781,0.45769936217953244,0.41226256491291857,0.8802711467281812
100,16,3838.0,314.936074863071,0.4862616434002158,0.8154284701872482,1.7275398454800563,98.56475509426053,57.054982177195996,0.7596991290577989,0.5653262630726175,74.99400729546639,17.262139637633265,416.18108389786346,47.56096925482022,723.6632461896795,0.49972251258116135,0.4121071178378735,0.8362503376793806
100,24,1276.0,162.71067811865476,0.6056593530066379,0.9083447651402952,2.39107359636243,63.653741585692714,26.621406251371745,0.9140401146131805,0.6666666666666666,71.84326018808777,17.57974780663367,12.49921630094044,585.8095611285266,1330.507401721848,0.35503640827293775,0.30073052036425263,0.7077909550699341
100,30,967.0,150.9177848998413,0.533525883547456,0.8656756150741473,1.997581476163166,53.379557867472265,26.72209294311264,0.79719703215169,0.5366259711431742,71.19855222337125,11.655157083109932,503.5553257497415,450.34022750775597,1658.8002252095157,0.4855662237634336,0.4271409245800623,0.7730323691110522
101,2,2527.0,281.56349186104046,0.40055524310554097,0.7792128393824999,1.595508568454117,80.17363262444728,50.24957822829322,0.7581758175817582,0.5062099358974359,86.62010288880094,20.343326411160312,172.20379897111198,608.775623268698,1030.3178679786442,0.5110773371653763,0.4662371109855141,0.8382074378284619
101,3,2205.0,247.6223663640862,0.4518962305615491,0.5227120099595307,1.1730076926288764,60.85581978875162,51.88015404431416,0.7855361596009975,0.5471464019851117,97.67301587301587,29.51947160485228,173.4956916099773,175.58548752834466,934.3747202080499,0.4528882603822766,0.41821873412303406,0.898560402960743
101,4,2384.0,225.23759005323592,0.5905196738771058,0.7026813845370697,1.405472185187222,71.86894460706135,51.13508852363929,0.8388458831808585,0.587192118226601,82.26006711409396,19.292028537615394,313.07005033557044,26.196308724832214,421.69530795378506,0.4755216960529056,0.38893449622041354,0.9057398927669285
101,5,3524.0,244.45079348883235,0.7410761917872352,0.29712777839574633,1.047298376047281,69.16488935945982,66.0412456863557,0.9158004158004158,0.7191836734693877,93.32264472190693,19.177364939847525,297.31413166855845,655.166572077185,534.3338741861139,0.32851739483446485,0.25003394366225495,0.9003775295136076
101,7,2143.0,217.095454429505,0.5713872885825848,0.8920982454242877,2.2131655690728422,81.20832700851018,36.693290435803526,0.8460323726806158,0.5645416227608009,92.00373308446103,26.460863696712163,434.4759682687821,419.40550629958005,959.3015448945658,0.44754496142309297,0.4025061273474251,0.872792264513349
101,16,2911.0,272.50966799187813,0.49259300479676005,0.9273677028978649,2.6727160497614855,107.31999346616671,40.153907660989276,0.7901737242128122,0.6193617021276596,73.54482995534181,20.050467926314834,421.57196839574027,49.44726897973205,1023.1211662207618,0.4308879441677009,0.3506915219183486,0.7798738344461105
101,24,1319.0,167.29646455628168,0.5922173589279813,0.9103105480518316,2.4158909560504553,65.03098049080538,26.918011480584067,0.9115411195577056,0.6465686274509804,72.37149355572403,17.345789039136164,12.617134192570129,585.9408642911296,1169.3557481355715,0.37587532628544107,0.32011896194286327,0.7374280025874705
101,30,1026.0,153.63961030678928,0.5461989122453491,0.8578498942535417,1.9459025868518471,53.73614495604193,27.615023135859154,0.8110671936758893,0.5388655462184874,72.93957115009746,11.277651891008261,504.2037037037037,452.05165692007796,1415.53295772855,0.4916195652070715,0.42959857496669973,0.7879798541166161
102,2,2833.0,295.8061325481598,0.4068572803867897,0.7379968866419305,1.4819115294648832,81.50403159808894,54.99925601329249,0.774890590809628,0.5132246376811594,84.8365690081186,19.786393113345557,171.94987645605366,607.9308153900458,862.5627418606589,0.5100356582326864,0.4591560215081734,0.8401982629344857
102,3,2174.0,255.27922061357856,0.4192166018329789,0.4710803736780249,1.133670793302208,60.79224499197096,53.624249077540874,0.748107364074329,0.4778021978021978,95.57819687212512,32.24864735139073,172.951241950322,181.42962281508738,837.6143744898786,0.5238244790008809,0.4925775641022201,0.9033037333262457
102,4,2427.0,234.30865786510142,0.555524180795835,0.7213914156593512,1.443985847688274,74.11194067724945,51.32456166097318,0.8163471241170535,0.5876513317191283,80.18747424804285,19.28875092707661,314.68149979398436,26.2253811289658,582.5430945392815,0.4694256125911615,0.3891144153477063,0.9003595991870614
102,5,2987.0,216.40916292848976,0.8014820424814035,0.4263780013180594,1.1055280971465182,65.5840332802575,59.323714566401925,0.9396036489462095,0.7180288461538461,93.54938064948108,20.822857267567073,296.6327418814864,658.900234348845,672.8348508357403,0.3232079164532699,0.25109279302074844,0.8808335633606176
102,7,2583.0,262.8944443027283,0.46964689294693474,0.830879849983658,1.7971006443122137,82.71122906254233,46.02481743263609,0.727605633802817,0.5885167464114832,89.28377855207124,23.614589858180597,432.6751838946961,417.4262485481998,1207.8759958198423,0.4266037420139261,0.3798720346511245,0.8667841564194215
102,16,2647.0,277.3380951166243,0.4324588098016748,0.9389916800688172,2.907485078106253,110.21129490719035,37.90605693459821,0.7159859345415202,0.5521485189820609,73.11106913486967,22.21672065966972,423.00340007555724,49.207026822818285,1103.0452845626492,0.48781342806557076,0.4200398430159502,0.7661251274970746
102,24,1395.0,169.39696961967002,0.6109037596387343,0.9010052029259384,2.305165771988899,65.22986773095451,28.29725676287225,0.9135559921414538,0.6716417910447762,73.18494623655914,17.02850833058643,12.985663082437275,585.6989247311828,1360.0911669657567,0.35160181733981966,0.2955307161930599,0.7550498443337489
102,30,1029.0,148.71067811865478,0.584710551129062,0.8521329972346569,1.9108574086674672,52.75533712449746,27.60820189157196,0.8575,0.5218052738336714,74.42759961127308,10.558175925955233,504.6025267249757,453.6530612244898,1596.3314835393444,0.4950376995173636,0.43955742528287833,0.796066508628609
103,2,3121.0,309.22034611053283,0.41017341523855294,0.7276797599368062,1.4579022850380738,84.35792820584709,57.8625392604032,0.7851572327044025,0.5099673202614379,83.7824415251522,19.60166669766535,171.39987183595002,607.3953860942006,798.0839228727626,0.5182838451704022,0.4641644113872067,0.8486187182087236
103,3,2034.0,253.17871555019016,0.3987552629780018,0.6034173728057476,1.2540355979527988,62.946657246854286,50.19527144972129,0.7445095168374817,0.46790890269151136,97.08849557522124,34.48913635405508,172.15978367748278,183.30825958702064,756.2761781664655,0.5342733524843273,0.50172107153034,0.9169997944024588
103,4,2430.0,234.99494936611663,0.552966830426473,0.7090593685080994,1.4181404241371687,72.78389434673383,51.32347481810014,0.8319068812050667,0.5869565217391305,79.18395061728395,18.98555628248975,316.1074074074074,25.613991769547326,810.6913078698649,0.4707995090587376,0.38914257025399807,0.8937898171654999
103,5,2795.0,211.3380951166243,0.7863865900141375,0.5506492627140166,1.1979825226930751,66.20134440996479,55.26069300338672,0.9379194630872483,0.7429558745348219,97.33667262969588,25.987847655781874,296.7953488372093,662.2561717352415,651.9700085550385,0.3072142099691315,0.22398900699719876,0.9039918955680266
103,7,2827.0,268.89444430272835,0.49132856501644656,0.8176679208384043,1.737045468241128,85.41952890479764,49.17518307179978,0.7534648187633263,0.6092672413793103,83.8673505482844,21.230015730112306,432.7414220021224,416.6819950477538,1215.3668257799422,0.4114725308317293,0.35934942740851505,0.8514222398294712
103,16,2421.0,269.4386001800126,0.41906850852782074,0.9494823615867067,3.1865359676442724,110.53399133061056,34.68782165114729,0.7029616724738676,0.5422172452407614,71.33415943824866,21.020147934103736,423.18587360594796,48.935563816604706,991.674812422252,0.49341773549012274,0.4281550317439473,0.7378408632855804
103,24,1452.0,176.22539674441617,0.5875427699705397,0.8914322653665613,2.206755488384432,65.21699284413094,29.553338911995358,0.9080675422138836,0.6376811594202898,73.81955922865014,17.30341620830687,13.280303030303031,585.5736914600551,1216.2700885937209,0.38564351212977366,0.3297700573850879,0.756219509110151
103,30,950.0,139.53910524340094,0.6131145203238789,0.8510265083976845,1.9043167283940199,50.77145500627221,26.661245080323187,0.8895131086142322,0.5431675242995998,75.44421052631579,12.95573610648742,505.6684210526316,457.2452631578947,878.2061277460832,0.4856453620501624,0.4173669088304706,0.7647137280012676
104,2,3367.0,314.5340546095176,0.4276787121165153,0.7026179717576059,1.4053484978972703,85.11369060159755,60.56411682151973,0.8154516832162751,0.5212074303405573,84.98455598455598,19.370239458736748,172.1098901098901,606.1021681021681,786.4093822362036,0.5089238251173096,0.45312569135708786,0.8747574744145445
104,3,2110.0,243.27922061357853,0.44800440860992574,0.5071968386258121,1.1603213146697493,62.63133212825048,53.97757615620171,0.7408707865168539,0.5156402737047898,96.06255924170617,34.88215599300628,172.01563981042653,185.04549763033177,800.4770661913451,0.49521110672888585,0.4550139599246148,0.9116644529337469
104,4,2318.0,223.6812408671319,0.5821892325775873,0.6662719652257362,1.341005968395206,68.59432365658262,51.15139326238053,0.8597922848664689,0.6161616161616161,76.76358930112166,19.547385479719754,317.2221742881795,24.439171699741156,743.4088712822243,0.44526221626894413,0.3595170186409594,0.8993015428073172
104,5,2423.0,200.16652224137047,0.7599419008551856,0.6601713624736156,1.331354019487937,64.8451431727223,48.70616096360526,0.936968290796597,0.7143278301886793,100.26578621543541,31.657335479677165,296.4564589352043,668.0045398266611,752.9849377377609,0.33202690079017877,0.2523538891501334,0.9165042044814258
104,7,3104.0,282.5929291125633,0.4884374943488556,0.8288218358828628,1.7872698065315165,90.19751862122789,50.46664935064876,0.7694595934556272,0.6057767369242779,80.81507731958763,20.48290913148977,432.25773195876286,418.0144974226804,1193.4781148207285,0.4179874511850693,0.3631338723760349,0.8525455663978129
104,16,1811.0,235.39696961967,0.41070177424118565,0.9765548807759445,4.645359598792379,108.1381588289611,23.278748723150088,0.8258093935248518,0.5446616541353383,69.25842076200993,21.674988182026492,427.4704583103258,43.096631695196024,1470.697716600643,0.4756935966011534,0.4201328682433309,0.6997694368521952
104,24,1473.0,170.46803743153544,0.6369813081660713,0.8881087413324719,2.1756469334542388,64.95584265355636,29.855874891624552,0.9275818639798489,0.6769301470588235,73.82009504412763,17.332523713140986,13.364562118126273,584.4501018329939,1110.4542394909904,0.3483273569692229,0.29137316688919457,0.7468341532620517
104,30,921.0,137.88225099390854,0.608769330119996,0.8330914333124666,1.8078759284738852,49.18990428436157,27.208672624943418,0.8898550724637682,0.5311418685121108,77.02931596091206,13.91388937558358,505.7361563517915,459.49511400651465,752.2049584076167,0.4988648093928398,0.4277067701610968,0.7642793330727368
105,2,3451.0,319.7056274847714,0.42428166225003,0.6945783511182133,1.3900142878603772,85.18787413897103,61.285610430738174,0.8089545241443976,0.5139240506329114,83.94320486815415,18.42554439419878,173.0170964937699,606.030136192408,851.655012616854,0.5164634889414843,0.46129597879937473,0.8802004206430825
105,3,886.0,112.63961030678928,0.8775286558250219,0.6597562727688451,1.3307080283330808,38.85065704300445,29.195478058151462,0.9683060109289617,0.6970889063729347,124.12189616252822,35.55923483369145,176.37923250564333,186.568848758465,1572.6174219774807,0.30896297607852297,0.2548816493101022,0.8924972946948153
105,4,2363.0,233.4386001800126,0.5449143501363517,0.6065801142069591,1.2578262457795595,67.8313973942173,53.92747815671284,0.8323353293413174,0.569672131147541,78.23444773592891,18.445377677390407,321.617435463394,23.212441811256877,816.4033905628428,0.4847900342338538,0.4055530899434806,0.8982039728146325
105,5,2126.0,192.61017305526642,0.720136264038036,0.7893577107835396,1.6288407746889129,67.40036548803207,41.37934568890237,0.9066098081023454,0.6814102564102564,103.26340545625588,34.64497056417453,299.71542803386643,667.4270931326434,835.1717049406764,0.3559770119758489,0.2836433260434323,0.9183278537814411
105,7,3571.0,295.5218613006978,0.5138312190380226,0.8244884423005718,1.767162883894455,95.60204224797938,54.09916828792409,0.8093834995466909,0.6413433908045977,79.62783534024084,20.433926091847198,431.8213385606273,416.6975637076449,974.7745173651705,0.40636347458883093,0.3298634363261694,0.8454047856001426
105,16,1563.0,223.74011537017762,0.3923567483502136,0.9797931143208974,4.999659214258847,104.90897399849985,20.98322495647368,0.8815566835871405,0.5542553191489362,70.23480486244402,24.392226122505537,428.15930902111324,39.73256557901472,1793.2496265222062,0.45911511728597015,0.40497615615472776,0.6856920235436602
105,24,1454.0,168.22539674441617,0.6456410692878918,0.8751938472808264,2.067087769715121,62.94415201982029,30.45064314249948,0.9267049075844487,0.6778554778554778,74.41127922971114,16.688093734871998,13.418844566712517,583.1341127922971,998.2761060879104,0.35217304187804516,0.28975172153994844,0.7629065324630291
105,30,1271.0,172.95331880577405,0.5339463404987839,0.8926736441413332,2.2187529146670766,63.15296839398274,28.463272307840025,0.8622795115332429,0.5340336134453781,79.13375295043274,16.096563008151602,504.87647521636507,455.98426435877263,632.7346679233633,0.5135087752138247,0.43320343360471514,0.7797565852533354
106,2,3770.0,330.19090885901,0.43453122599776084,0.6748802883814229,1.3551471740469734,87.2054899390272,64.35130560660743,0.8179648513777392,0.5349794238683128,83.68753315649867,18.769366048757288,173.83315649867373,605.8071618037135,756.5787904550893,0.5037301458715401,0.4406775644204616,0.8829288748571081
106,3,1399.0,191.75840533340724,0.47810001754721,0.7552017226839184,1.5255705736378316,56.08157272986195,36.761047767283195,0.7806919642857143,0.5315349544072948,105.66833452466047,38.19902085893624,177.94996426018585,193.50178699070764,874.0776371610425,0.479850789011914,0.43050542663663616,0.9268004441749708
106,4,2133.0,218.40306627407986,0.5619313432781394,0.5944325476495276,1.2435560853838554,63.41164953513171,50.99219108847679,0.8163030998851895,0.6388140161725068,76.69854664791373,19.229157779401422,322.3422409751524,23.475855602437882,830.4935057672498,0.4183103013059046,0.3337221424662846,0.8832326224126927
106,5,1585.0,159.53910524340094,0.7825369017073532,0.705735784135186,1.41148216001744,54.45836757079014,38.58239878151719,0.9378698224852071,0.7257326007326007,109.52618296529968,37.42567113885405,302.09085173501575,667.1652996845426,1263.6737669128638,0.31527225837662975,0.2326912925857581,0.8987902502917477
106,7,3671.0,298.8355697996826,0.5165705815545345,0.8072197876068902,1.694194573002069,95.21417425025845,56.20025926629041,0.7708945821083578,0.5744913928012519,79.31408335603378,18.44596356249726,430.37047126123673,412.8727867066194,807.6568494612785,0.474846334195394,0.40042833263987476,0.8577629927306483
106,16,402.0,91.21320343559643,0.6071842532371722,0.9211960455537713,2.5700415954653053,38.149957979371074,14.844101374345279,0.8758169934640523,0.6611842105263158,63.39054726368159,15.350278659502669,425.21144278606965,15.256218905472636,1560.355837194624,0.3399155719337692,0.2801243905760587,0.6577513695553114
106,24,1513.0,170.71067811865476,0.6524202270214841,0.8731572487834989,2.0515403101041745,63.90303123905158,31.148806057730674,0.9305043050430505,0.6846153846153846,74.19894249834765,16.787720906581548,13.962326503635161,582.6331791143424,1512.6179613049137,0.34237113170532285,0.2838967816485135,0.7728489653033426
106,30,1237.0,171.74621202458746,0.5269934644097981,0.9067994791098001,2.372129081716765,63.99994810362046,26.97996015347622,0.8548721492743607,0.5350346020761245,76.73160873080032,14.866990288602842,505.00889248181085,455.25626515763946,581.8751546412221,0.5184662730202007,0.4280644619981567,0.7915719708512905
107,2,4014.0,326.5340546095176,0.4730752963450856,0.6637672793250231,1.3370071295920614,88.18422219293994,65.95643376998754,0.8343379754728747,0.5568039950062422,84.24015944195317,18.922958208449696,174.38689586447433,606.5540607872447,801.7899126052898,0.4872675670534436,0.4191414717354412,0.9010988714171307
107,3,1965.0,254.3086578651014,0.3818124864093524,0.6463224868005181,1.3105054179920717,64.30279880967011,49.06717509660775,0.7253599114064231,0.494215291750503,98.47328244274809,37.301371137220464,176.38117048346055,192.7206106870229,909.7291733191707,0.51176158492626,0.4731048761144625,0.9112276547572382
107,4,2103.0,202.95331880577402,0.6415888703575787,0.511907929953584,1.1640897136138082,60.388715406156166,51.876341402145904,0.8740648379052369,0.6253345227475469,76.79457917261055,20.40513648473841,326.44174988112223,21.856871136471707,758.4163957709902,0.4279137505378769,0.35043965410171846,0.9054815442482456
107,5,953.0,123.22539674441617,0.7886826998026603,0.40887300391213854,1.0957807821568146,36.59853741749005,33.39950655591304,0.9426310583580614,0.6966374269005848,126.21615949632739,40.32610343436513,313.57187827911855,664.9108079748164,1692.0330954074234,0.3593941902105146,0.2582477451609092,0.8997343089802092
107,7,3776.0,282.1076477383247,0.5962276742430102,0.7291070398084732,1.4611345191051894,89.14319116654235,61.009571672520856,0.8309859154929577,0.5721212121212121,79.74682203389831,18.13628346812336,429.3980402542373,406.91843220338984,781.1363033644807,0.4855874641574782,0.4033867369608532,0.8629260870868125
107,24,1388.0,171.46803743153546,0.5932434829186857,0.8732694435099345,2.052386760843001,61.57803153099155,30.00313230713829,0.9012987012987013,0.6378676470588235,74.15345821325649,16.966790613371597,13.8321325648415,581.250720461095,1293.2096479058546,0.3808423466433561,0.3261933417538535,0.806376139594774
107,30,1149.0,149.1959594928933,0.6486579857550254,0.875669233255934,2.0707733477270542,55.99825739418899,27.04219534970084,0.9148089171974523,0.6108452950558214,74.79547432550044,11.828662820182616,503.9521322889469,452.68320278503046,1661.1463050381521,0.41874050929027384,0.34253646546200794,0.8242791266205315
108,2,4255.0,335.94826817189073,0.4737667908936016,0.6765161499472884,1.3579063762983958,90.72201189394265,66.81021127630876,0.8304059328649492,0.5495286064832752,83.92032902467685,18.93799637210191,176.4479435957697,606.9828437132785,800.3820944696982,0.49551886838794124,0.4273542078373407,0.909181947272457
108,3,1999.0,233.7228714274745,0.45985427863196876,0.6158649002653166,1.2692742816636278,62.079873354530115,48.909738621003584,0.8047504025764896,0.5443899782135077,98.26663331665833,36.898959454509324,175.7233616808404,193.36768384192095,943.896456144167,0.46682801202095736,0.42121670977689796,0.9078630218151638
108,4,2179.0,231.33809511662423,0.5116497707574891,0.5965800279833449,1.246022705868405,64.64913664223765,51.88439691970218,0.7696926880960792,0.5412319920516642,76.95410738871041,17.03686862341348,331.5612666360716,23.672326755392383,769.226413217947,0.5126017979346753,0.43411924132955104,0.9026580548545116
108,5,1586.0,165.7817459305202,0.7251696653930627,0.7152527541843158,1.4308897453757894,54.91373197235593,38.37733280975757,0.9125431530494822,0.6470828233374133,108.11916771752837,37.153514709879296,323.3423707440101,661.0926860025221,1010.8122299103704,0.3884636977490425,0.316307321648582,0.9180008277826363
108,7,3573.0,268.35028842544403,0.6235032870937317,0.5302795874970427,1.179491703974204,78.32541547050731,66.40607577534968,0.861586689172896,0.5389140271493212,82.90764063811923,18.54890828904837,430.23789532605656,401.7422334172964,630.5794882288483,0.5123545512995882,0.43919594359733594,0.8959994112519132
108,24,1463.0,177.88225099390857,0.5810171571055053,0.8754862789810142,2.069352368338044,63.64746155227037,30.75718883168625,0.8920731707317073,0.6422300263388938,72.10457963089542,16.419463121070436,14.146274777853725,582.1257689678743,1146.8439010384784,0.37862845219743857,0.3254275166132491,0.7942298100777871
108,30,1138.0,145.3319984622144,0.6770638632264119,0.864648909752818,1.9905385143434011,54.73813918590007,27.499161051880467,0.9289795918367347,0.6350446428571429,76.17486818980667,10.179850235510537,504.4323374340949,452.9956063268893,1343.4732849811521,0.41009177584056505,0.32621707310427717,0.832406356428823
109,2,4569.0,321.7056274847714,0.5547709430959135,0.6563857752838668,1.325512070227179,92.00242136798647,69.40896536100061,0.8633786848072562,0.5704119850187266,84.09148610199168,18.719723546060205,178.39220836069163,607.8321295688335,827.2684450632364,0.4858222963320441,0.406674266985259,0.9170630739248058
109,3,1477.0,173.2670273047588,0.6182420074375929,0.6781136420160165,1.3606236970656134,51.78691203724571,38.06115691570848,0.8828451882845189,0.6698412698412698,106.95531482735274,36.62120184209204,180.70412999322951,196.2139471902505,1193.9637194650438,0.34469164932953256,0.2850096292903439,0.8984505093441544
109,4,2010.0,233.2670273047588,0.4641936676907129,0.6504241744454308,1.3165322916783986,65.4577460288207,49.7198180724994,0.7306434023991276,0.5084745762711864,76.30547263681592,18.234574886572688,333.86517412935325,23.46218905472637,865.5069874050544,0.5248994224214231,0.46182183828819556,0.8879334613676562
109,5,1998.0,190.75230867899737,0.6900264558338117,0.7190326493726124,1.4388980008702181,61.93499772157198,43.043355181614594,0.9020316027088036,0.7047619047619048,101.7002002002002,32.0372454348843,324.62012012012013,660.6936936936937,922.7395824605244,0.3344258056902272,0.25760802801206617,0.9006530639053956
109,7,3892.0,301.4274528917194,0.5382909622590133,0.4602616972707802,1.1264010161600573,80.2015722043451,71.20161563574865,0.7959100204498978,0.4884538152610442,80.91700924974306,19.55737201414357,430.03828365878724,397.87178828365876,631.9621482278604,0.552737742994478,0.4902533511048874,0.8881137820084127
109,24,1563.0,179.88225099390857,0.6070049251793805,0.8646999830341794,1.9908869095316988,64.3084825343711,32.301424167532396,0.9039907460960093,0.6665245202558635,73.10940499040306,16.874499907220134,14.582853486884197,581.8758797184901,1412.364818193207,0.35365605601161393,0.3020953212038117,0.780667591153025
109,30,1269.0,152.71067811865473,0.683805634138948,0.8584294224918585,1.9495773107875687,56.79204510590161,29.130440117278233,0.9317180616740088,0.7057842046718577,76.65799842395587,11.643968846286876,504.0496453900709,453.12293144208036,1466.5553145470367,0.3311272731115893,0.24658485232298366,0.8152764531637713
110,2,4677.0,302.73506473629425,0.6412860320574092,0.6497580191907407,1.3155452043353217,92.46186148973203,70.28406259627415,0.8854600530102233,0.5971654749744637,84.29292281376951,18.414969924722786,180.01518067137053,609.3639084883472,735.1893630905906,0.46577894674112036,0.3809317259051068,0.9207191143471445
110,3,1931.0,200.99494936611666,0.6006505080235734,0.7464654328936444,1.502800784135314,62.850919143789476,41.82252219142461,0.858603823921743,0.6072327044025158,101.28120145002589,36.312116604953836,183.22061108234075,194.89487312273434,1051.6256526848872,0.41044436067280754,0.3553838174505174,0.9031198189097773
110,4,1845.0,225.3380951166243,0.45660114592063084,0.6427993656963773,1.3054240997265003,61.21228911164185,46.89073008876307,0.7365269461077845,0.5241477272727273,75.32737127371274,17.40893873366052,336.41734417344173,22.79457994579946,770.2051003587519,0.504812163084399,0.44037108906343897,0.8956721684309585
110,5,2369.0,203.23759005323592,0.7207204610711634,0.7377212387449507,1.481250068714719,67.92172564576822,45.85432742271797,0.9304791830322073,0.6809427996550733,98.94259181089068,31.177958361379428,327.1380329252849,660.0046433094133,768.1167756966506,0.3663855270724403,0.2852127433291054,0.914638570621765
110,7,3689.0,257.7645019878171,0.6977057507641357,0.6009645109534314,1.25113273259298,78.76889501329681,62.95806428950812,0.9092925807246734,0.62,85.63702900515045,20.905543303325956,427.4085117918135,391.73570073190564,613.3091737419495,0.4345838116019832,0.35532320015647223,0.8901718811285819
110,24,1583.0,180.4680374315355,0.610787566795142,0.8569977136819742,1.9405410088040969,64.08385728682508,33.0237067890249,0.9045714285714286,0.6466503267973857,74.03032217308908,15.963923013734263,14.540113708149084,581.2128869235629,1083.9541328720625,0.37509750040043305,0.32150021127576156,0.7751101098329914
111,2,4990.0,308.6345596729059,0.6582961264189843,0.6115842268529179,1.2639359511643964,93.19803744918183,73.73636089971448,0.8899589798466203,0.6372924648786717,84.04649298597194,17.95157823277792,183.20320641282566,610.8172344689378,766.7258154151767,0.4362373583267063,0.34026743626442923,0.9141399073986333
111,3,1780.0,191.92388155425118,0.6072560209078954,0.8360629270902646,1.822710229419766,65.63814376895563,36.011288415191814,0.8886669995007489,0.6106346483704974,101.55168539325842,38.02033935967192,184.05112359550563,195.90168539325842,961.0693522061772,0.4162253721102494,0.3554231872663729,0.9143435246312429
111,4,1758.0,190.36753236814712,0.609597214588,0.7013076032791133,1.4028023821581175,60.996223579878915,43.481693755067845,0.8529839883551674,0.6037087912087912,77.4499431171786,19.334889138407,339.6609783845279,22.094425483503983,715.0130053769877,0.4291177157183029,0.3658100355721475,0.897837356235336
111,5,2480.0,210.75230867899737,0.7016440767640449,0.7734798881118929,1.577732901925851,71.41420406706699,45.26381111777262,0.9158050221565731,0.6933184232597148,99.1883064516129,33.382080986703954,327.7423387096774,659.1084677419354,851.8292483517282,0.353287496800264,0.2714205539817554,0.9126870313512729
111,7,3762.0,253.3797256769669,0.7363510865609775,0.6695027818894876,1.3462400992174923,81.9406663115722,60.86630933011173,0.9298072170044488,0.6627906976744186,86.96331738437001,22.697107208871245,424.8870281765019,387.62493354598615,643.8687540617398,0.40177101490684125,0.3127596237429127,0.8837426476595983
111,24,1139.0,148.9116882454314,0.6454699277124756,0.7721703853519376,1.5737733066222588,50.02919034907636,31.789324509800252,0.9097444089456869,0.6779761904761905,74.29850746268657,18.24740970378758,13.836698858647937,574.1668129938543,1022.1838634789012,0.3401334910899642,0.28284321838158116,0.7804902390824072
111,30,1431.0,170.98885271170676,0.6150549260033893,0.8275288953105825,1.7811877567445291,59.01755718948261,33.13382149973274,0.8779141104294479,0.6073853989813243,78.59119496855345,11.499699174402332,503.77358490566036,455.07197763801537,1275.7239754192449,0.42306499618827376,0.354203643354551,0.8676301566588206
112,2,4523.0,292.7350647362943,0.6632648133972446,0.483012922995288,1.1420567595146303,84.24751832143873,73.76824104367948,0.8915828898087916,0.641378332387975,84.78841476895866,18.75524254475652,188.5772717223082,613.602476232589,740.3463341518038,0.4240848096176405,0.3349990274712753,0.9059324886631203
112,3,1461.0,171.09545442950497,0.6271669104722543,0.8198693964087451,1.746570566015396,57.82376427684933,33.107030086260835,0.9097135740971357,0.5968137254901961,106.2621492128679,37.888472426506574,183.86173853524983,196.70362765229294,1072.587221526932,0.42255598512028886,0.36239817478118336,0.912300988176503
112,4,1913.0,197.1959594928933,0.6181997283322657,0.6818739438772209,1.3671106233517378,62.3863356622478,45.633714343683145,0.8438464931627702,0.5996865203761755,79.50653423941453,22.22105555892077,343.92995295347623,22.716675378985887,418.9272029632824,0.4428768378348611,0.37361989942134016,0.9110577472778768
112,5,2558.0,220.6873375215418,0.660017687028188,0.7913104802947958,1.6355515871938582,73.8955937450477,45.18083949392972,0.8857340720221607,0.6522182559918409,97.39444878811571,33.06113583302159,327.82212666145426,658.8405003909304,771.571596943882,0.39402491444359694,0.31590704911561174,0.9182146689155628
112,7,3732.0,256.73506473629425,0.7115101866615084,0.7632148112826248,1.5476406232663562,86.95718502144386,56.18693623970487,0.9290515309932785,0.630192502532928,87.87674169346195,23.212110277886943,421.2816184351554,384.63129689174707,656.9900514337401,0.4256248766347656,0.3447897395680754,0.8994949936717045
112,24,1231.0,160.22539674441617,0.6025668086963227,0.827821722977057,1.7825589620410638,55.06626768750449,30.89169495097799,0.8811739441660702,0.6451781970649895,75.41429731925264,18.79105488248093,15.116165718927702,574.0641754671,1129.3735153604257,0.3705985796928405,0.3193103653751242,0.7846837014727183
112,30,1223.0,148.71067811865476,0.6949475257831323,0.7742124721885906,1.5799640739240475,50.49665246863492,31.960633347326613,0.9279210925644916,0.6592991913746631,78.29354047424366,10.51003565767258,503.3515944399019,452.3483237939493,1789.1219406703185,0.375019300142332,0.2931652247524632,0.8656513270231911
113,2,3891.0,272.9360748630709,0.6563707384781633,0.6559250882989466,1.3248086450374195,82.88882590617831,62.56664025908217,0.8887619917770672,0.6316558441558442,86.90953482395271,19.70320879887321,196.45412490362375,618.1511179645336,606.3668896882806,0.41721209369863593,0.34171477350050455,0.8981929228856802
113,3,1895.0,199.43860018001257,0.5986881246998341,0.8412799071266074,1.8497972886839684,68.4663243440799,37.01287960735958,0.8896713615023474,0.583435960591133,100.79261213720316,34.5794293981829,186.04749340369392,197.23852242744064,915.9315785545555,0.4329547105682689,0.3856747368721014,0.9091016154242996
113,4,1644.0,211.05992052357223,0.46376731409419575,0.753271159212017,1.5204267309737451,61.383097148041784,40.372282266261834,0.8443759630200308,0.5886143931256713,79.89537712895377,22.85551790758001,345.4476885644769,23.686131386861312,671.5109053058923,0.43749979818455287,0.37896121708575153,0.912811800045596
113,5,2616.0,206.71067811865473,0.7693461419892461,0.7770518523893223,1.5887223885272748,73.3711779792986,46.182503947283536,0.948169626676332,0.7676056338028169,98.04204892966361,33.625235891637224,327.3998470948012,660.9839449541284,841.2308950556087,0.3097602023807852,0.20276963620362523,0.9091408562467016
113,7,3653.0,245.27922061357853,0.7630236886950282,0.754986348777953,1.5249934823040634,84.97961879074046,55.72457835186777,0.9478463933575506,0.688336159788958,87.83985765124555,22.85723384376969,418.1475499589379,380.9945250479058,685.8466013697116,0.37207994253043625,0.2857182795529507,0.8816443397076387
113,24,1248.0,165.0538238691624,0.5756695642647875,0.8262321576041015,1.7751591801155884,55.79774759795181,31.43253192331663,0.8636678200692042,0.6419753086419753,74.1386217948718,17.271888250610477,14.892628205128204,573.5280448717949,1559.3784703503923,0.37516128462642934,0.32375734407524664,0.7564868956994693
113,30,1591.0,187.6812408671319,0.5675946736750648,0.8623953279035437,1.97536554041275,65.98179075316163,33.40231942052347,0.86,0.5981203007518797,78.24764299182904,11.934622574814863,503.7052168447517,456.2520427404148,1064.081993983204,0.440893438786342,0.365216995059382,0.8671906060331283
114,2,3889.0,275.66399692442883,0.6431136233818753,0.6640209825265481,1.3374098671583687,83.83009684064834,62.680931926100136,0.8751125112511251,0.5872848082150408,87.5422987914631,19.89823228831506,198.9169452301363,618.2334790434559,624.4805340031068,0.4594927121875974,0.3879227317652334,0.9125931034126104
114,3,1973.0,188.06601717798213,0.7009972185472987,0.805786746828358,1.688602149880512,66.51698500729702,39.391744829890136,0.9241217798594847,0.629948914431673,101.4591991890522,35.52161428434521,186.1343132285859,198.06335529650278,1074.0428799700449,0.39274386728031263,0.33583580295815885,0.8996289334346166
114,4,2013.0,205.50966799187808,0.5989480063240931,0.685033536857942,1.3726618660335834,64.29302366868843,46.838209219338395,0.8408521303258145,0.5797811059907834,78.44709388971684,21.105083467885546,348.13611525086935,24.482861400894187,624.9215917675593,0.4536882512520592,0.3861652585585033,0.8890970310920565
114,5,2427.0,198.22539674441617,0.7761774994212113,0.783173803369146,1.6082267679886642,71.45535632398683,44.43114475289625,0.9592885375494071,0.8111631016042781,101.35022661722292,34.27763176325977,327.3897816234034,662.8772146683148,921.4575405988388,0.2720618508895803,0.16116912774415185,0.9037541862845189
114,7,3416.0,238.40916292848976,0.7552345337580109,0.7505549523180712,1.5132987826444848,82.26445286098384,54.36101172117972,0.934610123119015,0.7,86.3697306791569,21.669732167221845,412.57494145199064,377.1853044496487,935.5226933319332,0.34181022270817873,0.271382574590184,0.8816543656612994
114,24,1269.0,167.63961030678928,0.5674377187999092,0.8296359164022455,1.791136321225359,56.450815383627116,31.516761016273605,0.8591740013540962,0.6409090909090909,74.49724192277384,16.851206258351034,14.829787234042554,573.2364066193853,1498.2106668537065,0.37746540658609384,0.3252377721598385,0.7805125350678774
