image_id,dataset_id,source,citation,DOI,PMID,license,commercial_use,redistribution_allowed,cell_line,organism,tissue,disease,phenotype,microscopy_type,magnification,pixel_size,time_interval,staining,treatment,annotation_available,segmentation_available,tracking_available,is_flagship,is_ai_generated
BL-IMG-BBBC039-001,BBBC039v1,Broad Bioimage Benchmark Collection,"Caicedo JC, Goodman A, Karhohs KW, et al. Nucleus segmentation across imaging experiments: the 2018 Data Science Bowl. Nat Methods. 2019;16(12):1247-1253.",10.1038/s41592-019-0358-6,31636459,CC0 1.0 Universal,Permitted,Permitted,U2OS,Homo sapiens,Bone,Osteosarcoma,Nuclear morphometry & DNA compaction screening,fluorescence,20x,0.645 um/px,Fixed / Static,Hoechst 33342 (Nuclei / DNA),Baseline Vehicle Control (0.1% DMSO) / Bioactive library,True,True,False,False,False
BL-IMG-BBBC039-002,BBBC039v1,Broad Bioimage Benchmark Collection,"Caicedo JC, Goodman A, Karhohs KW, et al. Nucleus segmentation across imaging experiments: the 2018 Data Science Bowl. Nat Methods. 2019;16(12):1247-1253.",10.1038/s41592-019-0358-6,31636459,CC0 1.0 Universal,Permitted,Permitted,U2OS,Homo sapiens,Bone,Osteosarcoma,Nuclear morphometry & DNA compaction screening,fluorescence,20x,0.645 um/px,Fixed / Static,Hoechst 33342 (Nuclei / DNA),Baseline Vehicle Control (0.1% DMSO) / Bioactive library,True,True,False,False,False
BL-IMG-BBBC039-003,BBBC039v1,Broad Bioimage Benchmark Collection,"Caicedo JC, Goodman A, Karhohs KW, et al. Nucleus segmentation across imaging experiments: the 2018 Data Science Bowl. Nat Methods. 2019;16(12):1247-1253.",10.1038/s41592-019-0358-6,31636459,CC0 1.0 Universal,Permitted,Permitted,U2OS,Homo sapiens,Bone,Osteosarcoma,Nuclear morphometry & DNA compaction screening,fluorescence,20x,0.645 um/px,Fixed / Static,Hoechst 33342 (Nuclei / DNA),Baseline Vehicle Control (0.1% DMSO) / Bioactive library,True,True,False,False,False
BL-IMG-BBBC039-004,BBBC039v1,Broad Bioimage Benchmark Collection,"Caicedo JC, Goodman A, Karhohs KW, et al. Nucleus segmentation across imaging experiments: the 2018 Data Science Bowl. Nat Methods. 2019;16(12):1247-1253.",10.1038/s41592-019-0358-6,31636459,CC0 1.0 Universal,Permitted,Permitted,U2OS,Homo sapiens,Bone,Osteosarcoma,Nuclear morphometry & DNA compaction screening,fluorescence,20x,0.645 um/px,Fixed / Static,Hoechst 33342 (Nuclei / DNA),Baseline Vehicle Control (0.1% DMSO) / Bioactive library,True,True,False,False,False
BL-IMG-BBBC039-005,BBBC039v1,Broad Bioimage Benchmark Collection,"Caicedo JC, Goodman A, Karhohs KW, et al. Nucleus segmentation across imaging experiments: the 2018 Data Science Bowl. Nat Methods. 2019;16(12):1247-1253.",10.1038/s41592-019-0358-6,31636459,CC0 1.0 Universal,Permitted,Permitted,U2OS,Homo sapiens,Bone,Osteosarcoma,Nuclear morphometry & DNA compaction screening,fluorescence,20x,0.645 um/px,Fixed / Static,Hoechst 33342 (Nuclei / DNA),Baseline Vehicle Control (0.1% DMSO) / Bioactive library,True,True,False,False,False
BL-IMG-BBBC039-006,BBBC039v1,Broad Bioimage Benchmark Collection,"Caicedo JC, Goodman A, Karhohs KW, et al. Nucleus segmentation across imaging experiments: the 2018 Data Science Bowl. Nat Methods. 2019;16(12):1247-1253.",10.1038/s41592-019-0358-6,31636459,CC0 1.0 Universal,Permitted,Permitted,U2OS,Homo sapiens,Bone,Osteosarcoma,Nuclear morphometry & DNA compaction screening,fluorescence,20x,0.645 um/px,Fixed / Static,Hoechst 33342 (Nuclei / DNA),Baseline Vehicle Control (0.1% DMSO) / Bioactive library,True,True,False,False,False
BL-IMG-BBBC039-007,BBBC039v1,Broad Bioimage Benchmark Collection,"Caicedo JC, Goodman A, Karhohs KW, et al. Nucleus segmentation across imaging experiments: the 2018 Data Science Bowl. Nat Methods. 2019;16(12):1247-1253.",10.1038/s41592-019-0358-6,31636459,CC0 1.0 Universal,Permitted,Permitted,U2OS,Homo sapiens,Bone,Osteosarcoma,Nuclear morphometry & DNA compaction screening,fluorescence,20x,0.645 um/px,Fixed / Static,Hoechst 33342 (Nuclei / DNA),Baseline Vehicle Control (0.1% DMSO) / Bioactive library,True,True,False,False,False
BL-IMG-BBBC039-008,BBBC039v1,Broad Bioimage Benchmark Collection,"Caicedo JC, Goodman A, Karhohs KW, et al. Nucleus segmentation across imaging experiments: the 2018 Data Science Bowl. Nat Methods. 2019;16(12):1247-1253.",10.1038/s41592-019-0358-6,31636459,CC0 1.0 Universal,Permitted,Permitted,U2OS,Homo sapiens,Bone,Osteosarcoma,Nuclear morphometry & DNA compaction screening,fluorescence,20x,0.645 um/px,Fixed / Static,Hoechst 33342 (Nuclei / DNA),Baseline Vehicle Control (0.1% DMSO) / Bioactive library,True,True,False,False,False
BL-IMG-BBBC039-009,BBBC039v1,Broad Bioimage Benchmark Collection,"Caicedo JC, Goodman A, Karhohs KW, et al. Nucleus segmentation across imaging experiments: the 2018 Data Science Bowl. Nat Methods. 2019;16(12):1247-1253.",10.1038/s41592-019-0358-6,31636459,CC0 1.0 Universal,Permitted,Permitted,U2OS,Homo sapiens,Bone,Osteosarcoma,Nuclear morphometry & DNA compaction screening,fluorescence,20x,0.645 um/px,Fixed / Static,Hoechst 33342 (Nuclei / DNA),Baseline Vehicle Control (0.1% DMSO) / Bioactive library,True,True,False,False,False
BL-IMG-BBBC039-010,BBBC039v1,Broad Bioimage Benchmark Collection,"Caicedo JC, Goodman A, Karhohs KW, et al. Nucleus segmentation across imaging experiments: the 2018 Data Science Bowl. Nat Methods. 2019;16(12):1247-1253.",10.1038/s41592-019-0358-6,31636459,CC0 1.0 Universal,Permitted,Permitted,U2OS,Homo sapiens,Bone,Osteosarcoma,Nuclear morphometry & DNA compaction screening,fluorescence,20x,0.645 um/px,Fixed / Static,Hoechst 33342 (Nuclei / DNA),Baseline Vehicle Control (0.1% DMSO) / Bioactive library,True,True,False,False,False
BL-IMG-BBBC039-011,BBBC039v1,Broad Bioimage Benchmark Collection,"Caicedo JC, Goodman A, Karhohs KW, et al. Nucleus segmentation across imaging experiments: the 2018 Data Science Bowl. Nat Methods. 2019;16(12):1247-1253.",10.1038/s41592-019-0358-6,31636459,CC0 1.0 Universal,Permitted,Permitted,U2OS,Homo sapiens,Bone,Osteosarcoma,Nuclear morphometry & DNA compaction screening,fluorescence,20x,0.645 um/px,Fixed / Static,Hoechst 33342 (Nuclei / DNA),Baseline Vehicle Control (0.1% DMSO) / Bioactive library,True,True,False,False,False
BL-IMG-BBBC039-012,BBBC039v1,Broad Bioimage Benchmark Collection,"Caicedo JC, Goodman A, Karhohs KW, et al. Nucleus segmentation across imaging experiments: the 2018 Data Science Bowl. Nat Methods. 2019;16(12):1247-1253.",10.1038/s41592-019-0358-6,31636459,CC0 1.0 Universal,Permitted,Permitted,U2OS,Homo sapiens,Bone,Osteosarcoma,Nuclear morphometry & DNA compaction screening,fluorescence,20x,0.645 um/px,Fixed / Static,Hoechst 33342 (Nuclei / DNA),Baseline Vehicle Control (0.1% DMSO) / Bioactive library,True,True,False,False,False
BL-IMG-BBBC039-013,BBBC039v1,Broad Bioimage Benchmark Collection,"Caicedo JC, Goodman A, Karhohs KW, et al. Nucleus segmentation across imaging experiments: the 2018 Data Science Bowl. Nat Methods. 2019;16(12):1247-1253.",10.1038/s41592-019-0358-6,31636459,CC0 1.0 Universal,Permitted,Permitted,U2OS,Homo sapiens,Bone,Osteosarcoma,Nuclear morphometry & DNA compaction screening,fluorescence,20x,0.645 um/px,Fixed / Static,Hoechst 33342 (Nuclei / DNA),Baseline Vehicle Control (0.1% DMSO) / Bioactive library,True,True,False,False,False
BL-IMG-BBBC039-014,BBBC039v1,Broad Bioimage Benchmark Collection,"Caicedo JC, Goodman A, Karhohs KW, et al. Nucleus segmentation across imaging experiments: the 2018 Data Science Bowl. Nat Methods. 2019;16(12):1247-1253.",10.1038/s41592-019-0358-6,31636459,CC0 1.0 Universal,Permitted,Permitted,U2OS,Homo sapiens,Bone,Osteosarcoma,Nuclear morphometry & DNA compaction screening,fluorescence,20x,0.645 um/px,Fixed / Static,Hoechst 33342 (Nuclei / DNA),Baseline Vehicle Control (0.1% DMSO) / Bioactive library,True,True,False,False,False
BL-IMG-BBBC039-015,BBBC039v1,Broad Bioimage Benchmark Collection,"Caicedo JC, Goodman A, Karhohs KW, et al. Nucleus segmentation across imaging experiments: the 2018 Data Science Bowl. Nat Methods. 2019;16(12):1247-1253.",10.1038/s41592-019-0358-6,31636459,CC0 1.0 Universal,Permitted,Permitted,U2OS,Homo sapiens,Bone,Osteosarcoma,Nuclear morphometry & DNA compaction screening,fluorescence,20x,0.645 um/px,Fixed / Static,Hoechst 33342 (Nuclei / DNA),Baseline Vehicle Control (0.1% DMSO) / Bioactive library,True,True,False,False,False
BL-IMG-BBBC039-016,BBBC039v1,Broad Bioimage Benchmark Collection,"Caicedo JC, Goodman A, Karhohs KW, et al. Nucleus segmentation across imaging experiments: the 2018 Data Science Bowl. Nat Methods. 2019;16(12):1247-1253.",10.1038/s41592-019-0358-6,31636459,CC0 1.0 Universal,Permitted,Permitted,U2OS,Homo sapiens,Bone,Osteosarcoma,Nuclear morphometry & DNA compaction screening,fluorescence,20x,0.645 um/px,Fixed / Static,Hoechst 33342 (Nuclei / DNA),Baseline Vehicle Control (0.1% DMSO) / Bioactive library,True,True,False,False,False
BL-IMG-BBBC039-017,BBBC039v1,Broad Bioimage Benchmark Collection,"Caicedo JC, Goodman A, Karhohs KW, et al. Nucleus segmentation across imaging experiments: the 2018 Data Science Bowl. Nat Methods. 2019;16(12):1247-1253.",10.1038/s41592-019-0358-6,31636459,CC0 1.0 Universal,Permitted,Permitted,U2OS,Homo sapiens,Bone,Osteosarcoma,Nuclear morphometry & DNA compaction screening,fluorescence,20x,0.645 um/px,Fixed / Static,Hoechst 33342 (Nuclei / DNA),Baseline Vehicle Control (0.1% DMSO) / Bioactive library,True,True,False,False,False
BL-IMG-BBBC039-018,BBBC039v1,Broad Bioimage Benchmark Collection,"Caicedo JC, Goodman A, Karhohs KW, et al. Nucleus segmentation across imaging experiments: the 2018 Data Science Bowl. Nat Methods. 2019;16(12):1247-1253.",10.1038/s41592-019-0358-6,31636459,CC0 1.0 Universal,Permitted,Permitted,U2OS,Homo sapiens,Bone,Osteosarcoma,Nuclear morphometry & DNA compaction screening,fluorescence,20x,0.645 um/px,Fixed / Static,Hoechst 33342 (Nuclei / DNA),Baseline Vehicle Control (0.1% DMSO) / Bioactive library,True,True,False,False,False
BL-IMG-BBBC039-019,BBBC039v1,Broad Bioimage Benchmark Collection,"Caicedo JC, Goodman A, Karhohs KW, et al. Nucleus segmentation across imaging experiments: the 2018 Data Science Bowl. Nat Methods. 2019;16(12):1247-1253.",10.1038/s41592-019-0358-6,31636459,CC0 1.0 Universal,Permitted,Permitted,U2OS,Homo sapiens,Bone,Osteosarcoma,Nuclear morphometry & DNA compaction screening,fluorescence,20x,0.645 um/px,Fixed / Static,Hoechst 33342 (Nuclei / DNA),Baseline Vehicle Control (0.1% DMSO) / Bioactive library,True,True,False,False,False
BL-IMG-BBBC039-020,BBBC039v1,Broad Bioimage Benchmark Collection,"Caicedo JC, Goodman A, Karhohs KW, et al. Nucleus segmentation across imaging experiments: the 2018 Data Science Bowl. Nat Methods. 2019;16(12):1247-1253.",10.1038/s41592-019-0358-6,31636459,CC0 1.0 Universal,Permitted,Permitted,U2OS,Homo sapiens,Bone,Osteosarcoma,Nuclear morphometry & DNA compaction screening,fluorescence,20x,0.645 um/px,Fixed / Static,Hoechst 33342 (Nuclei / DNA),Baseline Vehicle Control (0.1% DMSO) / Bioactive library,True,True,False,False,False
BL-IMG-BBBC039-021,BBBC039v1,Broad Bioimage Benchmark Collection,"Caicedo JC, Goodman A, Karhohs KW, et al. Nucleus segmentation across imaging experiments: the 2018 Data Science Bowl. Nat Methods. 2019;16(12):1247-1253.",10.1038/s41592-019-0358-6,31636459,CC0 1.0 Universal,Permitted,Permitted,U2OS,Homo sapiens,Bone,Osteosarcoma,Nuclear morphometry & DNA compaction screening,fluorescence,20x,0.645 um/px,Fixed / Static,Hoechst 33342 (Nuclei / DNA),Baseline Vehicle Control (0.1% DMSO) / Bioactive library,True,True,False,False,False
BL-IMG-BBBC039-022,BBBC039v1,Broad Bioimage Benchmark Collection,"Caicedo JC, Goodman A, Karhohs KW, et al. Nucleus segmentation across imaging experiments: the 2018 Data Science Bowl. Nat Methods. 2019;16(12):1247-1253.",10.1038/s41592-019-0358-6,31636459,CC0 1.0 Universal,Permitted,Permitted,U2OS,Homo sapiens,Bone,Osteosarcoma,Nuclear morphometry & DNA compaction screening,fluorescence,20x,0.645 um/px,Fixed / Static,Hoechst 33342 (Nuclei / DNA),Baseline Vehicle Control (0.1% DMSO) / Bioactive library,True,True,False,False,False
BL-IMG-BBBC039-023,BBBC039v1,Broad Bioimage Benchmark Collection,"Caicedo JC, Goodman A, Karhohs KW, et al. Nucleus segmentation across imaging experiments: the 2018 Data Science Bowl. Nat Methods. 2019;16(12):1247-1253.",10.1038/s41592-019-0358-6,31636459,CC0 1.0 Universal,Permitted,Permitted,U2OS,Homo sapiens,Bone,Osteosarcoma,Nuclear morphometry & DNA compaction screening,fluorescence,20x,0.645 um/px,Fixed / Static,Hoechst 33342 (Nuclei / DNA),Baseline Vehicle Control (0.1% DMSO) / Bioactive library,True,True,False,False,False
BL-IMG-BBBC039-024,BBBC039v1,Broad Bioimage Benchmark Collection,"Caicedo JC, Goodman A, Karhohs KW, et al. Nucleus segmentation across imaging experiments: the 2018 Data Science Bowl. Nat Methods. 2019;16(12):1247-1253.",10.1038/s41592-019-0358-6,31636459,CC0 1.0 Universal,Permitted,Permitted,U2OS,Homo sapiens,Bone,Osteosarcoma,Nuclear morphometry & DNA compaction screening,fluorescence,20x,0.645 um/px,Fixed / Static,Hoechst 33342 (Nuclei / DNA),Baseline Vehicle Control (0.1% DMSO) / Bioactive library,True,True,False,False,False
BL-IMG-BBBC039-025,BBBC039v1,Broad Bioimage Benchmark Collection,"Caicedo JC, Goodman A, Karhohs KW, et al. Nucleus segmentation across imaging experiments: the 2018 Data Science Bowl. Nat Methods. 2019;16(12):1247-1253.",10.1038/s41592-019-0358-6,31636459,CC0 1.0 Universal,Permitted,Permitted,U2OS,Homo sapiens,Bone,Osteosarcoma,Nuclear morphometry & DNA compaction screening,fluorescence,20x,0.645 um/px,Fixed / Static,Hoechst 33342 (Nuclei / DNA),Baseline Vehicle Control (0.1% DMSO) / Bioactive library,True,True,False,False,False
BL-IMG-BBBC039-026,BBBC039v1,Broad Bioimage Benchmark Collection,"Caicedo JC, Goodman A, Karhohs KW, et al. Nucleus segmentation across imaging experiments: the 2018 Data Science Bowl. Nat Methods. 2019;16(12):1247-1253.",10.1038/s41592-019-0358-6,31636459,CC0 1.0 Universal,Permitted,Permitted,U2OS,Homo sapiens,Bone,Osteosarcoma,Nuclear morphometry & DNA compaction screening,fluorescence,20x,0.645 um/px,Fixed / Static,Hoechst 33342 (Nuclei / DNA),Baseline Vehicle Control (0.1% DMSO) / Bioactive library,True,True,False,False,False
BL-IMG-BBBC039-027,BBBC039v1,Broad Bioimage Benchmark Collection,"Caicedo JC, Goodman A, Karhohs KW, et al. Nucleus segmentation across imaging experiments: the 2018 Data Science Bowl. Nat Methods. 2019;16(12):1247-1253.",10.1038/s41592-019-0358-6,31636459,CC0 1.0 Universal,Permitted,Permitted,U2OS,Homo sapiens,Bone,Osteosarcoma,Nuclear morphometry & DNA compaction screening,fluorescence,20x,0.645 um/px,Fixed / Static,Hoechst 33342 (Nuclei / DNA),Baseline Vehicle Control (0.1% DMSO) / Bioactive library,True,True,False,False,False
BL-IMG-BBBC039-028,BBBC039v1,Broad Bioimage Benchmark Collection,"Caicedo JC, Goodman A, Karhohs KW, et al. Nucleus segmentation across imaging experiments: the 2018 Data Science Bowl. Nat Methods. 2019;16(12):1247-1253.",10.1038/s41592-019-0358-6,31636459,CC0 1.0 Universal,Permitted,Permitted,U2OS,Homo sapiens,Bone,Osteosarcoma,Nuclear morphometry & DNA compaction screening,fluorescence,20x,0.645 um/px,Fixed / Static,Hoechst 33342 (Nuclei / DNA),Baseline Vehicle Control (0.1% DMSO) / Bioactive library,True,True,False,False,False
BL-IMG-BBBC039-029,BBBC039v1,Broad Bioimage Benchmark Collection,"Caicedo JC, Goodman A, Karhohs KW, et al. Nucleus segmentation across imaging experiments: the 2018 Data Science Bowl. Nat Methods. 2019;16(12):1247-1253.",10.1038/s41592-019-0358-6,31636459,CC0 1.0 Universal,Permitted,Permitted,U2OS,Homo sapiens,Bone,Osteosarcoma,Nuclear morphometry & DNA compaction screening,fluorescence,20x,0.645 um/px,Fixed / Static,Hoechst 33342 (Nuclei / DNA),Baseline Vehicle Control (0.1% DMSO) / Bioactive library,True,True,False,False,False
BL-IMG-BBBC039-030,BBBC039v1,Broad Bioimage Benchmark Collection,"Caicedo JC, Goodman A, Karhohs KW, et al. Nucleus segmentation across imaging experiments: the 2018 Data Science Bowl. Nat Methods. 2019;16(12):1247-1253.",10.1038/s41592-019-0358-6,31636459,CC0 1.0 Universal,Permitted,Permitted,U2OS,Homo sapiens,Bone,Osteosarcoma,Nuclear morphometry & DNA compaction screening,fluorescence,20x,0.645 um/px,Fixed / Static,Hoechst 33342 (Nuclei / DNA),Baseline Vehicle Control (0.1% DMSO) / Bioactive library,True,True,False,False,False
BL-IMG-BBBC039-031,BBBC039v1,Broad Bioimage Benchmark Collection,"Caicedo JC, Goodman A, Karhohs KW, et al. Nucleus segmentation across imaging experiments: the 2018 Data Science Bowl. Nat Methods. 2019;16(12):1247-1253.",10.1038/s41592-019-0358-6,31636459,CC0 1.0 Universal,Permitted,Permitted,U2OS,Homo sapiens,Bone,Osteosarcoma,Nuclear morphometry & DNA compaction screening,fluorescence,20x,0.645 um/px,Fixed / Static,Hoechst 33342 (Nuclei / DNA),Baseline Vehicle Control (0.1% DMSO) / Bioactive library,True,True,False,False,False
BL-IMG-BBBC039-032,BBBC039v1,Broad Bioimage Benchmark Collection,"Caicedo JC, Goodman A, Karhohs KW, et al. Nucleus segmentation across imaging experiments: the 2018 Data Science Bowl. Nat Methods. 2019;16(12):1247-1253.",10.1038/s41592-019-0358-6,31636459,CC0 1.0 Universal,Permitted,Permitted,U2OS,Homo sapiens,Bone,Osteosarcoma,Nuclear morphometry & DNA compaction screening,fluorescence,20x,0.645 um/px,Fixed / Static,Hoechst 33342 (Nuclei / DNA),Baseline Vehicle Control (0.1% DMSO) / Bioactive library,True,True,False,False,False
BL-IMG-BBBC039-033,BBBC039v1,Broad Bioimage Benchmark Collection,"Caicedo JC, Goodman A, Karhohs KW, et al. Nucleus segmentation across imaging experiments: the 2018 Data Science Bowl. Nat Methods. 2019;16(12):1247-1253.",10.1038/s41592-019-0358-6,31636459,CC0 1.0 Universal,Permitted,Permitted,U2OS,Homo sapiens,Bone,Osteosarcoma,Nuclear morphometry & DNA compaction screening,fluorescence,20x,0.645 um/px,Fixed / Static,Hoechst 33342 (Nuclei / DNA),Baseline Vehicle Control (0.1% DMSO) / Bioactive library,True,True,False,False,False
BL-IMG-BBBC039-034,BBBC039v1,Broad Bioimage Benchmark Collection,"Caicedo JC, Goodman A, Karhohs KW, et al. Nucleus segmentation across imaging experiments: the 2018 Data Science Bowl. Nat Methods. 2019;16(12):1247-1253.",10.1038/s41592-019-0358-6,31636459,CC0 1.0 Universal,Permitted,Permitted,U2OS,Homo sapiens,Bone,Osteosarcoma,Nuclear morphometry & DNA compaction screening,fluorescence,20x,0.645 um/px,Fixed / Static,Hoechst 33342 (Nuclei / DNA),Baseline Vehicle Control (0.1% DMSO) / Bioactive library,True,True,False,False,False
BL-IMG-BBBC039-035,BBBC039v1,Broad Bioimage Benchmark Collection,"Caicedo JC, Goodman A, Karhohs KW, et al. Nucleus segmentation across imaging experiments: the 2018 Data Science Bowl. Nat Methods. 2019;16(12):1247-1253.",10.1038/s41592-019-0358-6,31636459,CC0 1.0 Universal,Permitted,Permitted,U2OS,Homo sapiens,Bone,Osteosarcoma,Nuclear morphometry & DNA compaction screening,fluorescence,20x,0.645 um/px,Fixed / Static,Hoechst 33342 (Nuclei / DNA),Baseline Vehicle Control (0.1% DMSO) / Bioactive library,True,True,False,False,False
BL-IMG-BBBC039-036,BBBC039v1,Broad Bioimage Benchmark Collection,"Caicedo JC, Goodman A, Karhohs KW, et al. Nucleus segmentation across imaging experiments: the 2018 Data Science Bowl. Nat Methods. 2019;16(12):1247-1253.",10.1038/s41592-019-0358-6,31636459,CC0 1.0 Universal,Permitted,Permitted,U2OS,Homo sapiens,Bone,Osteosarcoma,Nuclear morphometry & DNA compaction screening,fluorescence,20x,0.645 um/px,Fixed / Static,Hoechst 33342 (Nuclei / DNA),Baseline Vehicle Control (0.1% DMSO) / Bioactive library,True,True,False,False,False
BL-IMG-BBBC039-037,BBBC039v1,Broad Bioimage Benchmark Collection,"Caicedo JC, Goodman A, Karhohs KW, et al. Nucleus segmentation across imaging experiments: the 2018 Data Science Bowl. Nat Methods. 2019;16(12):1247-1253.",10.1038/s41592-019-0358-6,31636459,CC0 1.0 Universal,Permitted,Permitted,U2OS,Homo sapiens,Bone,Osteosarcoma,Nuclear morphometry & DNA compaction screening,fluorescence,20x,0.645 um/px,Fixed / Static,Hoechst 33342 (Nuclei / DNA),Baseline Vehicle Control (0.1% DMSO) / Bioactive library,True,True,False,False,False
BL-IMG-BBBC039-038,BBBC039v1,Broad Bioimage Benchmark Collection,"Caicedo JC, Goodman A, Karhohs KW, et al. Nucleus segmentation across imaging experiments: the 2018 Data Science Bowl. Nat Methods. 2019;16(12):1247-1253.",10.1038/s41592-019-0358-6,31636459,CC0 1.0 Universal,Permitted,Permitted,U2OS,Homo sapiens,Bone,Osteosarcoma,Nuclear morphometry & DNA compaction screening,fluorescence,20x,0.645 um/px,Fixed / Static,Hoechst 33342 (Nuclei / DNA),Baseline Vehicle Control (0.1% DMSO) / Bioactive library,True,True,False,False,False
BL-IMG-BBBC039-039,BBBC039v1,Broad Bioimage Benchmark Collection,"Caicedo JC, Goodman A, Karhohs KW, et al. Nucleus segmentation across imaging experiments: the 2018 Data Science Bowl. Nat Methods. 2019;16(12):1247-1253.",10.1038/s41592-019-0358-6,31636459,CC0 1.0 Universal,Permitted,Permitted,U2OS,Homo sapiens,Bone,Osteosarcoma,Nuclear morphometry & DNA compaction screening,fluorescence,20x,0.645 um/px,Fixed / Static,Hoechst 33342 (Nuclei / DNA),Baseline Vehicle Control (0.1% DMSO) / Bioactive library,True,True,False,False,False
BL-IMG-BBBC039-040,BBBC039v1,Broad Bioimage Benchmark Collection,"Caicedo JC, Goodman A, Karhohs KW, et al. Nucleus segmentation across imaging experiments: the 2018 Data Science Bowl. Nat Methods. 2019;16(12):1247-1253.",10.1038/s41592-019-0358-6,31636459,CC0 1.0 Universal,Permitted,Permitted,U2OS,Homo sapiens,Bone,Osteosarcoma,Nuclear morphometry & DNA compaction screening,fluorescence,20x,0.645 um/px,Fixed / Static,Hoechst 33342 (Nuclei / DNA),Baseline Vehicle Control (0.1% DMSO) / Bioactive library,True,True,False,False,False
BL-IMG-BBBC039-041,BBBC039v1,Broad Bioimage Benchmark Collection,"Caicedo JC, Goodman A, Karhohs KW, et al. Nucleus segmentation across imaging experiments: the 2018 Data Science Bowl. Nat Methods. 2019;16(12):1247-1253.",10.1038/s41592-019-0358-6,31636459,CC0 1.0 Universal,Permitted,Permitted,U2OS,Homo sapiens,Bone,Osteosarcoma,Nuclear morphometry & DNA compaction screening,fluorescence,20x,0.645 um/px,Fixed / Static,Hoechst 33342 (Nuclei / DNA),Baseline Vehicle Control (0.1% DMSO) / Bioactive library,True,True,False,False,False
BL-IMG-BBBC039-042,BBBC039v1,Broad Bioimage Benchmark Collection,"Caicedo JC, Goodman A, Karhohs KW, et al. Nucleus segmentation across imaging experiments: the 2018 Data Science Bowl. Nat Methods. 2019;16(12):1247-1253.",10.1038/s41592-019-0358-6,31636459,CC0 1.0 Universal,Permitted,Permitted,U2OS,Homo sapiens,Bone,Osteosarcoma,Nuclear morphometry & DNA compaction screening,fluorescence,20x,0.645 um/px,Fixed / Static,Hoechst 33342 (Nuclei / DNA),Baseline Vehicle Control (0.1% DMSO) / Bioactive library,True,True,False,False,False
BL-IMG-BBBC039-043,BBBC039v1,Broad Bioimage Benchmark Collection,"Caicedo JC, Goodman A, Karhohs KW, et al. Nucleus segmentation across imaging experiments: the 2018 Data Science Bowl. Nat Methods. 2019;16(12):1247-1253.",10.1038/s41592-019-0358-6,31636459,CC0 1.0 Universal,Permitted,Permitted,U2OS,Homo sapiens,Bone,Osteosarcoma,Nuclear morphometry & DNA compaction screening,fluorescence,20x,0.645 um/px,Fixed / Static,Hoechst 33342 (Nuclei / DNA),Baseline Vehicle Control (0.1% DMSO) / Bioactive library,True,True,False,False,False
BL-IMG-BBBC039-044,BBBC039v1,Broad Bioimage Benchmark Collection,"Caicedo JC, Goodman A, Karhohs KW, et al. Nucleus segmentation across imaging experiments: the 2018 Data Science Bowl. Nat Methods. 2019;16(12):1247-1253.",10.1038/s41592-019-0358-6,31636459,CC0 1.0 Universal,Permitted,Permitted,U2OS,Homo sapiens,Bone,Osteosarcoma,Nuclear morphometry & DNA compaction screening,fluorescence,20x,0.645 um/px,Fixed / Static,Hoechst 33342 (Nuclei / DNA),Baseline Vehicle Control (0.1% DMSO) / Bioactive library,True,True,False,False,False
BL-IMG-BBBC039-045,BBBC039v1,Broad Bioimage Benchmark Collection,"Caicedo JC, Goodman A, Karhohs KW, et al. Nucleus segmentation across imaging experiments: the 2018 Data Science Bowl. Nat Methods. 2019;16(12):1247-1253.",10.1038/s41592-019-0358-6,31636459,CC0 1.0 Universal,Permitted,Permitted,U2OS,Homo sapiens,Bone,Osteosarcoma,Nuclear morphometry & DNA compaction screening,fluorescence,20x,0.645 um/px,Fixed / Static,Hoechst 33342 (Nuclei / DNA),Baseline Vehicle Control (0.1% DMSO) / Bioactive library,True,True,False,False,False
BL-IMG-BBBC039-046,BBBC039v1,Broad Bioimage Benchmark Collection,"Caicedo JC, Goodman A, Karhohs KW, et al. Nucleus segmentation across imaging experiments: the 2018 Data Science Bowl. Nat Methods. 2019;16(12):1247-1253.",10.1038/s41592-019-0358-6,31636459,CC0 1.0 Universal,Permitted,Permitted,U2OS,Homo sapiens,Bone,Osteosarcoma,Nuclear morphometry & DNA compaction screening,fluorescence,20x,0.645 um/px,Fixed / Static,Hoechst 33342 (Nuclei / DNA),Baseline Vehicle Control (0.1% DMSO) / Bioactive library,True,True,False,False,False
BL-IMG-BBBC039-047,BBBC039v1,Broad Bioimage Benchmark Collection,"Caicedo JC, Goodman A, Karhohs KW, et al. Nucleus segmentation across imaging experiments: the 2018 Data Science Bowl. Nat Methods. 2019;16(12):1247-1253.",10.1038/s41592-019-0358-6,31636459,CC0 1.0 Universal,Permitted,Permitted,U2OS,Homo sapiens,Bone,Osteosarcoma,Nuclear morphometry & DNA compaction screening,fluorescence,20x,0.645 um/px,Fixed / Static,Hoechst 33342 (Nuclei / DNA),Baseline Vehicle Control (0.1% DMSO) / Bioactive library,True,True,False,False,False
BL-IMG-BBBC039-048,BBBC039v1,Broad Bioimage Benchmark Collection,"Caicedo JC, Goodman A, Karhohs KW, et al. Nucleus segmentation across imaging experiments: the 2018 Data Science Bowl. Nat Methods. 2019;16(12):1247-1253.",10.1038/s41592-019-0358-6,31636459,CC0 1.0 Universal,Permitted,Permitted,U2OS,Homo sapiens,Bone,Osteosarcoma,Nuclear morphometry & DNA compaction screening,fluorescence,20x,0.645 um/px,Fixed / Static,Hoechst 33342 (Nuclei / DNA),Baseline Vehicle Control (0.1% DMSO) / Bioactive library,True,True,False,False,False
BL-IMG-BBBC039-049,BBBC039v1,Broad Bioimage Benchmark Collection,"Caicedo JC, Goodman A, Karhohs KW, et al. Nucleus segmentation across imaging experiments: the 2018 Data Science Bowl. Nat Methods. 2019;16(12):1247-1253.",10.1038/s41592-019-0358-6,31636459,CC0 1.0 Universal,Permitted,Permitted,U2OS,Homo sapiens,Bone,Osteosarcoma,Nuclear morphometry & DNA compaction screening,fluorescence,20x,0.645 um/px,Fixed / Static,Hoechst 33342 (Nuclei / DNA),Baseline Vehicle Control (0.1% DMSO) / Bioactive library,True,True,False,False,False
BL-IMG-BBBC039-050,BBBC039v1,Broad Bioimage Benchmark Collection,"Caicedo JC, Goodman A, Karhohs KW, et al. Nucleus segmentation across imaging experiments: the 2018 Data Science Bowl. Nat Methods. 2019;16(12):1247-1253.",10.1038/s41592-019-0358-6,31636459,CC0 1.0 Universal,Permitted,Permitted,U2OS,Homo sapiens,Bone,Osteosarcoma,Nuclear morphometry & DNA compaction screening,fluorescence,20x,0.645 um/px,Fixed / Static,Hoechst 33342 (Nuclei / DNA),Baseline Vehicle Control (0.1% DMSO) / Bioactive library,True,True,False,False,False
BL-IMG-BBBC039-051,BBBC039v1,Broad Bioimage Benchmark Collection,"Caicedo JC, Goodman A, Karhohs KW, et al. Nucleus segmentation across imaging experiments: the 2018 Data Science Bowl. Nat Methods. 2019;16(12):1247-1253.",10.1038/s41592-019-0358-6,31636459,CC0 1.0 Universal,Permitted,Permitted,U2OS,Homo sapiens,Bone,Osteosarcoma,Nuclear morphometry & DNA compaction screening,fluorescence,20x,0.645 um/px,Fixed / Static,Hoechst 33342 (Nuclei / DNA),Baseline Vehicle Control (0.1% DMSO) / Bioactive library,True,True,False,False,False
BL-IMG-BBBC039-052,BBBC039v1,Broad Bioimage Benchmark Collection,"Caicedo JC, Goodman A, Karhohs KW, et al. Nucleus segmentation across imaging experiments: the 2018 Data Science Bowl. Nat Methods. 2019;16(12):1247-1253.",10.1038/s41592-019-0358-6,31636459,CC0 1.0 Universal,Permitted,Permitted,U2OS,Homo sapiens,Bone,Osteosarcoma,Nuclear morphometry & DNA compaction screening,fluorescence,20x,0.645 um/px,Fixed / Static,Hoechst 33342 (Nuclei / DNA),Baseline Vehicle Control (0.1% DMSO) / Bioactive library,True,True,False,False,False
BL-IMG-BBBC039-053,BBBC039v1,Broad Bioimage Benchmark Collection,"Caicedo JC, Goodman A, Karhohs KW, et al. Nucleus segmentation across imaging experiments: the 2018 Data Science Bowl. Nat Methods. 2019;16(12):1247-1253.",10.1038/s41592-019-0358-6,31636459,CC0 1.0 Universal,Permitted,Permitted,U2OS,Homo sapiens,Bone,Osteosarcoma,Nuclear morphometry & DNA compaction screening,fluorescence,20x,0.645 um/px,Fixed / Static,Hoechst 33342 (Nuclei / DNA),Baseline Vehicle Control (0.1% DMSO) / Bioactive library,True,True,False,False,False
BL-IMG-BBBC039-054,BBBC039v1,Broad Bioimage Benchmark Collection,"Caicedo JC, Goodman A, Karhohs KW, et al. Nucleus segmentation across imaging experiments: the 2018 Data Science Bowl. Nat Methods. 2019;16(12):1247-1253.",10.1038/s41592-019-0358-6,31636459,CC0 1.0 Universal,Permitted,Permitted,U2OS,Homo sapiens,Bone,Osteosarcoma,Nuclear morphometry & DNA compaction screening,fluorescence,20x,0.645 um/px,Fixed / Static,Hoechst 33342 (Nuclei / DNA),Baseline Vehicle Control (0.1% DMSO) / Bioactive library,True,True,False,False,False
BL-IMG-BBBC039-055,BBBC039v1,Broad Bioimage Benchmark Collection,"Caicedo JC, Goodman A, Karhohs KW, et al. Nucleus segmentation across imaging experiments: the 2018 Data Science Bowl. Nat Methods. 2019;16(12):1247-1253.",10.1038/s41592-019-0358-6,31636459,CC0 1.0 Universal,Permitted,Permitted,U2OS,Homo sapiens,Bone,Osteosarcoma,Nuclear morphometry & DNA compaction screening,fluorescence,20x,0.645 um/px,Fixed / Static,Hoechst 33342 (Nuclei / DNA),Baseline Vehicle Control (0.1% DMSO) / Bioactive library,True,True,False,False,False
BL-IMG-BBBC039-056,BBBC039v1,Broad Bioimage Benchmark Collection,"Caicedo JC, Goodman A, Karhohs KW, et al. Nucleus segmentation across imaging experiments: the 2018 Data Science Bowl. Nat Methods. 2019;16(12):1247-1253.",10.1038/s41592-019-0358-6,31636459,CC0 1.0 Universal,Permitted,Permitted,U2OS,Homo sapiens,Bone,Osteosarcoma,Nuclear morphometry & DNA compaction screening,fluorescence,20x,0.645 um/px,Fixed / Static,Hoechst 33342 (Nuclei / DNA),Baseline Vehicle Control (0.1% DMSO) / Bioactive library,True,True,False,False,False
BL-IMG-BBBC039-057,BBBC039v1,Broad Bioimage Benchmark Collection,"Caicedo JC, Goodman A, Karhohs KW, et al. Nucleus segmentation across imaging experiments: the 2018 Data Science Bowl. Nat Methods. 2019;16(12):1247-1253.",10.1038/s41592-019-0358-6,31636459,CC0 1.0 Universal,Permitted,Permitted,U2OS,Homo sapiens,Bone,Osteosarcoma,Nuclear morphometry & DNA compaction screening,fluorescence,20x,0.645 um/px,Fixed / Static,Hoechst 33342 (Nuclei / DNA),Baseline Vehicle Control (0.1% DMSO) / Bioactive library,True,True,False,False,False
BL-IMG-BBBC039-058,BBBC039v1,Broad Bioimage Benchmark Collection,"Caicedo JC, Goodman A, Karhohs KW, et al. Nucleus segmentation across imaging experiments: the 2018 Data Science Bowl. Nat Methods. 2019;16(12):1247-1253.",10.1038/s41592-019-0358-6,31636459,CC0 1.0 Universal,Permitted,Permitted,U2OS,Homo sapiens,Bone,Osteosarcoma,Nuclear morphometry & DNA compaction screening,fluorescence,20x,0.645 um/px,Fixed / Static,Hoechst 33342 (Nuclei / DNA),Baseline Vehicle Control (0.1% DMSO) / Bioactive library,True,True,False,False,False
BL-IMG-BBBC039-059,BBBC039v1,Broad Bioimage Benchmark Collection,"Caicedo JC, Goodman A, Karhohs KW, et al. Nucleus segmentation across imaging experiments: the 2018 Data Science Bowl. Nat Methods. 2019;16(12):1247-1253.",10.1038/s41592-019-0358-6,31636459,CC0 1.0 Universal,Permitted,Permitted,U2OS,Homo sapiens,Bone,Osteosarcoma,Nuclear morphometry & DNA compaction screening,fluorescence,20x,0.645 um/px,Fixed / Static,Hoechst 33342 (Nuclei / DNA),Baseline Vehicle Control (0.1% DMSO) / Bioactive library,True,True,False,False,False
BL-IMG-BBBC039-060,BBBC039v1,Broad Bioimage Benchmark Collection,"Caicedo JC, Goodman A, Karhohs KW, et al. Nucleus segmentation across imaging experiments: the 2018 Data Science Bowl. Nat Methods. 2019;16(12):1247-1253.",10.1038/s41592-019-0358-6,31636459,CC0 1.0 Universal,Permitted,Permitted,U2OS,Homo sapiens,Bone,Osteosarcoma,Nuclear morphometry & DNA compaction screening,fluorescence,20x,0.645 um/px,Fixed / Static,Hoechst 33342 (Nuclei / DNA),Baseline Vehicle Control (0.1% DMSO) / Bioactive library,True,True,False,False,False
BL-IMG-BBBC039-061,BBBC039v1,Broad Bioimage Benchmark Collection,"Caicedo JC, Goodman A, Karhohs KW, et al. Nucleus segmentation across imaging experiments: the 2018 Data Science Bowl. Nat Methods. 2019;16(12):1247-1253.",10.1038/s41592-019-0358-6,31636459,CC0 1.0 Universal,Permitted,Permitted,U2OS,Homo sapiens,Bone,Osteosarcoma,Nuclear morphometry & DNA compaction screening,fluorescence,20x,0.645 um/px,Fixed / Static,Hoechst 33342 (Nuclei / DNA),Baseline Vehicle Control (0.1% DMSO) / Bioactive library,True,True,False,False,False
BL-IMG-BBBC039-062,BBBC039v1,Broad Bioimage Benchmark Collection,"Caicedo JC, Goodman A, Karhohs KW, et al. Nucleus segmentation across imaging experiments: the 2018 Data Science Bowl. Nat Methods. 2019;16(12):1247-1253.",10.1038/s41592-019-0358-6,31636459,CC0 1.0 Universal,Permitted,Permitted,U2OS,Homo sapiens,Bone,Osteosarcoma,Nuclear morphometry & DNA compaction screening,fluorescence,20x,0.645 um/px,Fixed / Static,Hoechst 33342 (Nuclei / DNA),Baseline Vehicle Control (0.1% DMSO) / Bioactive library,True,True,False,False,False
BL-IMG-BBBC039-063,BBBC039v1,Broad Bioimage Benchmark Collection,"Caicedo JC, Goodman A, Karhohs KW, et al. Nucleus segmentation across imaging experiments: the 2018 Data Science Bowl. Nat Methods. 2019;16(12):1247-1253.",10.1038/s41592-019-0358-6,31636459,CC0 1.0 Universal,Permitted,Permitted,U2OS,Homo sapiens,Bone,Osteosarcoma,Nuclear morphometry & DNA compaction screening,fluorescence,20x,0.645 um/px,Fixed / Static,Hoechst 33342 (Nuclei / DNA),Baseline Vehicle Control (0.1% DMSO) / Bioactive library,True,True,False,False,False
BL-IMG-BBBC039-064,BBBC039v1,Broad Bioimage Benchmark Collection,"Caicedo JC, Goodman A, Karhohs KW, et al. Nucleus segmentation across imaging experiments: the 2018 Data Science Bowl. Nat Methods. 2019;16(12):1247-1253.",10.1038/s41592-019-0358-6,31636459,CC0 1.0 Universal,Permitted,Permitted,U2OS,Homo sapiens,Bone,Osteosarcoma,Nuclear morphometry & DNA compaction screening,fluorescence,20x,0.645 um/px,Fixed / Static,Hoechst 33342 (Nuclei / DNA),Baseline Vehicle Control (0.1% DMSO) / Bioactive library,True,True,False,False,False
BL-IMG-BBBC039-065,BBBC039v1,Broad Bioimage Benchmark Collection,"Caicedo JC, Goodman A, Karhohs KW, et al. Nucleus segmentation across imaging experiments: the 2018 Data Science Bowl. Nat Methods. 2019;16(12):1247-1253.",10.1038/s41592-019-0358-6,31636459,CC0 1.0 Universal,Permitted,Permitted,U2OS,Homo sapiens,Bone,Osteosarcoma,Nuclear morphometry & DNA compaction screening,fluorescence,20x,0.645 um/px,Fixed / Static,Hoechst 33342 (Nuclei / DNA),Baseline Vehicle Control (0.1% DMSO) / Bioactive library,True,True,False,False,False
BL-IMG-BBBC039-066,BBBC039v1,Broad Bioimage Benchmark Collection,"Caicedo JC, Goodman A, Karhohs KW, et al. Nucleus segmentation across imaging experiments: the 2018 Data Science Bowl. Nat Methods. 2019;16(12):1247-1253.",10.1038/s41592-019-0358-6,31636459,CC0 1.0 Universal,Permitted,Permitted,U2OS,Homo sapiens,Bone,Osteosarcoma,Nuclear morphometry & DNA compaction screening,fluorescence,20x,0.645 um/px,Fixed / Static,Hoechst 33342 (Nuclei / DNA),Baseline Vehicle Control (0.1% DMSO) / Bioactive library,True,True,False,False,False
BL-IMG-BBBC039-067,BBBC039v1,Broad Bioimage Benchmark Collection,"Caicedo JC, Goodman A, Karhohs KW, et al. Nucleus segmentation across imaging experiments: the 2018 Data Science Bowl. Nat Methods. 2019;16(12):1247-1253.",10.1038/s41592-019-0358-6,31636459,CC0 1.0 Universal,Permitted,Permitted,U2OS,Homo sapiens,Bone,Osteosarcoma,Nuclear morphometry & DNA compaction screening,fluorescence,20x,0.645 um/px,Fixed / Static,Hoechst 33342 (Nuclei / DNA),Baseline Vehicle Control (0.1% DMSO) / Bioactive library,True,True,False,False,False
BL-IMG-BBBC039-068,BBBC039v1,Broad Bioimage Benchmark Collection,"Caicedo JC, Goodman A, Karhohs KW, et al. Nucleus segmentation across imaging experiments: the 2018 Data Science Bowl. Nat Methods. 2019;16(12):1247-1253.",10.1038/s41592-019-0358-6,31636459,CC0 1.0 Universal,Permitted,Permitted,U2OS,Homo sapiens,Bone,Osteosarcoma,Nuclear morphometry & DNA compaction screening,fluorescence,20x,0.645 um/px,Fixed / Static,Hoechst 33342 (Nuclei / DNA),Baseline Vehicle Control (0.1% DMSO) / Bioactive library,True,True,False,False,False
BL-IMG-BBBC039-069,BBBC039v1,Broad Bioimage Benchmark Collection,"Caicedo JC, Goodman A, Karhohs KW, et al. Nucleus segmentation across imaging experiments: the 2018 Data Science Bowl. Nat Methods. 2019;16(12):1247-1253.",10.1038/s41592-019-0358-6,31636459,CC0 1.0 Universal,Permitted,Permitted,U2OS,Homo sapiens,Bone,Osteosarcoma,Nuclear morphometry & DNA compaction screening,fluorescence,20x,0.645 um/px,Fixed / Static,Hoechst 33342 (Nuclei / DNA),Baseline Vehicle Control (0.1% DMSO) / Bioactive library,True,True,False,False,False
BL-IMG-BBBC039-070,BBBC039v1,Broad Bioimage Benchmark Collection,"Caicedo JC, Goodman A, Karhohs KW, et al. Nucleus segmentation across imaging experiments: the 2018 Data Science Bowl. Nat Methods. 2019;16(12):1247-1253.",10.1038/s41592-019-0358-6,31636459,CC0 1.0 Universal,Permitted,Permitted,U2OS,Homo sapiens,Bone,Osteosarcoma,Nuclear morphometry & DNA compaction screening,fluorescence,20x,0.645 um/px,Fixed / Static,Hoechst 33342 (Nuclei / DNA),Baseline Vehicle Control (0.1% DMSO) / Bioactive library,True,True,False,False,False
BL-IMG-BBBC039-071,BBBC039v1,Broad Bioimage Benchmark Collection,"Caicedo JC, Goodman A, Karhohs KW, et al. Nucleus segmentation across imaging experiments: the 2018 Data Science Bowl. Nat Methods. 2019;16(12):1247-1253.",10.1038/s41592-019-0358-6,31636459,CC0 1.0 Universal,Permitted,Permitted,U2OS,Homo sapiens,Bone,Osteosarcoma,Nuclear morphometry & DNA compaction screening,fluorescence,20x,0.645 um/px,Fixed / Static,Hoechst 33342 (Nuclei / DNA),Baseline Vehicle Control (0.1% DMSO) / Bioactive library,True,True,False,False,False
BL-IMG-BBBC039-072,BBBC039v1,Broad Bioimage Benchmark Collection,"Caicedo JC, Goodman A, Karhohs KW, et al. Nucleus segmentation across imaging experiments: the 2018 Data Science Bowl. Nat Methods. 2019;16(12):1247-1253.",10.1038/s41592-019-0358-6,31636459,CC0 1.0 Universal,Permitted,Permitted,U2OS,Homo sapiens,Bone,Osteosarcoma,Nuclear morphometry & DNA compaction screening,fluorescence,20x,0.645 um/px,Fixed / Static,Hoechst 33342 (Nuclei / DNA),Baseline Vehicle Control (0.1% DMSO) / Bioactive library,True,True,False,False,False
BL-IMG-BBBC039-073,BBBC039v1,Broad Bioimage Benchmark Collection,"Caicedo JC, Goodman A, Karhohs KW, et al. Nucleus segmentation across imaging experiments: the 2018 Data Science Bowl. Nat Methods. 2019;16(12):1247-1253.",10.1038/s41592-019-0358-6,31636459,CC0 1.0 Universal,Permitted,Permitted,U2OS,Homo sapiens,Bone,Osteosarcoma,Nuclear morphometry & DNA compaction screening,fluorescence,20x,0.645 um/px,Fixed / Static,Hoechst 33342 (Nuclei / DNA),Baseline Vehicle Control (0.1% DMSO) / Bioactive library,True,True,False,False,False
BL-IMG-BBBC039-074,BBBC039v1,Broad Bioimage Benchmark Collection,"Caicedo JC, Goodman A, Karhohs KW, et al. Nucleus segmentation across imaging experiments: the 2018 Data Science Bowl. Nat Methods. 2019;16(12):1247-1253.",10.1038/s41592-019-0358-6,31636459,CC0 1.0 Universal,Permitted,Permitted,U2OS,Homo sapiens,Bone,Osteosarcoma,Nuclear morphometry & DNA compaction screening,fluorescence,20x,0.645 um/px,Fixed / Static,Hoechst 33342 (Nuclei / DNA),Baseline Vehicle Control (0.1% DMSO) / Bioactive library,True,True,False,False,False
BL-IMG-BBBC039-075,BBBC039v1,Broad Bioimage Benchmark Collection,"Caicedo JC, Goodman A, Karhohs KW, et al. Nucleus segmentation across imaging experiments: the 2018 Data Science Bowl. Nat Methods. 2019;16(12):1247-1253.",10.1038/s41592-019-0358-6,31636459,CC0 1.0 Universal,Permitted,Permitted,U2OS,Homo sapiens,Bone,Osteosarcoma,Nuclear morphometry & DNA compaction screening,fluorescence,20x,0.645 um/px,Fixed / Static,Hoechst 33342 (Nuclei / DNA),Baseline Vehicle Control (0.1% DMSO) / Bioactive library,True,True,False,False,False
BL-IMG-BBBC039-076,BBBC039v1,Broad Bioimage Benchmark Collection,"Caicedo JC, Goodman A, Karhohs KW, et al. Nucleus segmentation across imaging experiments: the 2018 Data Science Bowl. Nat Methods. 2019;16(12):1247-1253.",10.1038/s41592-019-0358-6,31636459,CC0 1.0 Universal,Permitted,Permitted,U2OS,Homo sapiens,Bone,Osteosarcoma,Nuclear morphometry & DNA compaction screening,fluorescence,20x,0.645 um/px,Fixed / Static,Hoechst 33342 (Nuclei / DNA),Baseline Vehicle Control (0.1% DMSO) / Bioactive library,True,True,False,False,False
BL-IMG-BBBC039-077,BBBC039v1,Broad Bioimage Benchmark Collection,"Caicedo JC, Goodman A, Karhohs KW, et al. Nucleus segmentation across imaging experiments: the 2018 Data Science Bowl. Nat Methods. 2019;16(12):1247-1253.",10.1038/s41592-019-0358-6,31636459,CC0 1.0 Universal,Permitted,Permitted,U2OS,Homo sapiens,Bone,Osteosarcoma,Nuclear morphometry & DNA compaction screening,fluorescence,20x,0.645 um/px,Fixed / Static,Hoechst 33342 (Nuclei / DNA),Baseline Vehicle Control (0.1% DMSO) / Bioactive library,True,True,False,False,False
BL-IMG-BBBC039-078,BBBC039v1,Broad Bioimage Benchmark Collection,"Caicedo JC, Goodman A, Karhohs KW, et al. Nucleus segmentation across imaging experiments: the 2018 Data Science Bowl. Nat Methods. 2019;16(12):1247-1253.",10.1038/s41592-019-0358-6,31636459,CC0 1.0 Universal,Permitted,Permitted,U2OS,Homo sapiens,Bone,Osteosarcoma,Nuclear morphometry & DNA compaction screening,fluorescence,20x,0.645 um/px,Fixed / Static,Hoechst 33342 (Nuclei / DNA),Baseline Vehicle Control (0.1% DMSO) / Bioactive library,True,True,False,False,False
BL-IMG-BBBC039-079,BBBC039v1,Broad Bioimage Benchmark Collection,"Caicedo JC, Goodman A, Karhohs KW, et al. Nucleus segmentation across imaging experiments: the 2018 Data Science Bowl. Nat Methods. 2019;16(12):1247-1253.",10.1038/s41592-019-0358-6,31636459,CC0 1.0 Universal,Permitted,Permitted,U2OS,Homo sapiens,Bone,Osteosarcoma,Nuclear morphometry & DNA compaction screening,fluorescence,20x,0.645 um/px,Fixed / Static,Hoechst 33342 (Nuclei / DNA),Baseline Vehicle Control (0.1% DMSO) / Bioactive library,True,True,False,False,False
BL-IMG-BBBC039-080,BBBC039v1,Broad Bioimage Benchmark Collection,"Caicedo JC, Goodman A, Karhohs KW, et al. Nucleus segmentation across imaging experiments: the 2018 Data Science Bowl. Nat Methods. 2019;16(12):1247-1253.",10.1038/s41592-019-0358-6,31636459,CC0 1.0 Universal,Permitted,Permitted,U2OS,Homo sapiens,Bone,Osteosarcoma,Nuclear morphometry & DNA compaction screening,fluorescence,20x,0.645 um/px,Fixed / Static,Hoechst 33342 (Nuclei / DNA),Baseline Vehicle Control (0.1% DMSO) / Bioactive library,True,True,False,False,False
BL-IMG-BBBC039-081,BBBC039v1,Broad Bioimage Benchmark Collection,"Caicedo JC, Goodman A, Karhohs KW, et al. Nucleus segmentation across imaging experiments: the 2018 Data Science Bowl. Nat Methods. 2019;16(12):1247-1253.",10.1038/s41592-019-0358-6,31636459,CC0 1.0 Universal,Permitted,Permitted,U2OS,Homo sapiens,Bone,Osteosarcoma,Nuclear morphometry & DNA compaction screening,fluorescence,20x,0.645 um/px,Fixed / Static,Hoechst 33342 (Nuclei / DNA),Baseline Vehicle Control (0.1% DMSO) / Bioactive library,True,True,False,False,False
BL-IMG-BBBC039-082,BBBC039v1,Broad Bioimage Benchmark Collection,"Caicedo JC, Goodman A, Karhohs KW, et al. Nucleus segmentation across imaging experiments: the 2018 Data Science Bowl. Nat Methods. 2019;16(12):1247-1253.",10.1038/s41592-019-0358-6,31636459,CC0 1.0 Universal,Permitted,Permitted,U2OS,Homo sapiens,Bone,Osteosarcoma,Nuclear morphometry & DNA compaction screening,fluorescence,20x,0.645 um/px,Fixed / Static,Hoechst 33342 (Nuclei / DNA),Baseline Vehicle Control (0.1% DMSO) / Bioactive library,True,True,False,False,False
BL-IMG-BBBC039-083,BBBC039v1,Broad Bioimage Benchmark Collection,"Caicedo JC, Goodman A, Karhohs KW, et al. Nucleus segmentation across imaging experiments: the 2018 Data Science Bowl. Nat Methods. 2019;16(12):1247-1253.",10.1038/s41592-019-0358-6,31636459,CC0 1.0 Universal,Permitted,Permitted,U2OS,Homo sapiens,Bone,Osteosarcoma,Nuclear morphometry & DNA compaction screening,fluorescence,20x,0.645 um/px,Fixed / Static,Hoechst 33342 (Nuclei / DNA),Baseline Vehicle Control (0.1% DMSO) / Bioactive library,True,True,False,False,False
BL-IMG-BBBC039-084,BBBC039v1,Broad Bioimage Benchmark Collection,"Caicedo JC, Goodman A, Karhohs KW, et al. Nucleus segmentation across imaging experiments: the 2018 Data Science Bowl. Nat Methods. 2019;16(12):1247-1253.",10.1038/s41592-019-0358-6,31636459,CC0 1.0 Universal,Permitted,Permitted,U2OS,Homo sapiens,Bone,Osteosarcoma,Nuclear morphometry & DNA compaction screening,fluorescence,20x,0.645 um/px,Fixed / Static,Hoechst 33342 (Nuclei / DNA),Baseline Vehicle Control (0.1% DMSO) / Bioactive library,True,True,False,False,False
BL-IMG-BBBC039-085,BBBC039v1,Broad Bioimage Benchmark Collection,"Caicedo JC, Goodman A, Karhohs KW, et al. Nucleus segmentation across imaging experiments: the 2018 Data Science Bowl. Nat Methods. 2019;16(12):1247-1253.",10.1038/s41592-019-0358-6,31636459,CC0 1.0 Universal,Permitted,Permitted,U2OS,Homo sapiens,Bone,Osteosarcoma,Nuclear morphometry & DNA compaction screening,fluorescence,20x,0.645 um/px,Fixed / Static,Hoechst 33342 (Nuclei / DNA),Baseline Vehicle Control (0.1% DMSO) / Bioactive library,True,True,False,False,False
BL-IMG-BBBC039-086,BBBC039v1,Broad Bioimage Benchmark Collection,"Caicedo JC, Goodman A, Karhohs KW, et al. Nucleus segmentation across imaging experiments: the 2018 Data Science Bowl. Nat Methods. 2019;16(12):1247-1253.",10.1038/s41592-019-0358-6,31636459,CC0 1.0 Universal,Permitted,Permitted,U2OS,Homo sapiens,Bone,Osteosarcoma,Nuclear morphometry & DNA compaction screening,fluorescence,20x,0.645 um/px,Fixed / Static,Hoechst 33342 (Nuclei / DNA),Baseline Vehicle Control (0.1% DMSO) / Bioactive library,True,True,False,False,False
BL-IMG-BBBC039-087,BBBC039v1,Broad Bioimage Benchmark Collection,"Caicedo JC, Goodman A, Karhohs KW, et al. Nucleus segmentation across imaging experiments: the 2018 Data Science Bowl. Nat Methods. 2019;16(12):1247-1253.",10.1038/s41592-019-0358-6,31636459,CC0 1.0 Universal,Permitted,Permitted,U2OS,Homo sapiens,Bone,Osteosarcoma,Nuclear morphometry & DNA compaction screening,fluorescence,20x,0.645 um/px,Fixed / Static,Hoechst 33342 (Nuclei / DNA),Baseline Vehicle Control (0.1% DMSO) / Bioactive library,True,True,False,False,False
BL-IMG-BBBC039-088,BBBC039v1,Broad Bioimage Benchmark Collection,"Caicedo JC, Goodman A, Karhohs KW, et al. Nucleus segmentation across imaging experiments: the 2018 Data Science Bowl. Nat Methods. 2019;16(12):1247-1253.",10.1038/s41592-019-0358-6,31636459,CC0 1.0 Universal,Permitted,Permitted,U2OS,Homo sapiens,Bone,Osteosarcoma,Nuclear morphometry & DNA compaction screening,fluorescence,20x,0.645 um/px,Fixed / Static,Hoechst 33342 (Nuclei / DNA),Baseline Vehicle Control (0.1% DMSO) / Bioactive library,True,True,False,False,False
BL-IMG-BBBC039-089,BBBC039v1,Broad Bioimage Benchmark Collection,"Caicedo JC, Goodman A, Karhohs KW, et al. Nucleus segmentation across imaging experiments: the 2018 Data Science Bowl. Nat Methods. 2019;16(12):1247-1253.",10.1038/s41592-019-0358-6,31636459,CC0 1.0 Universal,Permitted,Permitted,U2OS,Homo sapiens,Bone,Osteosarcoma,Nuclear morphometry & DNA compaction screening,fluorescence,20x,0.645 um/px,Fixed / Static,Hoechst 33342 (Nuclei / DNA),Baseline Vehicle Control (0.1% DMSO) / Bioactive library,True,True,False,False,False
BL-IMG-BBBC039-090,BBBC039v1,Broad Bioimage Benchmark Collection,"Caicedo JC, Goodman A, Karhohs KW, et al. Nucleus segmentation across imaging experiments: the 2018 Data Science Bowl. Nat Methods. 2019;16(12):1247-1253.",10.1038/s41592-019-0358-6,31636459,CC0 1.0 Universal,Permitted,Permitted,U2OS,Homo sapiens,Bone,Osteosarcoma,Nuclear morphometry & DNA compaction screening,fluorescence,20x,0.645 um/px,Fixed / Static,Hoechst 33342 (Nuclei / DNA),Baseline Vehicle Control (0.1% DMSO) / Bioactive library,True,True,False,False,False
BL-IMG-BBBC039-091,BBBC039v1,Broad Bioimage Benchmark Collection,"Caicedo JC, Goodman A, Karhohs KW, et al. Nucleus segmentation across imaging experiments: the 2018 Data Science Bowl. Nat Methods. 2019;16(12):1247-1253.",10.1038/s41592-019-0358-6,31636459,CC0 1.0 Universal,Permitted,Permitted,U2OS,Homo sapiens,Bone,Osteosarcoma,Nuclear morphometry & DNA compaction screening,fluorescence,20x,0.645 um/px,Fixed / Static,Hoechst 33342 (Nuclei / DNA),Baseline Vehicle Control (0.1% DMSO) / Bioactive library,True,True,False,False,False
BL-IMG-BBBC039-092,BBBC039v1,Broad Bioimage Benchmark Collection,"Caicedo JC, Goodman A, Karhohs KW, et al. Nucleus segmentation across imaging experiments: the 2018 Data Science Bowl. Nat Methods. 2019;16(12):1247-1253.",10.1038/s41592-019-0358-6,31636459,CC0 1.0 Universal,Permitted,Permitted,U2OS,Homo sapiens,Bone,Osteosarcoma,Nuclear morphometry & DNA compaction screening,fluorescence,20x,0.645 um/px,Fixed / Static,Hoechst 33342 (Nuclei / DNA),Baseline Vehicle Control (0.1% DMSO) / Bioactive library,True,True,False,False,False
BL-IMG-BBBC039-093,BBBC039v1,Broad Bioimage Benchmark Collection,"Caicedo JC, Goodman A, Karhohs KW, et al. Nucleus segmentation across imaging experiments: the 2018 Data Science Bowl. Nat Methods. 2019;16(12):1247-1253.",10.1038/s41592-019-0358-6,31636459,CC0 1.0 Universal,Permitted,Permitted,U2OS,Homo sapiens,Bone,Osteosarcoma,Nuclear morphometry & DNA compaction screening,fluorescence,20x,0.645 um/px,Fixed / Static,Hoechst 33342 (Nuclei / DNA),Baseline Vehicle Control (0.1% DMSO) / Bioactive library,True,True,False,False,False
BL-IMG-BBBC039-094,BBBC039v1,Broad Bioimage Benchmark Collection,"Caicedo JC, Goodman A, Karhohs KW, et al. Nucleus segmentation across imaging experiments: the 2018 Data Science Bowl. Nat Methods. 2019;16(12):1247-1253.",10.1038/s41592-019-0358-6,31636459,CC0 1.0 Universal,Permitted,Permitted,U2OS,Homo sapiens,Bone,Osteosarcoma,Nuclear morphometry & DNA compaction screening,fluorescence,20x,0.645 um/px,Fixed / Static,Hoechst 33342 (Nuclei / DNA),Baseline Vehicle Control (0.1% DMSO) / Bioactive library,True,True,False,False,False
BL-IMG-BBBC039-095,BBBC039v1,Broad Bioimage Benchmark Collection,"Caicedo JC, Goodman A, Karhohs KW, et al. Nucleus segmentation across imaging experiments: the 2018 Data Science Bowl. Nat Methods. 2019;16(12):1247-1253.",10.1038/s41592-019-0358-6,31636459,CC0 1.0 Universal,Permitted,Permitted,U2OS,Homo sapiens,Bone,Osteosarcoma,Nuclear morphometry & DNA compaction screening,fluorescence,20x,0.645 um/px,Fixed / Static,Hoechst 33342 (Nuclei / DNA),Baseline Vehicle Control (0.1% DMSO) / Bioactive library,True,True,False,False,False
BL-IMG-BBBC039-096,BBBC039v1,Broad Bioimage Benchmark Collection,"Caicedo JC, Goodman A, Karhohs KW, et al. Nucleus segmentation across imaging experiments: the 2018 Data Science Bowl. Nat Methods. 2019;16(12):1247-1253.",10.1038/s41592-019-0358-6,31636459,CC0 1.0 Universal,Permitted,Permitted,U2OS,Homo sapiens,Bone,Osteosarcoma,Nuclear morphometry & DNA compaction screening,fluorescence,20x,0.645 um/px,Fixed / Static,Hoechst 33342 (Nuclei / DNA),Baseline Vehicle Control (0.1% DMSO) / Bioactive library,True,True,False,False,False
BL-IMG-BBBC039-097,BBBC039v1,Broad Bioimage Benchmark Collection,"Caicedo JC, Goodman A, Karhohs KW, et al. Nucleus segmentation across imaging experiments: the 2018 Data Science Bowl. Nat Methods. 2019;16(12):1247-1253.",10.1038/s41592-019-0358-6,31636459,CC0 1.0 Universal,Permitted,Permitted,U2OS,Homo sapiens,Bone,Osteosarcoma,Nuclear morphometry & DNA compaction screening,fluorescence,20x,0.645 um/px,Fixed / Static,Hoechst 33342 (Nuclei / DNA),Baseline Vehicle Control (0.1% DMSO) / Bioactive library,True,True,False,False,False
BL-IMG-BBBC039-098,BBBC039v1,Broad Bioimage Benchmark Collection,"Caicedo JC, Goodman A, Karhohs KW, et al. Nucleus segmentation across imaging experiments: the 2018 Data Science Bowl. Nat Methods. 2019;16(12):1247-1253.",10.1038/s41592-019-0358-6,31636459,CC0 1.0 Universal,Permitted,Permitted,U2OS,Homo sapiens,Bone,Osteosarcoma,Nuclear morphometry & DNA compaction screening,fluorescence,20x,0.645 um/px,Fixed / Static,Hoechst 33342 (Nuclei / DNA),Baseline Vehicle Control (0.1% DMSO) / Bioactive library,True,True,False,False,False
BL-IMG-BBBC039-099,BBBC039v1,Broad Bioimage Benchmark Collection,"Caicedo JC, Goodman A, Karhohs KW, et al. Nucleus segmentation across imaging experiments: the 2018 Data Science Bowl. Nat Methods. 2019;16(12):1247-1253.",10.1038/s41592-019-0358-6,31636459,CC0 1.0 Universal,Permitted,Permitted,U2OS,Homo sapiens,Bone,Osteosarcoma,Nuclear morphometry & DNA compaction screening,fluorescence,20x,0.645 um/px,Fixed / Static,Hoechst 33342 (Nuclei / DNA),Baseline Vehicle Control (0.1% DMSO) / Bioactive library,True,True,False,False,False
BL-IMG-BBBC039-100,BBBC039v1,Broad Bioimage Benchmark Collection,"Caicedo JC, Goodman A, Karhohs KW, et al. Nucleus segmentation across imaging experiments: the 2018 Data Science Bowl. Nat Methods. 2019;16(12):1247-1253.",10.1038/s41592-019-0358-6,31636459,CC0 1.0 Universal,Permitted,Permitted,U2OS,Homo sapiens,Bone,Osteosarcoma,Nuclear morphometry & DNA compaction screening,fluorescence,20x,0.645 um/px,Fixed / Static,Hoechst 33342 (Nuclei / DNA),Baseline Vehicle Control (0.1% DMSO) / Bioactive library,True,True,False,False,False
BL-IMG-BBBC039-101,BBBC039v1,Broad Bioimage Benchmark Collection,"Caicedo JC, Goodman A, Karhohs KW, et al. Nucleus segmentation across imaging experiments: the 2018 Data Science Bowl. Nat Methods. 2019;16(12):1247-1253.",10.1038/s41592-019-0358-6,31636459,CC0 1.0 Universal,Permitted,Permitted,U2OS,Homo sapiens,Bone,Osteosarcoma,Nuclear morphometry & DNA compaction screening,fluorescence,20x,0.645 um/px,Fixed / Static,Hoechst 33342 (Nuclei / DNA),Baseline Vehicle Control (0.1% DMSO) / Bioactive library,True,True,False,False,False
BL-IMG-BBBC039-102,BBBC039v1,Broad Bioimage Benchmark Collection,"Caicedo JC, Goodman A, Karhohs KW, et al. Nucleus segmentation across imaging experiments: the 2018 Data Science Bowl. Nat Methods. 2019;16(12):1247-1253.",10.1038/s41592-019-0358-6,31636459,CC0 1.0 Universal,Permitted,Permitted,U2OS,Homo sapiens,Bone,Osteosarcoma,Nuclear morphometry & DNA compaction screening,fluorescence,20x,0.645 um/px,Fixed / Static,Hoechst 33342 (Nuclei / DNA),Baseline Vehicle Control (0.1% DMSO) / Bioactive library,True,True,False,False,False
BL-IMG-BBBC039-103,BBBC039v1,Broad Bioimage Benchmark Collection,"Caicedo JC, Goodman A, Karhohs KW, et al. Nucleus segmentation across imaging experiments: the 2018 Data Science Bowl. Nat Methods. 2019;16(12):1247-1253.",10.1038/s41592-019-0358-6,31636459,CC0 1.0 Universal,Permitted,Permitted,U2OS,Homo sapiens,Bone,Osteosarcoma,Nuclear morphometry & DNA compaction screening,fluorescence,20x,0.645 um/px,Fixed / Static,Hoechst 33342 (Nuclei / DNA),Baseline Vehicle Control (0.1% DMSO) / Bioactive library,True,True,False,False,False
BL-IMG-BBBC039-104,BBBC039v1,Broad Bioimage Benchmark Collection,"Caicedo JC, Goodman A, Karhohs KW, et al. Nucleus segmentation across imaging experiments: the 2018 Data Science Bowl. Nat Methods. 2019;16(12):1247-1253.",10.1038/s41592-019-0358-6,31636459,CC0 1.0 Universal,Permitted,Permitted,U2OS,Homo sapiens,Bone,Osteosarcoma,Nuclear morphometry & DNA compaction screening,fluorescence,20x,0.645 um/px,Fixed / Static,Hoechst 33342 (Nuclei / DNA),Baseline Vehicle Control (0.1% DMSO) / Bioactive library,True,True,False,False,False
BL-IMG-BBBC039-105,BBBC039v1,Broad Bioimage Benchmark Collection,"Caicedo JC, Goodman A, Karhohs KW, et al. Nucleus segmentation across imaging experiments: the 2018 Data Science Bowl. Nat Methods. 2019;16(12):1247-1253.",10.1038/s41592-019-0358-6,31636459,CC0 1.0 Universal,Permitted,Permitted,U2OS,Homo sapiens,Bone,Osteosarcoma,Nuclear morphometry & DNA compaction screening,fluorescence,20x,0.645 um/px,Fixed / Static,Hoechst 33342 (Nuclei / DNA),Baseline Vehicle Control (0.1% DMSO) / Bioactive library,True,True,False,False,False
BL-IMG-BBBC039-106,BBBC039v1,Broad Bioimage Benchmark Collection,"Caicedo JC, Goodman A, Karhohs KW, et al. Nucleus segmentation across imaging experiments: the 2018 Data Science Bowl. Nat Methods. 2019;16(12):1247-1253.",10.1038/s41592-019-0358-6,31636459,CC0 1.0 Universal,Permitted,Permitted,U2OS,Homo sapiens,Bone,Osteosarcoma,Nuclear morphometry & DNA compaction screening,fluorescence,20x,0.645 um/px,Fixed / Static,Hoechst 33342 (Nuclei / DNA),Baseline Vehicle Control (0.1% DMSO) / Bioactive library,True,True,False,False,False
BL-IMG-BBBC039-107,BBBC039v1,Broad Bioimage Benchmark Collection,"Caicedo JC, Goodman A, Karhohs KW, et al. Nucleus segmentation across imaging experiments: the 2018 Data Science Bowl. Nat Methods. 2019;16(12):1247-1253.",10.1038/s41592-019-0358-6,31636459,CC0 1.0 Universal,Permitted,Permitted,U2OS,Homo sapiens,Bone,Osteosarcoma,Nuclear morphometry & DNA compaction screening,fluorescence,20x,0.645 um/px,Fixed / Static,Hoechst 33342 (Nuclei / DNA),Baseline Vehicle Control (0.1% DMSO) / Bioactive library,True,True,False,False,False
BL-IMG-BBBC039-108,BBBC039v1,Broad Bioimage Benchmark Collection,"Caicedo JC, Goodman A, Karhohs KW, et al. Nucleus segmentation across imaging experiments: the 2018 Data Science Bowl. Nat Methods. 2019;16(12):1247-1253.",10.1038/s41592-019-0358-6,31636459,CC0 1.0 Universal,Permitted,Permitted,U2OS,Homo sapiens,Bone,Osteosarcoma,Nuclear morphometry & DNA compaction screening,fluorescence,20x,0.645 um/px,Fixed / Static,Hoechst 33342 (Nuclei / DNA),Baseline Vehicle Control (0.1% DMSO) / Bioactive library,True,True,False,False,False
BL-IMG-BBBC039-109,BBBC039v1,Broad Bioimage Benchmark Collection,"Caicedo JC, Goodman A, Karhohs KW, et al. Nucleus segmentation across imaging experiments: the 2018 Data Science Bowl. Nat Methods. 2019;16(12):1247-1253.",10.1038/s41592-019-0358-6,31636459,CC0 1.0 Universal,Permitted,Permitted,U2OS,Homo sapiens,Bone,Osteosarcoma,Nuclear morphometry & DNA compaction screening,fluorescence,20x,0.645 um/px,Fixed / Static,Hoechst 33342 (Nuclei / DNA),Baseline Vehicle Control (0.1% DMSO) / Bioactive library,True,True,False,False,False
BL-IMG-BBBC039-110,BBBC039v1,Broad Bioimage Benchmark Collection,"Caicedo JC, Goodman A, Karhohs KW, et al. Nucleus segmentation across imaging experiments: the 2018 Data Science Bowl. Nat Methods. 2019;16(12):1247-1253.",10.1038/s41592-019-0358-6,31636459,CC0 1.0 Universal,Permitted,Permitted,U2OS,Homo sapiens,Bone,Osteosarcoma,Nuclear morphometry & DNA compaction screening,fluorescence,20x,0.645 um/px,Fixed / Static,Hoechst 33342 (Nuclei / DNA),Baseline Vehicle Control (0.1% DMSO) / Bioactive library,True,True,False,False,False
BL-IMG-BBBC039-111,BBBC039v1,Broad Bioimage Benchmark Collection,"Caicedo JC, Goodman A, Karhohs KW, et al. Nucleus segmentation across imaging experiments: the 2018 Data Science Bowl. Nat Methods. 2019;16(12):1247-1253.",10.1038/s41592-019-0358-6,31636459,CC0 1.0 Universal,Permitted,Permitted,U2OS,Homo sapiens,Bone,Osteosarcoma,Nuclear morphometry & DNA compaction screening,fluorescence,20x,0.645 um/px,Fixed / Static,Hoechst 33342 (Nuclei / DNA),Baseline Vehicle Control (0.1% DMSO) / Bioactive library,True,True,False,False,False
BL-IMG-BBBC039-112,BBBC039v1,Broad Bioimage Benchmark Collection,"Caicedo JC, Goodman A, Karhohs KW, et al. Nucleus segmentation across imaging experiments: the 2018 Data Science Bowl. Nat Methods. 2019;16(12):1247-1253.",10.1038/s41592-019-0358-6,31636459,CC0 1.0 Universal,Permitted,Permitted,U2OS,Homo sapiens,Bone,Osteosarcoma,Nuclear morphometry & DNA compaction screening,fluorescence,20x,0.645 um/px,Fixed / Static,Hoechst 33342 (Nuclei / DNA),Baseline Vehicle Control (0.1% DMSO) / Bioactive library,True,True,False,False,False
BL-IMG-BBBC039-113,BBBC039v1,Broad Bioimage Benchmark Collection,"Caicedo JC, Goodman A, Karhohs KW, et al. Nucleus segmentation across imaging experiments: the 2018 Data Science Bowl. Nat Methods. 2019;16(12):1247-1253.",10.1038/s41592-019-0358-6,31636459,CC0 1.0 Universal,Permitted,Permitted,U2OS,Homo sapiens,Bone,Osteosarcoma,Nuclear morphometry & DNA compaction screening,fluorescence,20x,0.645 um/px,Fixed / Static,Hoechst 33342 (Nuclei / DNA),Baseline Vehicle Control (0.1% DMSO) / Bioactive library,True,True,False,False,False
BL-IMG-BBBC039-114,BBBC039v1,Broad Bioimage Benchmark Collection,"Caicedo JC, Goodman A, Karhohs KW, et al. Nucleus segmentation across imaging experiments: the 2018 Data Science Bowl. Nat Methods. 2019;16(12):1247-1253.",10.1038/s41592-019-0358-6,31636459,CC0 1.0 Universal,Permitted,Permitted,U2OS,Homo sapiens,Bone,Osteosarcoma,Nuclear morphometry & DNA compaction screening,fluorescence,20x,0.645 um/px,Fixed / Static,Hoechst 33342 (Nuclei / DNA),Baseline Vehicle Control (0.1% DMSO) / Bioactive library,True,True,False,False,False
BL-IMG-BBBC039-115,BBBC039v1,Broad Bioimage Benchmark Collection,"Caicedo JC, Goodman A, Karhohs KW, et al. Nucleus segmentation across imaging experiments: the 2018 Data Science Bowl. Nat Methods. 2019;16(12):1247-1253.",10.1038/s41592-019-0358-6,31636459,CC0 1.0 Universal,Permitted,Permitted,U2OS,Homo sapiens,Bone,Osteosarcoma,Nuclear morphometry & DNA compaction screening,fluorescence,20x,0.645 um/px,Fixed / Static,Hoechst 33342 (Nuclei / DNA),Baseline Vehicle Control (0.1% DMSO) / Bioactive library,True,True,False,False,False
BL-IMG-BBBC039-116,BBBC039v1,Broad Bioimage Benchmark Collection,"Caicedo JC, Goodman A, Karhohs KW, et al. Nucleus segmentation across imaging experiments: the 2018 Data Science Bowl. Nat Methods. 2019;16(12):1247-1253.",10.1038/s41592-019-0358-6,31636459,CC0 1.0 Universal,Permitted,Permitted,U2OS,Homo sapiens,Bone,Osteosarcoma,Nuclear morphometry & DNA compaction screening,fluorescence,20x,0.645 um/px,Fixed / Static,Hoechst 33342 (Nuclei / DNA),Baseline Vehicle Control (0.1% DMSO) / Bioactive library,True,True,False,False,False
BL-IMG-BBBC039-117,BBBC039v1,Broad Bioimage Benchmark Collection,"Caicedo JC, Goodman A, Karhohs KW, et al. Nucleus segmentation across imaging experiments: the 2018 Data Science Bowl. Nat Methods. 2019;16(12):1247-1253.",10.1038/s41592-019-0358-6,31636459,CC0 1.0 Universal,Permitted,Permitted,U2OS,Homo sapiens,Bone,Osteosarcoma,Nuclear morphometry & DNA compaction screening,fluorescence,20x,0.645 um/px,Fixed / Static,Hoechst 33342 (Nuclei / DNA),Baseline Vehicle Control (0.1% DMSO) / Bioactive library,True,True,False,False,False
BL-IMG-BBBC039-118,BBBC039v1,Broad Bioimage Benchmark Collection,"Caicedo JC, Goodman A, Karhohs KW, et al. Nucleus segmentation across imaging experiments: the 2018 Data Science Bowl. Nat Methods. 2019;16(12):1247-1253.",10.1038/s41592-019-0358-6,31636459,CC0 1.0 Universal,Permitted,Permitted,U2OS,Homo sapiens,Bone,Osteosarcoma,Nuclear morphometry & DNA compaction screening,fluorescence,20x,0.645 um/px,Fixed / Static,Hoechst 33342 (Nuclei / DNA),Baseline Vehicle Control (0.1% DMSO) / Bioactive library,True,True,False,False,False
BL-IMG-BBBC039-119,BBBC039v1,Broad Bioimage Benchmark Collection,"Caicedo JC, Goodman A, Karhohs KW, et al. Nucleus segmentation across imaging experiments: the 2018 Data Science Bowl. Nat Methods. 2019;16(12):1247-1253.",10.1038/s41592-019-0358-6,31636459,CC0 1.0 Universal,Permitted,Permitted,U2OS,Homo sapiens,Bone,Osteosarcoma,Nuclear morphometry & DNA compaction screening,fluorescence,20x,0.645 um/px,Fixed / Static,Hoechst 33342 (Nuclei / DNA),Baseline Vehicle Control (0.1% DMSO) / Bioactive library,True,True,False,False,False
BL-IMG-BBBC039-120,BBBC039v1,Broad Bioimage Benchmark Collection,"Caicedo JC, Goodman A, Karhohs KW, et al. Nucleus segmentation across imaging experiments: the 2018 Data Science Bowl. Nat Methods. 2019;16(12):1247-1253.",10.1038/s41592-019-0358-6,31636459,CC0 1.0 Universal,Permitted,Permitted,U2OS,Homo sapiens,Bone,Osteosarcoma,Nuclear morphometry & DNA compaction screening,fluorescence,20x,0.645 um/px,Fixed / Static,Hoechst 33342 (Nuclei / DNA),Baseline Vehicle Control (0.1% DMSO) / Bioactive library,True,True,False,False,False
BL-IMG-BBBC021-001,BBBC021v1,Broad Bioimage Benchmark Collection,"Caie PD, Walls RE, Ingleston-Orme A, et al. High-content phenotypic profiling of chemically treated human breast cancer cells for mechanism of action prediction. Chem Biol. 2010;17(8):828-837.",10.1016/j.chembiol.2010.05.020,20797613,CC0 1.0 Universal,Permitted,Permitted,MCF7,Homo sapiens,Mammary Gland,Breast Adenocarcinoma,Cytoskeletal architecture remodeling & mitotic spindle disruption,fluorescence,20x,0.645 um/px,Fixed / Static,DAPI (Nuclei) / Alexa 488 (beta-Tubulin) / Rhodamine (F-Actin),113 Bioactive Compounds (Microtubule/Actin/DNA agents),True,True,False,False,False
BL-IMG-BBBC021-002,BBBC021v1,Broad Bioimage Benchmark Collection,"Caie PD, Walls RE, Ingleston-Orme A, et al. High-content phenotypic profiling of chemically treated human breast cancer cells for mechanism of action prediction. Chem Biol. 2010;17(8):828-837.",10.1016/j.chembiol.2010.05.020,20797613,CC0 1.0 Universal,Permitted,Permitted,MCF7,Homo sapiens,Mammary Gland,Breast Adenocarcinoma,Cytoskeletal architecture remodeling & mitotic spindle disruption,fluorescence,20x,0.645 um/px,Fixed / Static,DAPI (Nuclei) / Alexa 488 (beta-Tubulin) / Rhodamine (F-Actin),113 Bioactive Compounds (Microtubule/Actin/DNA agents),True,True,False,False,False
BL-IMG-BBBC021-003,BBBC021v1,Broad Bioimage Benchmark Collection,"Caie PD, Walls RE, Ingleston-Orme A, et al. High-content phenotypic profiling of chemically treated human breast cancer cells for mechanism of action prediction. Chem Biol. 2010;17(8):828-837.",10.1016/j.chembiol.2010.05.020,20797613,CC0 1.0 Universal,Permitted,Permitted,MCF7,Homo sapiens,Mammary Gland,Breast Adenocarcinoma,Cytoskeletal architecture remodeling & mitotic spindle disruption,fluorescence,20x,0.645 um/px,Fixed / Static,DAPI (Nuclei) / Alexa 488 (beta-Tubulin) / Rhodamine (F-Actin),113 Bioactive Compounds (Microtubule/Actin/DNA agents),True,True,False,False,False
BL-IMG-BBBC021-004,BBBC021v1,Broad Bioimage Benchmark Collection,"Caie PD, Walls RE, Ingleston-Orme A, et al. High-content phenotypic profiling of chemically treated human breast cancer cells for mechanism of action prediction. Chem Biol. 2010;17(8):828-837.",10.1016/j.chembiol.2010.05.020,20797613,CC0 1.0 Universal,Permitted,Permitted,MCF7,Homo sapiens,Mammary Gland,Breast Adenocarcinoma,Cytoskeletal architecture remodeling & mitotic spindle disruption,fluorescence,20x,0.645 um/px,Fixed / Static,DAPI (Nuclei) / Alexa 488 (beta-Tubulin) / Rhodamine (F-Actin),113 Bioactive Compounds (Microtubule/Actin/DNA agents),True,True,False,False,False
BL-IMG-BBBC021-005,BBBC021v1,Broad Bioimage Benchmark Collection,"Caie PD, Walls RE, Ingleston-Orme A, et al. High-content phenotypic profiling of chemically treated human breast cancer cells for mechanism of action prediction. Chem Biol. 2010;17(8):828-837.",10.1016/j.chembiol.2010.05.020,20797613,CC0 1.0 Universal,Permitted,Permitted,MCF7,Homo sapiens,Mammary Gland,Breast Adenocarcinoma,Cytoskeletal architecture remodeling & mitotic spindle disruption,fluorescence,20x,0.645 um/px,Fixed / Static,DAPI (Nuclei) / Alexa 488 (beta-Tubulin) / Rhodamine (F-Actin),113 Bioactive Compounds (Microtubule/Actin/DNA agents),True,True,False,False,False
BL-IMG-BBBC021-006,BBBC021v1,Broad Bioimage Benchmark Collection,"Caie PD, Walls RE, Ingleston-Orme A, et al. High-content phenotypic profiling of chemically treated human breast cancer cells for mechanism of action prediction. Chem Biol. 2010;17(8):828-837.",10.1016/j.chembiol.2010.05.020,20797613,CC0 1.0 Universal,Permitted,Permitted,MCF7,Homo sapiens,Mammary Gland,Breast Adenocarcinoma,Cytoskeletal architecture remodeling & mitotic spindle disruption,fluorescence,20x,0.645 um/px,Fixed / Static,DAPI (Nuclei) / Alexa 488 (beta-Tubulin) / Rhodamine (F-Actin),113 Bioactive Compounds (Microtubule/Actin/DNA agents),True,True,False,False,False
BL-IMG-BBBC021-007,BBBC021v1,Broad Bioimage Benchmark Collection,"Caie PD, Walls RE, Ingleston-Orme A, et al. High-content phenotypic profiling of chemically treated human breast cancer cells for mechanism of action prediction. Chem Biol. 2010;17(8):828-837.",10.1016/j.chembiol.2010.05.020,20797613,CC0 1.0 Universal,Permitted,Permitted,MCF7,Homo sapiens,Mammary Gland,Breast Adenocarcinoma,Cytoskeletal architecture remodeling & mitotic spindle disruption,fluorescence,20x,0.645 um/px,Fixed / Static,DAPI (Nuclei) / Alexa 488 (beta-Tubulin) / Rhodamine (F-Actin),113 Bioactive Compounds (Microtubule/Actin/DNA agents),True,True,False,False,False
BL-IMG-BBBC021-008,BBBC021v1,Broad Bioimage Benchmark Collection,"Caie PD, Walls RE, Ingleston-Orme A, et al. High-content phenotypic profiling of chemically treated human breast cancer cells for mechanism of action prediction. Chem Biol. 2010;17(8):828-837.",10.1016/j.chembiol.2010.05.020,20797613,CC0 1.0 Universal,Permitted,Permitted,MCF7,Homo sapiens,Mammary Gland,Breast Adenocarcinoma,Cytoskeletal architecture remodeling & mitotic spindle disruption,fluorescence,20x,0.645 um/px,Fixed / Static,DAPI (Nuclei) / Alexa 488 (beta-Tubulin) / Rhodamine (F-Actin),113 Bioactive Compounds (Microtubule/Actin/DNA agents),True,True,False,False,False
BL-IMG-BBBC021-009,BBBC021v1,Broad Bioimage Benchmark Collection,"Caie PD, Walls RE, Ingleston-Orme A, et al. High-content phenotypic profiling of chemically treated human breast cancer cells for mechanism of action prediction. Chem Biol. 2010;17(8):828-837.",10.1016/j.chembiol.2010.05.020,20797613,CC0 1.0 Universal,Permitted,Permitted,MCF7,Homo sapiens,Mammary Gland,Breast Adenocarcinoma,Cytoskeletal architecture remodeling & mitotic spindle disruption,fluorescence,20x,0.645 um/px,Fixed / Static,DAPI (Nuclei) / Alexa 488 (beta-Tubulin) / Rhodamine (F-Actin),113 Bioactive Compounds (Microtubule/Actin/DNA agents),True,True,False,False,False
BL-IMG-BBBC021-010,BBBC021v1,Broad Bioimage Benchmark Collection,"Caie PD, Walls RE, Ingleston-Orme A, et al. High-content phenotypic profiling of chemically treated human breast cancer cells for mechanism of action prediction. Chem Biol. 2010;17(8):828-837.",10.1016/j.chembiol.2010.05.020,20797613,CC0 1.0 Universal,Permitted,Permitted,MCF7,Homo sapiens,Mammary Gland,Breast Adenocarcinoma,Cytoskeletal architecture remodeling & mitotic spindle disruption,fluorescence,20x,0.645 um/px,Fixed / Static,DAPI (Nuclei) / Alexa 488 (beta-Tubulin) / Rhodamine (F-Actin),113 Bioactive Compounds (Microtubule/Actin/DNA agents),True,True,False,False,False
BL-IMG-BBBC021-011,BBBC021v1,Broad Bioimage Benchmark Collection,"Caie PD, Walls RE, Ingleston-Orme A, et al. High-content phenotypic profiling of chemically treated human breast cancer cells for mechanism of action prediction. Chem Biol. 2010;17(8):828-837.",10.1016/j.chembiol.2010.05.020,20797613,CC0 1.0 Universal,Permitted,Permitted,MCF7,Homo sapiens,Mammary Gland,Breast Adenocarcinoma,Cytoskeletal architecture remodeling & mitotic spindle disruption,fluorescence,20x,0.645 um/px,Fixed / Static,DAPI (Nuclei) / Alexa 488 (beta-Tubulin) / Rhodamine (F-Actin),113 Bioactive Compounds (Microtubule/Actin/DNA agents),True,True,False,False,False
BL-IMG-BBBC021-012,BBBC021v1,Broad Bioimage Benchmark Collection,"Caie PD, Walls RE, Ingleston-Orme A, et al. High-content phenotypic profiling of chemically treated human breast cancer cells for mechanism of action prediction. Chem Biol. 2010;17(8):828-837.",10.1016/j.chembiol.2010.05.020,20797613,CC0 1.0 Universal,Permitted,Permitted,MCF7,Homo sapiens,Mammary Gland,Breast Adenocarcinoma,Cytoskeletal architecture remodeling & mitotic spindle disruption,fluorescence,20x,0.645 um/px,Fixed / Static,DAPI (Nuclei) / Alexa 488 (beta-Tubulin) / Rhodamine (F-Actin),113 Bioactive Compounds (Microtubule/Actin/DNA agents),True,True,False,False,False
BL-IMG-BBBC021-013,BBBC021v1,Broad Bioimage Benchmark Collection,"Caie PD, Walls RE, Ingleston-Orme A, et al. High-content phenotypic profiling of chemically treated human breast cancer cells for mechanism of action prediction. Chem Biol. 2010;17(8):828-837.",10.1016/j.chembiol.2010.05.020,20797613,CC0 1.0 Universal,Permitted,Permitted,MCF7,Homo sapiens,Mammary Gland,Breast Adenocarcinoma,Cytoskeletal architecture remodeling & mitotic spindle disruption,fluorescence,20x,0.645 um/px,Fixed / Static,DAPI (Nuclei) / Alexa 488 (beta-Tubulin) / Rhodamine (F-Actin),113 Bioactive Compounds (Microtubule/Actin/DNA agents),True,True,False,False,False
BL-IMG-BBBC021-014,BBBC021v1,Broad Bioimage Benchmark Collection,"Caie PD, Walls RE, Ingleston-Orme A, et al. High-content phenotypic profiling of chemically treated human breast cancer cells for mechanism of action prediction. Chem Biol. 2010;17(8):828-837.",10.1016/j.chembiol.2010.05.020,20797613,CC0 1.0 Universal,Permitted,Permitted,MCF7,Homo sapiens,Mammary Gland,Breast Adenocarcinoma,Cytoskeletal architecture remodeling & mitotic spindle disruption,fluorescence,20x,0.645 um/px,Fixed / Static,DAPI (Nuclei) / Alexa 488 (beta-Tubulin) / Rhodamine (F-Actin),113 Bioactive Compounds (Microtubule/Actin/DNA agents),True,True,False,False,False
BL-IMG-BBBC021-015,BBBC021v1,Broad Bioimage Benchmark Collection,"Caie PD, Walls RE, Ingleston-Orme A, et al. High-content phenotypic profiling of chemically treated human breast cancer cells for mechanism of action prediction. Chem Biol. 2010;17(8):828-837.",10.1016/j.chembiol.2010.05.020,20797613,CC0 1.0 Universal,Permitted,Permitted,MCF7,Homo sapiens,Mammary Gland,Breast Adenocarcinoma,Cytoskeletal architecture remodeling & mitotic spindle disruption,fluorescence,20x,0.645 um/px,Fixed / Static,DAPI (Nuclei) / Alexa 488 (beta-Tubulin) / Rhodamine (F-Actin),113 Bioactive Compounds (Microtubule/Actin/DNA agents),True,True,False,False,False
BL-IMG-BBBC021-016,BBBC021v1,Broad Bioimage Benchmark Collection,"Caie PD, Walls RE, Ingleston-Orme A, et al. High-content phenotypic profiling of chemically treated human breast cancer cells for mechanism of action prediction. Chem Biol. 2010;17(8):828-837.",10.1016/j.chembiol.2010.05.020,20797613,CC0 1.0 Universal,Permitted,Permitted,MCF7,Homo sapiens,Mammary Gland,Breast Adenocarcinoma,Cytoskeletal architecture remodeling & mitotic spindle disruption,fluorescence,20x,0.645 um/px,Fixed / Static,DAPI (Nuclei) / Alexa 488 (beta-Tubulin) / Rhodamine (F-Actin),113 Bioactive Compounds (Microtubule/Actin/DNA agents),True,True,False,False,False
BL-IMG-BBBC021-017,BBBC021v1,Broad Bioimage Benchmark Collection,"Caie PD, Walls RE, Ingleston-Orme A, et al. High-content phenotypic profiling of chemically treated human breast cancer cells for mechanism of action prediction. Chem Biol. 2010;17(8):828-837.",10.1016/j.chembiol.2010.05.020,20797613,CC0 1.0 Universal,Permitted,Permitted,MCF7,Homo sapiens,Mammary Gland,Breast Adenocarcinoma,Cytoskeletal architecture remodeling & mitotic spindle disruption,fluorescence,20x,0.645 um/px,Fixed / Static,DAPI (Nuclei) / Alexa 488 (beta-Tubulin) / Rhodamine (F-Actin),113 Bioactive Compounds (Microtubule/Actin/DNA agents),True,True,False,False,False
BL-IMG-BBBC021-018,BBBC021v1,Broad Bioimage Benchmark Collection,"Caie PD, Walls RE, Ingleston-Orme A, et al. High-content phenotypic profiling of chemically treated human breast cancer cells for mechanism of action prediction. Chem Biol. 2010;17(8):828-837.",10.1016/j.chembiol.2010.05.020,20797613,CC0 1.0 Universal,Permitted,Permitted,MCF7,Homo sapiens,Mammary Gland,Breast Adenocarcinoma,Cytoskeletal architecture remodeling & mitotic spindle disruption,fluorescence,20x,0.645 um/px,Fixed / Static,DAPI (Nuclei) / Alexa 488 (beta-Tubulin) / Rhodamine (F-Actin),113 Bioactive Compounds (Microtubule/Actin/DNA agents),True,True,False,False,False
BL-IMG-BBBC021-019,BBBC021v1,Broad Bioimage Benchmark Collection,"Caie PD, Walls RE, Ingleston-Orme A, et al. High-content phenotypic profiling of chemically treated human breast cancer cells for mechanism of action prediction. Chem Biol. 2010;17(8):828-837.",10.1016/j.chembiol.2010.05.020,20797613,CC0 1.0 Universal,Permitted,Permitted,MCF7,Homo sapiens,Mammary Gland,Breast Adenocarcinoma,Cytoskeletal architecture remodeling & mitotic spindle disruption,fluorescence,20x,0.645 um/px,Fixed / Static,DAPI (Nuclei) / Alexa 488 (beta-Tubulin) / Rhodamine (F-Actin),113 Bioactive Compounds (Microtubule/Actin/DNA agents),True,True,False,False,False
BL-IMG-BBBC021-020,BBBC021v1,Broad Bioimage Benchmark Collection,"Caie PD, Walls RE, Ingleston-Orme A, et al. High-content phenotypic profiling of chemically treated human breast cancer cells for mechanism of action prediction. Chem Biol. 2010;17(8):828-837.",10.1016/j.chembiol.2010.05.020,20797613,CC0 1.0 Universal,Permitted,Permitted,MCF7,Homo sapiens,Mammary Gland,Breast Adenocarcinoma,Cytoskeletal architecture remodeling & mitotic spindle disruption,fluorescence,20x,0.645 um/px,Fixed / Static,DAPI (Nuclei) / Alexa 488 (beta-Tubulin) / Rhodamine (F-Actin),113 Bioactive Compounds (Microtubule/Actin/DNA agents),True,True,False,False,False
BL-IMG-BBBC021-021,BBBC021v1,Broad Bioimage Benchmark Collection,"Caie PD, Walls RE, Ingleston-Orme A, et al. High-content phenotypic profiling of chemically treated human breast cancer cells for mechanism of action prediction. Chem Biol. 2010;17(8):828-837.",10.1016/j.chembiol.2010.05.020,20797613,CC0 1.0 Universal,Permitted,Permitted,MCF7,Homo sapiens,Mammary Gland,Breast Adenocarcinoma,Cytoskeletal architecture remodeling & mitotic spindle disruption,fluorescence,20x,0.645 um/px,Fixed / Static,DAPI (Nuclei) / Alexa 488 (beta-Tubulin) / Rhodamine (F-Actin),113 Bioactive Compounds (Microtubule/Actin/DNA agents),True,True,False,False,False
BL-IMG-BBBC021-022,BBBC021v1,Broad Bioimage Benchmark Collection,"Caie PD, Walls RE, Ingleston-Orme A, et al. High-content phenotypic profiling of chemically treated human breast cancer cells for mechanism of action prediction. Chem Biol. 2010;17(8):828-837.",10.1016/j.chembiol.2010.05.020,20797613,CC0 1.0 Universal,Permitted,Permitted,MCF7,Homo sapiens,Mammary Gland,Breast Adenocarcinoma,Cytoskeletal architecture remodeling & mitotic spindle disruption,fluorescence,20x,0.645 um/px,Fixed / Static,DAPI (Nuclei) / Alexa 488 (beta-Tubulin) / Rhodamine (F-Actin),113 Bioactive Compounds (Microtubule/Actin/DNA agents),True,True,False,False,False
BL-IMG-BBBC021-023,BBBC021v1,Broad Bioimage Benchmark Collection,"Caie PD, Walls RE, Ingleston-Orme A, et al. High-content phenotypic profiling of chemically treated human breast cancer cells for mechanism of action prediction. Chem Biol. 2010;17(8):828-837.",10.1016/j.chembiol.2010.05.020,20797613,CC0 1.0 Universal,Permitted,Permitted,MCF7,Homo sapiens,Mammary Gland,Breast Adenocarcinoma,Cytoskeletal architecture remodeling & mitotic spindle disruption,fluorescence,20x,0.645 um/px,Fixed / Static,DAPI (Nuclei) / Alexa 488 (beta-Tubulin) / Rhodamine (F-Actin),113 Bioactive Compounds (Microtubule/Actin/DNA agents),True,True,False,False,False
BL-IMG-BBBC021-024,BBBC021v1,Broad Bioimage Benchmark Collection,"Caie PD, Walls RE, Ingleston-Orme A, et al. High-content phenotypic profiling of chemically treated human breast cancer cells for mechanism of action prediction. Chem Biol. 2010;17(8):828-837.",10.1016/j.chembiol.2010.05.020,20797613,CC0 1.0 Universal,Permitted,Permitted,MCF7,Homo sapiens,Mammary Gland,Breast Adenocarcinoma,Cytoskeletal architecture remodeling & mitotic spindle disruption,fluorescence,20x,0.645 um/px,Fixed / Static,DAPI (Nuclei) / Alexa 488 (beta-Tubulin) / Rhodamine (F-Actin),113 Bioactive Compounds (Microtubule/Actin/DNA agents),True,True,False,False,False
BL-IMG-BBBC021-025,BBBC021v1,Broad Bioimage Benchmark Collection,"Caie PD, Walls RE, Ingleston-Orme A, et al. High-content phenotypic profiling of chemically treated human breast cancer cells for mechanism of action prediction. Chem Biol. 2010;17(8):828-837.",10.1016/j.chembiol.2010.05.020,20797613,CC0 1.0 Universal,Permitted,Permitted,MCF7,Homo sapiens,Mammary Gland,Breast Adenocarcinoma,Cytoskeletal architecture remodeling & mitotic spindle disruption,fluorescence,20x,0.645 um/px,Fixed / Static,DAPI (Nuclei) / Alexa 488 (beta-Tubulin) / Rhodamine (F-Actin),113 Bioactive Compounds (Microtubule/Actin/DNA agents),True,True,False,False,False
BL-IMG-BBBC021-026,BBBC021v1,Broad Bioimage Benchmark Collection,"Caie PD, Walls RE, Ingleston-Orme A, et al. High-content phenotypic profiling of chemically treated human breast cancer cells for mechanism of action prediction. Chem Biol. 2010;17(8):828-837.",10.1016/j.chembiol.2010.05.020,20797613,CC0 1.0 Universal,Permitted,Permitted,MCF7,Homo sapiens,Mammary Gland,Breast Adenocarcinoma,Cytoskeletal architecture remodeling & mitotic spindle disruption,fluorescence,20x,0.645 um/px,Fixed / Static,DAPI (Nuclei) / Alexa 488 (beta-Tubulin) / Rhodamine (F-Actin),113 Bioactive Compounds (Microtubule/Actin/DNA agents),True,True,False,False,False
BL-IMG-BBBC021-027,BBBC021v1,Broad Bioimage Benchmark Collection,"Caie PD, Walls RE, Ingleston-Orme A, et al. High-content phenotypic profiling of chemically treated human breast cancer cells for mechanism of action prediction. Chem Biol. 2010;17(8):828-837.",10.1016/j.chembiol.2010.05.020,20797613,CC0 1.0 Universal,Permitted,Permitted,MCF7,Homo sapiens,Mammary Gland,Breast Adenocarcinoma,Cytoskeletal architecture remodeling & mitotic spindle disruption,fluorescence,20x,0.645 um/px,Fixed / Static,DAPI (Nuclei) / Alexa 488 (beta-Tubulin) / Rhodamine (F-Actin),113 Bioactive Compounds (Microtubule/Actin/DNA agents),True,True,False,False,False
BL-IMG-BBBC021-028,BBBC021v1,Broad Bioimage Benchmark Collection,"Caie PD, Walls RE, Ingleston-Orme A, et al. High-content phenotypic profiling of chemically treated human breast cancer cells for mechanism of action prediction. Chem Biol. 2010;17(8):828-837.",10.1016/j.chembiol.2010.05.020,20797613,CC0 1.0 Universal,Permitted,Permitted,MCF7,Homo sapiens,Mammary Gland,Breast Adenocarcinoma,Cytoskeletal architecture remodeling & mitotic spindle disruption,fluorescence,20x,0.645 um/px,Fixed / Static,DAPI (Nuclei) / Alexa 488 (beta-Tubulin) / Rhodamine (F-Actin),113 Bioactive Compounds (Microtubule/Actin/DNA agents),True,True,False,False,False
BL-IMG-BBBC021-029,BBBC021v1,Broad Bioimage Benchmark Collection,"Caie PD, Walls RE, Ingleston-Orme A, et al. High-content phenotypic profiling of chemically treated human breast cancer cells for mechanism of action prediction. Chem Biol. 2010;17(8):828-837.",10.1016/j.chembiol.2010.05.020,20797613,CC0 1.0 Universal,Permitted,Permitted,MCF7,Homo sapiens,Mammary Gland,Breast Adenocarcinoma,Cytoskeletal architecture remodeling & mitotic spindle disruption,fluorescence,20x,0.645 um/px,Fixed / Static,DAPI (Nuclei) / Alexa 488 (beta-Tubulin) / Rhodamine (F-Actin),113 Bioactive Compounds (Microtubule/Actin/DNA agents),True,True,False,False,False
BL-IMG-BBBC021-030,BBBC021v1,Broad Bioimage Benchmark Collection,"Caie PD, Walls RE, Ingleston-Orme A, et al. High-content phenotypic profiling of chemically treated human breast cancer cells for mechanism of action prediction. Chem Biol. 2010;17(8):828-837.",10.1016/j.chembiol.2010.05.020,20797613,CC0 1.0 Universal,Permitted,Permitted,MCF7,Homo sapiens,Mammary Gland,Breast Adenocarcinoma,Cytoskeletal architecture remodeling & mitotic spindle disruption,fluorescence,20x,0.645 um/px,Fixed / Static,DAPI (Nuclei) / Alexa 488 (beta-Tubulin) / Rhodamine (F-Actin),113 Bioactive Compounds (Microtubule/Actin/DNA agents),True,True,False,False,False
BL-IMG-BBBC021-031,BBBC021v1,Broad Bioimage Benchmark Collection,"Caie PD, Walls RE, Ingleston-Orme A, et al. High-content phenotypic profiling of chemically treated human breast cancer cells for mechanism of action prediction. Chem Biol. 2010;17(8):828-837.",10.1016/j.chembiol.2010.05.020,20797613,CC0 1.0 Universal,Permitted,Permitted,MCF7,Homo sapiens,Mammary Gland,Breast Adenocarcinoma,Cytoskeletal architecture remodeling & mitotic spindle disruption,fluorescence,20x,0.645 um/px,Fixed / Static,DAPI (Nuclei) / Alexa 488 (beta-Tubulin) / Rhodamine (F-Actin),113 Bioactive Compounds (Microtubule/Actin/DNA agents),True,True,False,False,False
BL-IMG-BBBC021-032,BBBC021v1,Broad Bioimage Benchmark Collection,"Caie PD, Walls RE, Ingleston-Orme A, et al. High-content phenotypic profiling of chemically treated human breast cancer cells for mechanism of action prediction. Chem Biol. 2010;17(8):828-837.",10.1016/j.chembiol.2010.05.020,20797613,CC0 1.0 Universal,Permitted,Permitted,MCF7,Homo sapiens,Mammary Gland,Breast Adenocarcinoma,Cytoskeletal architecture remodeling & mitotic spindle disruption,fluorescence,20x,0.645 um/px,Fixed / Static,DAPI (Nuclei) / Alexa 488 (beta-Tubulin) / Rhodamine (F-Actin),113 Bioactive Compounds (Microtubule/Actin/DNA agents),True,True,False,False,False
BL-IMG-BBBC021-033,BBBC021v1,Broad Bioimage Benchmark Collection,"Caie PD, Walls RE, Ingleston-Orme A, et al. High-content phenotypic profiling of chemically treated human breast cancer cells for mechanism of action prediction. Chem Biol. 2010;17(8):828-837.",10.1016/j.chembiol.2010.05.020,20797613,CC0 1.0 Universal,Permitted,Permitted,MCF7,Homo sapiens,Mammary Gland,Breast Adenocarcinoma,Cytoskeletal architecture remodeling & mitotic spindle disruption,fluorescence,20x,0.645 um/px,Fixed / Static,DAPI (Nuclei) / Alexa 488 (beta-Tubulin) / Rhodamine (F-Actin),113 Bioactive Compounds (Microtubule/Actin/DNA agents),True,True,False,False,False
BL-IMG-BBBC021-034,BBBC021v1,Broad Bioimage Benchmark Collection,"Caie PD, Walls RE, Ingleston-Orme A, et al. High-content phenotypic profiling of chemically treated human breast cancer cells for mechanism of action prediction. Chem Biol. 2010;17(8):828-837.",10.1016/j.chembiol.2010.05.020,20797613,CC0 1.0 Universal,Permitted,Permitted,MCF7,Homo sapiens,Mammary Gland,Breast Adenocarcinoma,Cytoskeletal architecture remodeling & mitotic spindle disruption,fluorescence,20x,0.645 um/px,Fixed / Static,DAPI (Nuclei) / Alexa 488 (beta-Tubulin) / Rhodamine (F-Actin),113 Bioactive Compounds (Microtubule/Actin/DNA agents),True,True,False,False,False
BL-IMG-BBBC021-035,BBBC021v1,Broad Bioimage Benchmark Collection,"Caie PD, Walls RE, Ingleston-Orme A, et al. High-content phenotypic profiling of chemically treated human breast cancer cells for mechanism of action prediction. Chem Biol. 2010;17(8):828-837.",10.1016/j.chembiol.2010.05.020,20797613,CC0 1.0 Universal,Permitted,Permitted,MCF7,Homo sapiens,Mammary Gland,Breast Adenocarcinoma,Cytoskeletal architecture remodeling & mitotic spindle disruption,fluorescence,20x,0.645 um/px,Fixed / Static,DAPI (Nuclei) / Alexa 488 (beta-Tubulin) / Rhodamine (F-Actin),113 Bioactive Compounds (Microtubule/Actin/DNA agents),True,True,False,False,False
BL-IMG-BBBC021-036,BBBC021v1,Broad Bioimage Benchmark Collection,"Caie PD, Walls RE, Ingleston-Orme A, et al. High-content phenotypic profiling of chemically treated human breast cancer cells for mechanism of action prediction. Chem Biol. 2010;17(8):828-837.",10.1016/j.chembiol.2010.05.020,20797613,CC0 1.0 Universal,Permitted,Permitted,MCF7,Homo sapiens,Mammary Gland,Breast Adenocarcinoma,Cytoskeletal architecture remodeling & mitotic spindle disruption,fluorescence,20x,0.645 um/px,Fixed / Static,DAPI (Nuclei) / Alexa 488 (beta-Tubulin) / Rhodamine (F-Actin),113 Bioactive Compounds (Microtubule/Actin/DNA agents),True,True,False,False,False
BL-IMG-BBBC021-037,BBBC021v1,Broad Bioimage Benchmark Collection,"Caie PD, Walls RE, Ingleston-Orme A, et al. High-content phenotypic profiling of chemically treated human breast cancer cells for mechanism of action prediction. Chem Biol. 2010;17(8):828-837.",10.1016/j.chembiol.2010.05.020,20797613,CC0 1.0 Universal,Permitted,Permitted,MCF7,Homo sapiens,Mammary Gland,Breast Adenocarcinoma,Cytoskeletal architecture remodeling & mitotic spindle disruption,fluorescence,20x,0.645 um/px,Fixed / Static,DAPI (Nuclei) / Alexa 488 (beta-Tubulin) / Rhodamine (F-Actin),113 Bioactive Compounds (Microtubule/Actin/DNA agents),True,True,False,False,False
BL-IMG-BBBC021-038,BBBC021v1,Broad Bioimage Benchmark Collection,"Caie PD, Walls RE, Ingleston-Orme A, et al. High-content phenotypic profiling of chemically treated human breast cancer cells for mechanism of action prediction. Chem Biol. 2010;17(8):828-837.",10.1016/j.chembiol.2010.05.020,20797613,CC0 1.0 Universal,Permitted,Permitted,MCF7,Homo sapiens,Mammary Gland,Breast Adenocarcinoma,Cytoskeletal architecture remodeling & mitotic spindle disruption,fluorescence,20x,0.645 um/px,Fixed / Static,DAPI (Nuclei) / Alexa 488 (beta-Tubulin) / Rhodamine (F-Actin),113 Bioactive Compounds (Microtubule/Actin/DNA agents),True,True,False,False,False
BL-IMG-BBBC021-039,BBBC021v1,Broad Bioimage Benchmark Collection,"Caie PD, Walls RE, Ingleston-Orme A, et al. High-content phenotypic profiling of chemically treated human breast cancer cells for mechanism of action prediction. Chem Biol. 2010;17(8):828-837.",10.1016/j.chembiol.2010.05.020,20797613,CC0 1.0 Universal,Permitted,Permitted,MCF7,Homo sapiens,Mammary Gland,Breast Adenocarcinoma,Cytoskeletal architecture remodeling & mitotic spindle disruption,fluorescence,20x,0.645 um/px,Fixed / Static,DAPI (Nuclei) / Alexa 488 (beta-Tubulin) / Rhodamine (F-Actin),113 Bioactive Compounds (Microtubule/Actin/DNA agents),True,True,False,False,False
BL-IMG-BBBC021-040,BBBC021v1,Broad Bioimage Benchmark Collection,"Caie PD, Walls RE, Ingleston-Orme A, et al. High-content phenotypic profiling of chemically treated human breast cancer cells for mechanism of action prediction. Chem Biol. 2010;17(8):828-837.",10.1016/j.chembiol.2010.05.020,20797613,CC0 1.0 Universal,Permitted,Permitted,MCF7,Homo sapiens,Mammary Gland,Breast Adenocarcinoma,Cytoskeletal architecture remodeling & mitotic spindle disruption,fluorescence,20x,0.645 um/px,Fixed / Static,DAPI (Nuclei) / Alexa 488 (beta-Tubulin) / Rhodamine (F-Actin),113 Bioactive Compounds (Microtubule/Actin/DNA agents),True,True,False,False,False
BL-IMG-BBBC021-041,BBBC021v1,Broad Bioimage Benchmark Collection,"Caie PD, Walls RE, Ingleston-Orme A, et al. High-content phenotypic profiling of chemically treated human breast cancer cells for mechanism of action prediction. Chem Biol. 2010;17(8):828-837.",10.1016/j.chembiol.2010.05.020,20797613,CC0 1.0 Universal,Permitted,Permitted,MCF7,Homo sapiens,Mammary Gland,Breast Adenocarcinoma,Cytoskeletal architecture remodeling & mitotic spindle disruption,fluorescence,20x,0.645 um/px,Fixed / Static,DAPI (Nuclei) / Alexa 488 (beta-Tubulin) / Rhodamine (F-Actin),113 Bioactive Compounds (Microtubule/Actin/DNA agents),True,True,False,False,False
BL-IMG-BBBC021-042,BBBC021v1,Broad Bioimage Benchmark Collection,"Caie PD, Walls RE, Ingleston-Orme A, et al. High-content phenotypic profiling of chemically treated human breast cancer cells for mechanism of action prediction. Chem Biol. 2010;17(8):828-837.",10.1016/j.chembiol.2010.05.020,20797613,CC0 1.0 Universal,Permitted,Permitted,MCF7,Homo sapiens,Mammary Gland,Breast Adenocarcinoma,Cytoskeletal architecture remodeling & mitotic spindle disruption,fluorescence,20x,0.645 um/px,Fixed / Static,DAPI (Nuclei) / Alexa 488 (beta-Tubulin) / Rhodamine (F-Actin),113 Bioactive Compounds (Microtubule/Actin/DNA agents),True,True,False,False,False
BL-IMG-BBBC021-043,BBBC021v1,Broad Bioimage Benchmark Collection,"Caie PD, Walls RE, Ingleston-Orme A, et al. High-content phenotypic profiling of chemically treated human breast cancer cells for mechanism of action prediction. Chem Biol. 2010;17(8):828-837.",10.1016/j.chembiol.2010.05.020,20797613,CC0 1.0 Universal,Permitted,Permitted,MCF7,Homo sapiens,Mammary Gland,Breast Adenocarcinoma,Cytoskeletal architecture remodeling & mitotic spindle disruption,fluorescence,20x,0.645 um/px,Fixed / Static,DAPI (Nuclei) / Alexa 488 (beta-Tubulin) / Rhodamine (F-Actin),113 Bioactive Compounds (Microtubule/Actin/DNA agents),True,True,False,False,False
BL-IMG-BBBC021-044,BBBC021v1,Broad Bioimage Benchmark Collection,"Caie PD, Walls RE, Ingleston-Orme A, et al. High-content phenotypic profiling of chemically treated human breast cancer cells for mechanism of action prediction. Chem Biol. 2010;17(8):828-837.",10.1016/j.chembiol.2010.05.020,20797613,CC0 1.0 Universal,Permitted,Permitted,MCF7,Homo sapiens,Mammary Gland,Breast Adenocarcinoma,Cytoskeletal architecture remodeling & mitotic spindle disruption,fluorescence,20x,0.645 um/px,Fixed / Static,DAPI (Nuclei) / Alexa 488 (beta-Tubulin) / Rhodamine (F-Actin),113 Bioactive Compounds (Microtubule/Actin/DNA agents),True,True,False,False,False
BL-IMG-BBBC021-045,BBBC021v1,Broad Bioimage Benchmark Collection,"Caie PD, Walls RE, Ingleston-Orme A, et al. High-content phenotypic profiling of chemically treated human breast cancer cells for mechanism of action prediction. Chem Biol. 2010;17(8):828-837.",10.1016/j.chembiol.2010.05.020,20797613,CC0 1.0 Universal,Permitted,Permitted,MCF7,Homo sapiens,Mammary Gland,Breast Adenocarcinoma,Cytoskeletal architecture remodeling & mitotic spindle disruption,fluorescence,20x,0.645 um/px,Fixed / Static,DAPI (Nuclei) / Alexa 488 (beta-Tubulin) / Rhodamine (F-Actin),113 Bioactive Compounds (Microtubule/Actin/DNA agents),True,True,False,False,False
BL-IMG-BBBC021-046,BBBC021v1,Broad Bioimage Benchmark Collection,"Caie PD, Walls RE, Ingleston-Orme A, et al. High-content phenotypic profiling of chemically treated human breast cancer cells for mechanism of action prediction. Chem Biol. 2010;17(8):828-837.",10.1016/j.chembiol.2010.05.020,20797613,CC0 1.0 Universal,Permitted,Permitted,MCF7,Homo sapiens,Mammary Gland,Breast Adenocarcinoma,Cytoskeletal architecture remodeling & mitotic spindle disruption,fluorescence,20x,0.645 um/px,Fixed / Static,DAPI (Nuclei) / Alexa 488 (beta-Tubulin) / Rhodamine (F-Actin),113 Bioactive Compounds (Microtubule/Actin/DNA agents),True,True,False,False,False
BL-IMG-BBBC021-047,BBBC021v1,Broad Bioimage Benchmark Collection,"Caie PD, Walls RE, Ingleston-Orme A, et al. High-content phenotypic profiling of chemically treated human breast cancer cells for mechanism of action prediction. Chem Biol. 2010;17(8):828-837.",10.1016/j.chembiol.2010.05.020,20797613,CC0 1.0 Universal,Permitted,Permitted,MCF7,Homo sapiens,Mammary Gland,Breast Adenocarcinoma,Cytoskeletal architecture remodeling & mitotic spindle disruption,fluorescence,20x,0.645 um/px,Fixed / Static,DAPI (Nuclei) / Alexa 488 (beta-Tubulin) / Rhodamine (F-Actin),113 Bioactive Compounds (Microtubule/Actin/DNA agents),True,True,False,False,False
BL-IMG-BBBC021-048,BBBC021v1,Broad Bioimage Benchmark Collection,"Caie PD, Walls RE, Ingleston-Orme A, et al. High-content phenotypic profiling of chemically treated human breast cancer cells for mechanism of action prediction. Chem Biol. 2010;17(8):828-837.",10.1016/j.chembiol.2010.05.020,20797613,CC0 1.0 Universal,Permitted,Permitted,MCF7,Homo sapiens,Mammary Gland,Breast Adenocarcinoma,Cytoskeletal architecture remodeling & mitotic spindle disruption,fluorescence,20x,0.645 um/px,Fixed / Static,DAPI (Nuclei) / Alexa 488 (beta-Tubulin) / Rhodamine (F-Actin),113 Bioactive Compounds (Microtubule/Actin/DNA agents),True,True,False,False,False
BL-IMG-BBBC021-049,BBBC021v1,Broad Bioimage Benchmark Collection,"Caie PD, Walls RE, Ingleston-Orme A, et al. High-content phenotypic profiling of chemically treated human breast cancer cells for mechanism of action prediction. Chem Biol. 2010;17(8):828-837.",10.1016/j.chembiol.2010.05.020,20797613,CC0 1.0 Universal,Permitted,Permitted,MCF7,Homo sapiens,Mammary Gland,Breast Adenocarcinoma,Cytoskeletal architecture remodeling & mitotic spindle disruption,fluorescence,20x,0.645 um/px,Fixed / Static,DAPI (Nuclei) / Alexa 488 (beta-Tubulin) / Rhodamine (F-Actin),113 Bioactive Compounds (Microtubule/Actin/DNA agents),True,True,False,False,False
BL-IMG-BBBC021-050,BBBC021v1,Broad Bioimage Benchmark Collection,"Caie PD, Walls RE, Ingleston-Orme A, et al. High-content phenotypic profiling of chemically treated human breast cancer cells for mechanism of action prediction. Chem Biol. 2010;17(8):828-837.",10.1016/j.chembiol.2010.05.020,20797613,CC0 1.0 Universal,Permitted,Permitted,MCF7,Homo sapiens,Mammary Gland,Breast Adenocarcinoma,Cytoskeletal architecture remodeling & mitotic spindle disruption,fluorescence,20x,0.645 um/px,Fixed / Static,DAPI (Nuclei) / Alexa 488 (beta-Tubulin) / Rhodamine (F-Actin),113 Bioactive Compounds (Microtubule/Actin/DNA agents),True,True,False,False,False
BL-IMG-BBBC021-051,BBBC021v1,Broad Bioimage Benchmark Collection,"Caie PD, Walls RE, Ingleston-Orme A, et al. High-content phenotypic profiling of chemically treated human breast cancer cells for mechanism of action prediction. Chem Biol. 2010;17(8):828-837.",10.1016/j.chembiol.2010.05.020,20797613,CC0 1.0 Universal,Permitted,Permitted,MCF7,Homo sapiens,Mammary Gland,Breast Adenocarcinoma,Cytoskeletal architecture remodeling & mitotic spindle disruption,fluorescence,20x,0.645 um/px,Fixed / Static,DAPI (Nuclei) / Alexa 488 (beta-Tubulin) / Rhodamine (F-Actin),113 Bioactive Compounds (Microtubule/Actin/DNA agents),True,True,False,False,False
BL-IMG-BBBC021-052,BBBC021v1,Broad Bioimage Benchmark Collection,"Caie PD, Walls RE, Ingleston-Orme A, et al. High-content phenotypic profiling of chemically treated human breast cancer cells for mechanism of action prediction. Chem Biol. 2010;17(8):828-837.",10.1016/j.chembiol.2010.05.020,20797613,CC0 1.0 Universal,Permitted,Permitted,MCF7,Homo sapiens,Mammary Gland,Breast Adenocarcinoma,Cytoskeletal architecture remodeling & mitotic spindle disruption,fluorescence,20x,0.645 um/px,Fixed / Static,DAPI (Nuclei) / Alexa 488 (beta-Tubulin) / Rhodamine (F-Actin),113 Bioactive Compounds (Microtubule/Actin/DNA agents),True,True,False,False,False
BL-IMG-BBBC021-053,BBBC021v1,Broad Bioimage Benchmark Collection,"Caie PD, Walls RE, Ingleston-Orme A, et al. High-content phenotypic profiling of chemically treated human breast cancer cells for mechanism of action prediction. Chem Biol. 2010;17(8):828-837.",10.1016/j.chembiol.2010.05.020,20797613,CC0 1.0 Universal,Permitted,Permitted,MCF7,Homo sapiens,Mammary Gland,Breast Adenocarcinoma,Cytoskeletal architecture remodeling & mitotic spindle disruption,fluorescence,20x,0.645 um/px,Fixed / Static,DAPI (Nuclei) / Alexa 488 (beta-Tubulin) / Rhodamine (F-Actin),113 Bioactive Compounds (Microtubule/Actin/DNA agents),True,True,False,False,False
BL-IMG-BBBC021-054,BBBC021v1,Broad Bioimage Benchmark Collection,"Caie PD, Walls RE, Ingleston-Orme A, et al. High-content phenotypic profiling of chemically treated human breast cancer cells for mechanism of action prediction. Chem Biol. 2010;17(8):828-837.",10.1016/j.chembiol.2010.05.020,20797613,CC0 1.0 Universal,Permitted,Permitted,MCF7,Homo sapiens,Mammary Gland,Breast Adenocarcinoma,Cytoskeletal architecture remodeling & mitotic spindle disruption,fluorescence,20x,0.645 um/px,Fixed / Static,DAPI (Nuclei) / Alexa 488 (beta-Tubulin) / Rhodamine (F-Actin),113 Bioactive Compounds (Microtubule/Actin/DNA agents),True,True,False,False,False
BL-IMG-BBBC021-055,BBBC021v1,Broad Bioimage Benchmark Collection,"Caie PD, Walls RE, Ingleston-Orme A, et al. High-content phenotypic profiling of chemically treated human breast cancer cells for mechanism of action prediction. Chem Biol. 2010;17(8):828-837.",10.1016/j.chembiol.2010.05.020,20797613,CC0 1.0 Universal,Permitted,Permitted,MCF7,Homo sapiens,Mammary Gland,Breast Adenocarcinoma,Cytoskeletal architecture remodeling & mitotic spindle disruption,fluorescence,20x,0.645 um/px,Fixed / Static,DAPI (Nuclei) / Alexa 488 (beta-Tubulin) / Rhodamine (F-Actin),113 Bioactive Compounds (Microtubule/Actin/DNA agents),True,True,False,False,False
BL-IMG-BBBC021-056,BBBC021v1,Broad Bioimage Benchmark Collection,"Caie PD, Walls RE, Ingleston-Orme A, et al. High-content phenotypic profiling of chemically treated human breast cancer cells for mechanism of action prediction. Chem Biol. 2010;17(8):828-837.",10.1016/j.chembiol.2010.05.020,20797613,CC0 1.0 Universal,Permitted,Permitted,MCF7,Homo sapiens,Mammary Gland,Breast Adenocarcinoma,Cytoskeletal architecture remodeling & mitotic spindle disruption,fluorescence,20x,0.645 um/px,Fixed / Static,DAPI (Nuclei) / Alexa 488 (beta-Tubulin) / Rhodamine (F-Actin),113 Bioactive Compounds (Microtubule/Actin/DNA agents),True,True,False,False,False
BL-IMG-BBBC021-057,BBBC021v1,Broad Bioimage Benchmark Collection,"Caie PD, Walls RE, Ingleston-Orme A, et al. High-content phenotypic profiling of chemically treated human breast cancer cells for mechanism of action prediction. Chem Biol. 2010;17(8):828-837.",10.1016/j.chembiol.2010.05.020,20797613,CC0 1.0 Universal,Permitted,Permitted,MCF7,Homo sapiens,Mammary Gland,Breast Adenocarcinoma,Cytoskeletal architecture remodeling & mitotic spindle disruption,fluorescence,20x,0.645 um/px,Fixed / Static,DAPI (Nuclei) / Alexa 488 (beta-Tubulin) / Rhodamine (F-Actin),113 Bioactive Compounds (Microtubule/Actin/DNA agents),True,True,False,False,False
BL-IMG-BBBC021-058,BBBC021v1,Broad Bioimage Benchmark Collection,"Caie PD, Walls RE, Ingleston-Orme A, et al. High-content phenotypic profiling of chemically treated human breast cancer cells for mechanism of action prediction. Chem Biol. 2010;17(8):828-837.",10.1016/j.chembiol.2010.05.020,20797613,CC0 1.0 Universal,Permitted,Permitted,MCF7,Homo sapiens,Mammary Gland,Breast Adenocarcinoma,Cytoskeletal architecture remodeling & mitotic spindle disruption,fluorescence,20x,0.645 um/px,Fixed / Static,DAPI (Nuclei) / Alexa 488 (beta-Tubulin) / Rhodamine (F-Actin),113 Bioactive Compounds (Microtubule/Actin/DNA agents),True,True,False,False,False
BL-IMG-BBBC021-059,BBBC021v1,Broad Bioimage Benchmark Collection,"Caie PD, Walls RE, Ingleston-Orme A, et al. High-content phenotypic profiling of chemically treated human breast cancer cells for mechanism of action prediction. Chem Biol. 2010;17(8):828-837.",10.1016/j.chembiol.2010.05.020,20797613,CC0 1.0 Universal,Permitted,Permitted,MCF7,Homo sapiens,Mammary Gland,Breast Adenocarcinoma,Cytoskeletal architecture remodeling & mitotic spindle disruption,fluorescence,20x,0.645 um/px,Fixed / Static,DAPI (Nuclei) / Alexa 488 (beta-Tubulin) / Rhodamine (F-Actin),113 Bioactive Compounds (Microtubule/Actin/DNA agents),True,True,False,False,False
BL-IMG-BBBC021-060,BBBC021v1,Broad Bioimage Benchmark Collection,"Caie PD, Walls RE, Ingleston-Orme A, et al. High-content phenotypic profiling of chemically treated human breast cancer cells for mechanism of action prediction. Chem Biol. 2010;17(8):828-837.",10.1016/j.chembiol.2010.05.020,20797613,CC0 1.0 Universal,Permitted,Permitted,MCF7,Homo sapiens,Mammary Gland,Breast Adenocarcinoma,Cytoskeletal architecture remodeling & mitotic spindle disruption,fluorescence,20x,0.645 um/px,Fixed / Static,DAPI (Nuclei) / Alexa 488 (beta-Tubulin) / Rhodamine (F-Actin),113 Bioactive Compounds (Microtubule/Actin/DNA agents),True,True,False,False,False
BL-IMG-BBBC021-061,BBBC021v1,Broad Bioimage Benchmark Collection,"Caie PD, Walls RE, Ingleston-Orme A, et al. High-content phenotypic profiling of chemically treated human breast cancer cells for mechanism of action prediction. Chem Biol. 2010;17(8):828-837.",10.1016/j.chembiol.2010.05.020,20797613,CC0 1.0 Universal,Permitted,Permitted,MCF7,Homo sapiens,Mammary Gland,Breast Adenocarcinoma,Cytoskeletal architecture remodeling & mitotic spindle disruption,fluorescence,20x,0.645 um/px,Fixed / Static,DAPI (Nuclei) / Alexa 488 (beta-Tubulin) / Rhodamine (F-Actin),113 Bioactive Compounds (Microtubule/Actin/DNA agents),True,True,False,False,False
BL-IMG-BBBC021-062,BBBC021v1,Broad Bioimage Benchmark Collection,"Caie PD, Walls RE, Ingleston-Orme A, et al. High-content phenotypic profiling of chemically treated human breast cancer cells for mechanism of action prediction. Chem Biol. 2010;17(8):828-837.",10.1016/j.chembiol.2010.05.020,20797613,CC0 1.0 Universal,Permitted,Permitted,MCF7,Homo sapiens,Mammary Gland,Breast Adenocarcinoma,Cytoskeletal architecture remodeling & mitotic spindle disruption,fluorescence,20x,0.645 um/px,Fixed / Static,DAPI (Nuclei) / Alexa 488 (beta-Tubulin) / Rhodamine (F-Actin),113 Bioactive Compounds (Microtubule/Actin/DNA agents),True,True,False,False,False
BL-IMG-BBBC021-063,BBBC021v1,Broad Bioimage Benchmark Collection,"Caie PD, Walls RE, Ingleston-Orme A, et al. High-content phenotypic profiling of chemically treated human breast cancer cells for mechanism of action prediction. Chem Biol. 2010;17(8):828-837.",10.1016/j.chembiol.2010.05.020,20797613,CC0 1.0 Universal,Permitted,Permitted,MCF7,Homo sapiens,Mammary Gland,Breast Adenocarcinoma,Cytoskeletal architecture remodeling & mitotic spindle disruption,fluorescence,20x,0.645 um/px,Fixed / Static,DAPI (Nuclei) / Alexa 488 (beta-Tubulin) / Rhodamine (F-Actin),113 Bioactive Compounds (Microtubule/Actin/DNA agents),True,True,False,False,False
BL-IMG-BBBC021-064,BBBC021v1,Broad Bioimage Benchmark Collection,"Caie PD, Walls RE, Ingleston-Orme A, et al. High-content phenotypic profiling of chemically treated human breast cancer cells for mechanism of action prediction. Chem Biol. 2010;17(8):828-837.",10.1016/j.chembiol.2010.05.020,20797613,CC0 1.0 Universal,Permitted,Permitted,MCF7,Homo sapiens,Mammary Gland,Breast Adenocarcinoma,Cytoskeletal architecture remodeling & mitotic spindle disruption,fluorescence,20x,0.645 um/px,Fixed / Static,DAPI (Nuclei) / Alexa 488 (beta-Tubulin) / Rhodamine (F-Actin),113 Bioactive Compounds (Microtubule/Actin/DNA agents),True,True,False,False,False
BL-IMG-BBBC021-065,BBBC021v1,Broad Bioimage Benchmark Collection,"Caie PD, Walls RE, Ingleston-Orme A, et al. High-content phenotypic profiling of chemically treated human breast cancer cells for mechanism of action prediction. Chem Biol. 2010;17(8):828-837.",10.1016/j.chembiol.2010.05.020,20797613,CC0 1.0 Universal,Permitted,Permitted,MCF7,Homo sapiens,Mammary Gland,Breast Adenocarcinoma,Cytoskeletal architecture remodeling & mitotic spindle disruption,fluorescence,20x,0.645 um/px,Fixed / Static,DAPI (Nuclei) / Alexa 488 (beta-Tubulin) / Rhodamine (F-Actin),113 Bioactive Compounds (Microtubule/Actin/DNA agents),True,True,False,False,False
BL-IMG-BBBC021-066,BBBC021v1,Broad Bioimage Benchmark Collection,"Caie PD, Walls RE, Ingleston-Orme A, et al. High-content phenotypic profiling of chemically treated human breast cancer cells for mechanism of action prediction. Chem Biol. 2010;17(8):828-837.",10.1016/j.chembiol.2010.05.020,20797613,CC0 1.0 Universal,Permitted,Permitted,MCF7,Homo sapiens,Mammary Gland,Breast Adenocarcinoma,Cytoskeletal architecture remodeling & mitotic spindle disruption,fluorescence,20x,0.645 um/px,Fixed / Static,DAPI (Nuclei) / Alexa 488 (beta-Tubulin) / Rhodamine (F-Actin),113 Bioactive Compounds (Microtubule/Actin/DNA agents),True,True,False,False,False
BL-IMG-BBBC021-067,BBBC021v1,Broad Bioimage Benchmark Collection,"Caie PD, Walls RE, Ingleston-Orme A, et al. High-content phenotypic profiling of chemically treated human breast cancer cells for mechanism of action prediction. Chem Biol. 2010;17(8):828-837.",10.1016/j.chembiol.2010.05.020,20797613,CC0 1.0 Universal,Permitted,Permitted,MCF7,Homo sapiens,Mammary Gland,Breast Adenocarcinoma,Cytoskeletal architecture remodeling & mitotic spindle disruption,fluorescence,20x,0.645 um/px,Fixed / Static,DAPI (Nuclei) / Alexa 488 (beta-Tubulin) / Rhodamine (F-Actin),113 Bioactive Compounds (Microtubule/Actin/DNA agents),True,True,False,False,False
BL-IMG-BBBC021-068,BBBC021v1,Broad Bioimage Benchmark Collection,"Caie PD, Walls RE, Ingleston-Orme A, et al. High-content phenotypic profiling of chemically treated human breast cancer cells for mechanism of action prediction. Chem Biol. 2010;17(8):828-837.",10.1016/j.chembiol.2010.05.020,20797613,CC0 1.0 Universal,Permitted,Permitted,MCF7,Homo sapiens,Mammary Gland,Breast Adenocarcinoma,Cytoskeletal architecture remodeling & mitotic spindle disruption,fluorescence,20x,0.645 um/px,Fixed / Static,DAPI (Nuclei) / Alexa 488 (beta-Tubulin) / Rhodamine (F-Actin),113 Bioactive Compounds (Microtubule/Actin/DNA agents),True,True,False,False,False
BL-IMG-BBBC021-069,BBBC021v1,Broad Bioimage Benchmark Collection,"Caie PD, Walls RE, Ingleston-Orme A, et al. High-content phenotypic profiling of chemically treated human breast cancer cells for mechanism of action prediction. Chem Biol. 2010;17(8):828-837.",10.1016/j.chembiol.2010.05.020,20797613,CC0 1.0 Universal,Permitted,Permitted,MCF7,Homo sapiens,Mammary Gland,Breast Adenocarcinoma,Cytoskeletal architecture remodeling & mitotic spindle disruption,fluorescence,20x,0.645 um/px,Fixed / Static,DAPI (Nuclei) / Alexa 488 (beta-Tubulin) / Rhodamine (F-Actin),113 Bioactive Compounds (Microtubule/Actin/DNA agents),True,True,False,False,False
BL-IMG-BBBC021-070,BBBC021v1,Broad Bioimage Benchmark Collection,"Caie PD, Walls RE, Ingleston-Orme A, et al. High-content phenotypic profiling of chemically treated human breast cancer cells for mechanism of action prediction. Chem Biol. 2010;17(8):828-837.",10.1016/j.chembiol.2010.05.020,20797613,CC0 1.0 Universal,Permitted,Permitted,MCF7,Homo sapiens,Mammary Gland,Breast Adenocarcinoma,Cytoskeletal architecture remodeling & mitotic spindle disruption,fluorescence,20x,0.645 um/px,Fixed / Static,DAPI (Nuclei) / Alexa 488 (beta-Tubulin) / Rhodamine (F-Actin),113 Bioactive Compounds (Microtubule/Actin/DNA agents),True,True,False,False,False
BL-IMG-BBBC021-071,BBBC021v1,Broad Bioimage Benchmark Collection,"Caie PD, Walls RE, Ingleston-Orme A, et al. High-content phenotypic profiling of chemically treated human breast cancer cells for mechanism of action prediction. Chem Biol. 2010;17(8):828-837.",10.1016/j.chembiol.2010.05.020,20797613,CC0 1.0 Universal,Permitted,Permitted,MCF7,Homo sapiens,Mammary Gland,Breast Adenocarcinoma,Cytoskeletal architecture remodeling & mitotic spindle disruption,fluorescence,20x,0.645 um/px,Fixed / Static,DAPI (Nuclei) / Alexa 488 (beta-Tubulin) / Rhodamine (F-Actin),113 Bioactive Compounds (Microtubule/Actin/DNA agents),True,True,False,False,False
BL-IMG-BBBC021-072,BBBC021v1,Broad Bioimage Benchmark Collection,"Caie PD, Walls RE, Ingleston-Orme A, et al. High-content phenotypic profiling of chemically treated human breast cancer cells for mechanism of action prediction. Chem Biol. 2010;17(8):828-837.",10.1016/j.chembiol.2010.05.020,20797613,CC0 1.0 Universal,Permitted,Permitted,MCF7,Homo sapiens,Mammary Gland,Breast Adenocarcinoma,Cytoskeletal architecture remodeling & mitotic spindle disruption,fluorescence,20x,0.645 um/px,Fixed / Static,DAPI (Nuclei) / Alexa 488 (beta-Tubulin) / Rhodamine (F-Actin),113 Bioactive Compounds (Microtubule/Actin/DNA agents),True,True,False,False,False
BL-IMG-BBBC021-073,BBBC021v1,Broad Bioimage Benchmark Collection,"Caie PD, Walls RE, Ingleston-Orme A, et al. High-content phenotypic profiling of chemically treated human breast cancer cells for mechanism of action prediction. Chem Biol. 2010;17(8):828-837.",10.1016/j.chembiol.2010.05.020,20797613,CC0 1.0 Universal,Permitted,Permitted,MCF7,Homo sapiens,Mammary Gland,Breast Adenocarcinoma,Cytoskeletal architecture remodeling & mitotic spindle disruption,fluorescence,20x,0.645 um/px,Fixed / Static,DAPI (Nuclei) / Alexa 488 (beta-Tubulin) / Rhodamine (F-Actin),113 Bioactive Compounds (Microtubule/Actin/DNA agents),True,True,False,False,False
BL-IMG-BBBC021-074,BBBC021v1,Broad Bioimage Benchmark Collection,"Caie PD, Walls RE, Ingleston-Orme A, et al. High-content phenotypic profiling of chemically treated human breast cancer cells for mechanism of action prediction. Chem Biol. 2010;17(8):828-837.",10.1016/j.chembiol.2010.05.020,20797613,CC0 1.0 Universal,Permitted,Permitted,MCF7,Homo sapiens,Mammary Gland,Breast Adenocarcinoma,Cytoskeletal architecture remodeling & mitotic spindle disruption,fluorescence,20x,0.645 um/px,Fixed / Static,DAPI (Nuclei) / Alexa 488 (beta-Tubulin) / Rhodamine (F-Actin),113 Bioactive Compounds (Microtubule/Actin/DNA agents),True,True,False,False,False
BL-IMG-BBBC021-075,BBBC021v1,Broad Bioimage Benchmark Collection,"Caie PD, Walls RE, Ingleston-Orme A, et al. High-content phenotypic profiling of chemically treated human breast cancer cells for mechanism of action prediction. Chem Biol. 2010;17(8):828-837.",10.1016/j.chembiol.2010.05.020,20797613,CC0 1.0 Universal,Permitted,Permitted,MCF7,Homo sapiens,Mammary Gland,Breast Adenocarcinoma,Cytoskeletal architecture remodeling & mitotic spindle disruption,fluorescence,20x,0.645 um/px,Fixed / Static,DAPI (Nuclei) / Alexa 488 (beta-Tubulin) / Rhodamine (F-Actin),113 Bioactive Compounds (Microtubule/Actin/DNA agents),True,True,False,False,False
BL-IMG-BBBC021-076,BBBC021v1,Broad Bioimage Benchmark Collection,"Caie PD, Walls RE, Ingleston-Orme A, et al. High-content phenotypic profiling of chemically treated human breast cancer cells for mechanism of action prediction. Chem Biol. 2010;17(8):828-837.",10.1016/j.chembiol.2010.05.020,20797613,CC0 1.0 Universal,Permitted,Permitted,MCF7,Homo sapiens,Mammary Gland,Breast Adenocarcinoma,Cytoskeletal architecture remodeling & mitotic spindle disruption,fluorescence,20x,0.645 um/px,Fixed / Static,DAPI (Nuclei) / Alexa 488 (beta-Tubulin) / Rhodamine (F-Actin),113 Bioactive Compounds (Microtubule/Actin/DNA agents),True,True,False,False,False
BL-IMG-BBBC021-077,BBBC021v1,Broad Bioimage Benchmark Collection,"Caie PD, Walls RE, Ingleston-Orme A, et al. High-content phenotypic profiling of chemically treated human breast cancer cells for mechanism of action prediction. Chem Biol. 2010;17(8):828-837.",10.1016/j.chembiol.2010.05.020,20797613,CC0 1.0 Universal,Permitted,Permitted,MCF7,Homo sapiens,Mammary Gland,Breast Adenocarcinoma,Cytoskeletal architecture remodeling & mitotic spindle disruption,fluorescence,20x,0.645 um/px,Fixed / Static,DAPI (Nuclei) / Alexa 488 (beta-Tubulin) / Rhodamine (F-Actin),113 Bioactive Compounds (Microtubule/Actin/DNA agents),True,True,False,False,False
BL-IMG-BBBC021-078,BBBC021v1,Broad Bioimage Benchmark Collection,"Caie PD, Walls RE, Ingleston-Orme A, et al. High-content phenotypic profiling of chemically treated human breast cancer cells for mechanism of action prediction. Chem Biol. 2010;17(8):828-837.",10.1016/j.chembiol.2010.05.020,20797613,CC0 1.0 Universal,Permitted,Permitted,MCF7,Homo sapiens,Mammary Gland,Breast Adenocarcinoma,Cytoskeletal architecture remodeling & mitotic spindle disruption,fluorescence,20x,0.645 um/px,Fixed / Static,DAPI (Nuclei) / Alexa 488 (beta-Tubulin) / Rhodamine (F-Actin),113 Bioactive Compounds (Microtubule/Actin/DNA agents),True,True,False,False,False
BL-IMG-BBBC021-079,BBBC021v1,Broad Bioimage Benchmark Collection,"Caie PD, Walls RE, Ingleston-Orme A, et al. High-content phenotypic profiling of chemically treated human breast cancer cells for mechanism of action prediction. Chem Biol. 2010;17(8):828-837.",10.1016/j.chembiol.2010.05.020,20797613,CC0 1.0 Universal,Permitted,Permitted,MCF7,Homo sapiens,Mammary Gland,Breast Adenocarcinoma,Cytoskeletal architecture remodeling & mitotic spindle disruption,fluorescence,20x,0.645 um/px,Fixed / Static,DAPI (Nuclei) / Alexa 488 (beta-Tubulin) / Rhodamine (F-Actin),113 Bioactive Compounds (Microtubule/Actin/DNA agents),True,True,False,False,False
BL-IMG-BBBC021-080,BBBC021v1,Broad Bioimage Benchmark Collection,"Caie PD, Walls RE, Ingleston-Orme A, et al. High-content phenotypic profiling of chemically treated human breast cancer cells for mechanism of action prediction. Chem Biol. 2010;17(8):828-837.",10.1016/j.chembiol.2010.05.020,20797613,CC0 1.0 Universal,Permitted,Permitted,MCF7,Homo sapiens,Mammary Gland,Breast Adenocarcinoma,Cytoskeletal architecture remodeling & mitotic spindle disruption,fluorescence,20x,0.645 um/px,Fixed / Static,DAPI (Nuclei) / Alexa 488 (beta-Tubulin) / Rhodamine (F-Actin),113 Bioactive Compounds (Microtubule/Actin/DNA agents),True,True,False,False,False
BL-IMG-BBBC021-081,BBBC021v1,Broad Bioimage Benchmark Collection,"Caie PD, Walls RE, Ingleston-Orme A, et al. High-content phenotypic profiling of chemically treated human breast cancer cells for mechanism of action prediction. Chem Biol. 2010;17(8):828-837.",10.1016/j.chembiol.2010.05.020,20797613,CC0 1.0 Universal,Permitted,Permitted,MCF7,Homo sapiens,Mammary Gland,Breast Adenocarcinoma,Cytoskeletal architecture remodeling & mitotic spindle disruption,fluorescence,20x,0.645 um/px,Fixed / Static,DAPI (Nuclei) / Alexa 488 (beta-Tubulin) / Rhodamine (F-Actin),113 Bioactive Compounds (Microtubule/Actin/DNA agents),True,True,False,False,False
BL-IMG-BBBC021-082,BBBC021v1,Broad Bioimage Benchmark Collection,"Caie PD, Walls RE, Ingleston-Orme A, et al. High-content phenotypic profiling of chemically treated human breast cancer cells for mechanism of action prediction. Chem Biol. 2010;17(8):828-837.",10.1016/j.chembiol.2010.05.020,20797613,CC0 1.0 Universal,Permitted,Permitted,MCF7,Homo sapiens,Mammary Gland,Breast Adenocarcinoma,Cytoskeletal architecture remodeling & mitotic spindle disruption,fluorescence,20x,0.645 um/px,Fixed / Static,DAPI (Nuclei) / Alexa 488 (beta-Tubulin) / Rhodamine (F-Actin),113 Bioactive Compounds (Microtubule/Actin/DNA agents),True,True,False,False,False
BL-IMG-BBBC021-083,BBBC021v1,Broad Bioimage Benchmark Collection,"Caie PD, Walls RE, Ingleston-Orme A, et al. High-content phenotypic profiling of chemically treated human breast cancer cells for mechanism of action prediction. Chem Biol. 2010;17(8):828-837.",10.1016/j.chembiol.2010.05.020,20797613,CC0 1.0 Universal,Permitted,Permitted,MCF7,Homo sapiens,Mammary Gland,Breast Adenocarcinoma,Cytoskeletal architecture remodeling & mitotic spindle disruption,fluorescence,20x,0.645 um/px,Fixed / Static,DAPI (Nuclei) / Alexa 488 (beta-Tubulin) / Rhodamine (F-Actin),113 Bioactive Compounds (Microtubule/Actin/DNA agents),True,True,False,False,False
BL-IMG-BBBC021-084,BBBC021v1,Broad Bioimage Benchmark Collection,"Caie PD, Walls RE, Ingleston-Orme A, et al. High-content phenotypic profiling of chemically treated human breast cancer cells for mechanism of action prediction. Chem Biol. 2010;17(8):828-837.",10.1016/j.chembiol.2010.05.020,20797613,CC0 1.0 Universal,Permitted,Permitted,MCF7,Homo sapiens,Mammary Gland,Breast Adenocarcinoma,Cytoskeletal architecture remodeling & mitotic spindle disruption,fluorescence,20x,0.645 um/px,Fixed / Static,DAPI (Nuclei) / Alexa 488 (beta-Tubulin) / Rhodamine (F-Actin),113 Bioactive Compounds (Microtubule/Actin/DNA agents),True,True,False,False,False
BL-IMG-BBBC021-085,BBBC021v1,Broad Bioimage Benchmark Collection,"Caie PD, Walls RE, Ingleston-Orme A, et al. High-content phenotypic profiling of chemically treated human breast cancer cells for mechanism of action prediction. Chem Biol. 2010;17(8):828-837.",10.1016/j.chembiol.2010.05.020,20797613,CC0 1.0 Universal,Permitted,Permitted,MCF7,Homo sapiens,Mammary Gland,Breast Adenocarcinoma,Cytoskeletal architecture remodeling & mitotic spindle disruption,fluorescence,20x,0.645 um/px,Fixed / Static,DAPI (Nuclei) / Alexa 488 (beta-Tubulin) / Rhodamine (F-Actin),113 Bioactive Compounds (Microtubule/Actin/DNA agents),True,True,False,False,False
BL-IMG-BBBC021-086,BBBC021v1,Broad Bioimage Benchmark Collection,"Caie PD, Walls RE, Ingleston-Orme A, et al. High-content phenotypic profiling of chemically treated human breast cancer cells for mechanism of action prediction. Chem Biol. 2010;17(8):828-837.",10.1016/j.chembiol.2010.05.020,20797613,CC0 1.0 Universal,Permitted,Permitted,MCF7,Homo sapiens,Mammary Gland,Breast Adenocarcinoma,Cytoskeletal architecture remodeling & mitotic spindle disruption,fluorescence,20x,0.645 um/px,Fixed / Static,DAPI (Nuclei) / Alexa 488 (beta-Tubulin) / Rhodamine (F-Actin),113 Bioactive Compounds (Microtubule/Actin/DNA agents),True,True,False,False,False
BL-IMG-BBBC021-087,BBBC021v1,Broad Bioimage Benchmark Collection,"Caie PD, Walls RE, Ingleston-Orme A, et al. High-content phenotypic profiling of chemically treated human breast cancer cells for mechanism of action prediction. Chem Biol. 2010;17(8):828-837.",10.1016/j.chembiol.2010.05.020,20797613,CC0 1.0 Universal,Permitted,Permitted,MCF7,Homo sapiens,Mammary Gland,Breast Adenocarcinoma,Cytoskeletal architecture remodeling & mitotic spindle disruption,fluorescence,20x,0.645 um/px,Fixed / Static,DAPI (Nuclei) / Alexa 488 (beta-Tubulin) / Rhodamine (F-Actin),113 Bioactive Compounds (Microtubule/Actin/DNA agents),True,True,False,False,False
BL-IMG-BBBC021-088,BBBC021v1,Broad Bioimage Benchmark Collection,"Caie PD, Walls RE, Ingleston-Orme A, et al. High-content phenotypic profiling of chemically treated human breast cancer cells for mechanism of action prediction. Chem Biol. 2010;17(8):828-837.",10.1016/j.chembiol.2010.05.020,20797613,CC0 1.0 Universal,Permitted,Permitted,MCF7,Homo sapiens,Mammary Gland,Breast Adenocarcinoma,Cytoskeletal architecture remodeling & mitotic spindle disruption,fluorescence,20x,0.645 um/px,Fixed / Static,DAPI (Nuclei) / Alexa 488 (beta-Tubulin) / Rhodamine (F-Actin),113 Bioactive Compounds (Microtubule/Actin/DNA agents),True,True,False,False,False
BL-IMG-BBBC021-089,BBBC021v1,Broad Bioimage Benchmark Collection,"Caie PD, Walls RE, Ingleston-Orme A, et al. High-content phenotypic profiling of chemically treated human breast cancer cells for mechanism of action prediction. Chem Biol. 2010;17(8):828-837.",10.1016/j.chembiol.2010.05.020,20797613,CC0 1.0 Universal,Permitted,Permitted,MCF7,Homo sapiens,Mammary Gland,Breast Adenocarcinoma,Cytoskeletal architecture remodeling & mitotic spindle disruption,fluorescence,20x,0.645 um/px,Fixed / Static,DAPI (Nuclei) / Alexa 488 (beta-Tubulin) / Rhodamine (F-Actin),113 Bioactive Compounds (Microtubule/Actin/DNA agents),True,True,False,False,False
BL-IMG-BBBC021-090,BBBC021v1,Broad Bioimage Benchmark Collection,"Caie PD, Walls RE, Ingleston-Orme A, et al. High-content phenotypic profiling of chemically treated human breast cancer cells for mechanism of action prediction. Chem Biol. 2010;17(8):828-837.",10.1016/j.chembiol.2010.05.020,20797613,CC0 1.0 Universal,Permitted,Permitted,MCF7,Homo sapiens,Mammary Gland,Breast Adenocarcinoma,Cytoskeletal architecture remodeling & mitotic spindle disruption,fluorescence,20x,0.645 um/px,Fixed / Static,DAPI (Nuclei) / Alexa 488 (beta-Tubulin) / Rhodamine (F-Actin),113 Bioactive Compounds (Microtubule/Actin/DNA agents),True,True,False,False,False
BL-IMG-BBBC018-001,BBBC018v1,Broad Bioimage Benchmark Collection,"Moffat J, Grueneberg DA, Yang X, et al. A lentiviral RNAi library for human and mouse genes applied to an arrayed viral high-content screen. Cell. 2006;124(6):1283-1298.",10.1016/j.cell.2006.01.031,16480579,CC0 1.0 Universal,Permitted,Permitted,HT29,Homo sapiens,Colon,Colorectal Adenocarcinoma,Mitotic arrest & cell proliferation inhibition,fluorescence,20x,0.645 um/px,Fixed / Static,Hoechst 33342 (DNA) / anti-pHH3 (Mitotic marker),Dose-response compound dilution library,True,True,False,False,False
BL-IMG-BBBC018-002,BBBC018v1,Broad Bioimage Benchmark Collection,"Moffat J, Grueneberg DA, Yang X, et al. A lentiviral RNAi library for human and mouse genes applied to an arrayed viral high-content screen. Cell. 2006;124(6):1283-1298.",10.1016/j.cell.2006.01.031,16480579,CC0 1.0 Universal,Permitted,Permitted,HT29,Homo sapiens,Colon,Colorectal Adenocarcinoma,Mitotic arrest & cell proliferation inhibition,fluorescence,20x,0.645 um/px,Fixed / Static,Hoechst 33342 (DNA) / anti-pHH3 (Mitotic marker),Dose-response compound dilution library,True,True,False,False,False
BL-IMG-BBBC018-003,BBBC018v1,Broad Bioimage Benchmark Collection,"Moffat J, Grueneberg DA, Yang X, et al. A lentiviral RNAi library for human and mouse genes applied to an arrayed viral high-content screen. Cell. 2006;124(6):1283-1298.",10.1016/j.cell.2006.01.031,16480579,CC0 1.0 Universal,Permitted,Permitted,HT29,Homo sapiens,Colon,Colorectal Adenocarcinoma,Mitotic arrest & cell proliferation inhibition,fluorescence,20x,0.645 um/px,Fixed / Static,Hoechst 33342 (DNA) / anti-pHH3 (Mitotic marker),Dose-response compound dilution library,True,True,False,False,False
BL-IMG-BBBC018-004,BBBC018v1,Broad Bioimage Benchmark Collection,"Moffat J, Grueneberg DA, Yang X, et al. A lentiviral RNAi library for human and mouse genes applied to an arrayed viral high-content screen. Cell. 2006;124(6):1283-1298.",10.1016/j.cell.2006.01.031,16480579,CC0 1.0 Universal,Permitted,Permitted,HT29,Homo sapiens,Colon,Colorectal Adenocarcinoma,Mitotic arrest & cell proliferation inhibition,fluorescence,20x,0.645 um/px,Fixed / Static,Hoechst 33342 (DNA) / anti-pHH3 (Mitotic marker),Dose-response compound dilution library,True,True,False,False,False
BL-IMG-BBBC018-005,BBBC018v1,Broad Bioimage Benchmark Collection,"Moffat J, Grueneberg DA, Yang X, et al. A lentiviral RNAi library for human and mouse genes applied to an arrayed viral high-content screen. Cell. 2006;124(6):1283-1298.",10.1016/j.cell.2006.01.031,16480579,CC0 1.0 Universal,Permitted,Permitted,HT29,Homo sapiens,Colon,Colorectal Adenocarcinoma,Mitotic arrest & cell proliferation inhibition,fluorescence,20x,0.645 um/px,Fixed / Static,Hoechst 33342 (DNA) / anti-pHH3 (Mitotic marker),Dose-response compound dilution library,True,True,False,False,False
BL-IMG-BBBC018-006,BBBC018v1,Broad Bioimage Benchmark Collection,"Moffat J, Grueneberg DA, Yang X, et al. A lentiviral RNAi library for human and mouse genes applied to an arrayed viral high-content screen. Cell. 2006;124(6):1283-1298.",10.1016/j.cell.2006.01.031,16480579,CC0 1.0 Universal,Permitted,Permitted,HT29,Homo sapiens,Colon,Colorectal Adenocarcinoma,Mitotic arrest & cell proliferation inhibition,fluorescence,20x,0.645 um/px,Fixed / Static,Hoechst 33342 (DNA) / anti-pHH3 (Mitotic marker),Dose-response compound dilution library,True,True,False,False,False
BL-IMG-BBBC018-007,BBBC018v1,Broad Bioimage Benchmark Collection,"Moffat J, Grueneberg DA, Yang X, et al. A lentiviral RNAi library for human and mouse genes applied to an arrayed viral high-content screen. Cell. 2006;124(6):1283-1298.",10.1016/j.cell.2006.01.031,16480579,CC0 1.0 Universal,Permitted,Permitted,HT29,Homo sapiens,Colon,Colorectal Adenocarcinoma,Mitotic arrest & cell proliferation inhibition,fluorescence,20x,0.645 um/px,Fixed / Static,Hoechst 33342 (DNA) / anti-pHH3 (Mitotic marker),Dose-response compound dilution library,True,True,False,False,False
BL-IMG-BBBC018-008,BBBC018v1,Broad Bioimage Benchmark Collection,"Moffat J, Grueneberg DA, Yang X, et al. A lentiviral RNAi library for human and mouse genes applied to an arrayed viral high-content screen. Cell. 2006;124(6):1283-1298.",10.1016/j.cell.2006.01.031,16480579,CC0 1.0 Universal,Permitted,Permitted,HT29,Homo sapiens,Colon,Colorectal Adenocarcinoma,Mitotic arrest & cell proliferation inhibition,fluorescence,20x,0.645 um/px,Fixed / Static,Hoechst 33342 (DNA) / anti-pHH3 (Mitotic marker),Dose-response compound dilution library,True,True,False,False,False
BL-IMG-BBBC018-009,BBBC018v1,Broad Bioimage Benchmark Collection,"Moffat J, Grueneberg DA, Yang X, et al. A lentiviral RNAi library for human and mouse genes applied to an arrayed viral high-content screen. Cell. 2006;124(6):1283-1298.",10.1016/j.cell.2006.01.031,16480579,CC0 1.0 Universal,Permitted,Permitted,HT29,Homo sapiens,Colon,Colorectal Adenocarcinoma,Mitotic arrest & cell proliferation inhibition,fluorescence,20x,0.645 um/px,Fixed / Static,Hoechst 33342 (DNA) / anti-pHH3 (Mitotic marker),Dose-response compound dilution library,True,True,False,False,False
BL-IMG-BBBC018-010,BBBC018v1,Broad Bioimage Benchmark Collection,"Moffat J, Grueneberg DA, Yang X, et al. A lentiviral RNAi library for human and mouse genes applied to an arrayed viral high-content screen. Cell. 2006;124(6):1283-1298.",10.1016/j.cell.2006.01.031,16480579,CC0 1.0 Universal,Permitted,Permitted,HT29,Homo sapiens,Colon,Colorectal Adenocarcinoma,Mitotic arrest & cell proliferation inhibition,fluorescence,20x,0.645 um/px,Fixed / Static,Hoechst 33342 (DNA) / anti-pHH3 (Mitotic marker),Dose-response compound dilution library,True,True,False,False,False
BL-IMG-BBBC018-011,BBBC018v1,Broad Bioimage Benchmark Collection,"Moffat J, Grueneberg DA, Yang X, et al. A lentiviral RNAi library for human and mouse genes applied to an arrayed viral high-content screen. Cell. 2006;124(6):1283-1298.",10.1016/j.cell.2006.01.031,16480579,CC0 1.0 Universal,Permitted,Permitted,HT29,Homo sapiens,Colon,Colorectal Adenocarcinoma,Mitotic arrest & cell proliferation inhibition,fluorescence,20x,0.645 um/px,Fixed / Static,Hoechst 33342 (DNA) / anti-pHH3 (Mitotic marker),Dose-response compound dilution library,True,True,False,False,False
BL-IMG-BBBC018-012,BBBC018v1,Broad Bioimage Benchmark Collection,"Moffat J, Grueneberg DA, Yang X, et al. A lentiviral RNAi library for human and mouse genes applied to an arrayed viral high-content screen. Cell. 2006;124(6):1283-1298.",10.1016/j.cell.2006.01.031,16480579,CC0 1.0 Universal,Permitted,Permitted,HT29,Homo sapiens,Colon,Colorectal Adenocarcinoma,Mitotic arrest & cell proliferation inhibition,fluorescence,20x,0.645 um/px,Fixed / Static,Hoechst 33342 (DNA) / anti-pHH3 (Mitotic marker),Dose-response compound dilution library,True,True,False,False,False
BL-IMG-BBBC018-013,BBBC018v1,Broad Bioimage Benchmark Collection,"Moffat J, Grueneberg DA, Yang X, et al. A lentiviral RNAi library for human and mouse genes applied to an arrayed viral high-content screen. Cell. 2006;124(6):1283-1298.",10.1016/j.cell.2006.01.031,16480579,CC0 1.0 Universal,Permitted,Permitted,HT29,Homo sapiens,Colon,Colorectal Adenocarcinoma,Mitotic arrest & cell proliferation inhibition,fluorescence,20x,0.645 um/px,Fixed / Static,Hoechst 33342 (DNA) / anti-pHH3 (Mitotic marker),Dose-response compound dilution library,True,True,False,False,False
BL-IMG-BBBC018-014,BBBC018v1,Broad Bioimage Benchmark Collection,"Moffat J, Grueneberg DA, Yang X, et al. A lentiviral RNAi library for human and mouse genes applied to an arrayed viral high-content screen. Cell. 2006;124(6):1283-1298.",10.1016/j.cell.2006.01.031,16480579,CC0 1.0 Universal,Permitted,Permitted,HT29,Homo sapiens,Colon,Colorectal Adenocarcinoma,Mitotic arrest & cell proliferation inhibition,fluorescence,20x,0.645 um/px,Fixed / Static,Hoechst 33342 (DNA) / anti-pHH3 (Mitotic marker),Dose-response compound dilution library,True,True,False,False,False
BL-IMG-BBBC018-015,BBBC018v1,Broad Bioimage Benchmark Collection,"Moffat J, Grueneberg DA, Yang X, et al. A lentiviral RNAi library for human and mouse genes applied to an arrayed viral high-content screen. Cell. 2006;124(6):1283-1298.",10.1016/j.cell.2006.01.031,16480579,CC0 1.0 Universal,Permitted,Permitted,HT29,Homo sapiens,Colon,Colorectal Adenocarcinoma,Mitotic arrest & cell proliferation inhibition,fluorescence,20x,0.645 um/px,Fixed / Static,Hoechst 33342 (DNA) / anti-pHH3 (Mitotic marker),Dose-response compound dilution library,True,True,False,False,False
BL-IMG-BBBC018-016,BBBC018v1,Broad Bioimage Benchmark Collection,"Moffat J, Grueneberg DA, Yang X, et al. A lentiviral RNAi library for human and mouse genes applied to an arrayed viral high-content screen. Cell. 2006;124(6):1283-1298.",10.1016/j.cell.2006.01.031,16480579,CC0 1.0 Universal,Permitted,Permitted,HT29,Homo sapiens,Colon,Colorectal Adenocarcinoma,Mitotic arrest & cell proliferation inhibition,fluorescence,20x,0.645 um/px,Fixed / Static,Hoechst 33342 (DNA) / anti-pHH3 (Mitotic marker),Dose-response compound dilution library,True,True,False,False,False
BL-IMG-BBBC018-017,BBBC018v1,Broad Bioimage Benchmark Collection,"Moffat J, Grueneberg DA, Yang X, et al. A lentiviral RNAi library for human and mouse genes applied to an arrayed viral high-content screen. Cell. 2006;124(6):1283-1298.",10.1016/j.cell.2006.01.031,16480579,CC0 1.0 Universal,Permitted,Permitted,HT29,Homo sapiens,Colon,Colorectal Adenocarcinoma,Mitotic arrest & cell proliferation inhibition,fluorescence,20x,0.645 um/px,Fixed / Static,Hoechst 33342 (DNA) / anti-pHH3 (Mitotic marker),Dose-response compound dilution library,True,True,False,False,False
BL-IMG-BBBC018-018,BBBC018v1,Broad Bioimage Benchmark Collection,"Moffat J, Grueneberg DA, Yang X, et al. A lentiviral RNAi library for human and mouse genes applied to an arrayed viral high-content screen. Cell. 2006;124(6):1283-1298.",10.1016/j.cell.2006.01.031,16480579,CC0 1.0 Universal,Permitted,Permitted,HT29,Homo sapiens,Colon,Colorectal Adenocarcinoma,Mitotic arrest & cell proliferation inhibition,fluorescence,20x,0.645 um/px,Fixed / Static,Hoechst 33342 (DNA) / anti-pHH3 (Mitotic marker),Dose-response compound dilution library,True,True,False,False,False
BL-IMG-BBBC018-019,BBBC018v1,Broad Bioimage Benchmark Collection,"Moffat J, Grueneberg DA, Yang X, et al. A lentiviral RNAi library for human and mouse genes applied to an arrayed viral high-content screen. Cell. 2006;124(6):1283-1298.",10.1016/j.cell.2006.01.031,16480579,CC0 1.0 Universal,Permitted,Permitted,HT29,Homo sapiens,Colon,Colorectal Adenocarcinoma,Mitotic arrest & cell proliferation inhibition,fluorescence,20x,0.645 um/px,Fixed / Static,Hoechst 33342 (DNA) / anti-pHH3 (Mitotic marker),Dose-response compound dilution library,True,True,False,False,False
BL-IMG-BBBC018-020,BBBC018v1,Broad Bioimage Benchmark Collection,"Moffat J, Grueneberg DA, Yang X, et al. A lentiviral RNAi library for human and mouse genes applied to an arrayed viral high-content screen. Cell. 2006;124(6):1283-1298.",10.1016/j.cell.2006.01.031,16480579,CC0 1.0 Universal,Permitted,Permitted,HT29,Homo sapiens,Colon,Colorectal Adenocarcinoma,Mitotic arrest & cell proliferation inhibition,fluorescence,20x,0.645 um/px,Fixed / Static,Hoechst 33342 (DNA) / anti-pHH3 (Mitotic marker),Dose-response compound dilution library,True,True,False,False,False
BL-IMG-BBBC018-021,BBBC018v1,Broad Bioimage Benchmark Collection,"Moffat J, Grueneberg DA, Yang X, et al. A lentiviral RNAi library for human and mouse genes applied to an arrayed viral high-content screen. Cell. 2006;124(6):1283-1298.",10.1016/j.cell.2006.01.031,16480579,CC0 1.0 Universal,Permitted,Permitted,HT29,Homo sapiens,Colon,Colorectal Adenocarcinoma,Mitotic arrest & cell proliferation inhibition,fluorescence,20x,0.645 um/px,Fixed / Static,Hoechst 33342 (DNA) / anti-pHH3 (Mitotic marker),Dose-response compound dilution library,True,True,False,False,False
BL-IMG-BBBC018-022,BBBC018v1,Broad Bioimage Benchmark Collection,"Moffat J, Grueneberg DA, Yang X, et al. A lentiviral RNAi library for human and mouse genes applied to an arrayed viral high-content screen. Cell. 2006;124(6):1283-1298.",10.1016/j.cell.2006.01.031,16480579,CC0 1.0 Universal,Permitted,Permitted,HT29,Homo sapiens,Colon,Colorectal Adenocarcinoma,Mitotic arrest & cell proliferation inhibition,fluorescence,20x,0.645 um/px,Fixed / Static,Hoechst 33342 (DNA) / anti-pHH3 (Mitotic marker),Dose-response compound dilution library,True,True,False,False,False
BL-IMG-BBBC018-023,BBBC018v1,Broad Bioimage Benchmark Collection,"Moffat J, Grueneberg DA, Yang X, et al. A lentiviral RNAi library for human and mouse genes applied to an arrayed viral high-content screen. Cell. 2006;124(6):1283-1298.",10.1016/j.cell.2006.01.031,16480579,CC0 1.0 Universal,Permitted,Permitted,HT29,Homo sapiens,Colon,Colorectal Adenocarcinoma,Mitotic arrest & cell proliferation inhibition,fluorescence,20x,0.645 um/px,Fixed / Static,Hoechst 33342 (DNA) / anti-pHH3 (Mitotic marker),Dose-response compound dilution library,True,True,False,False,False
BL-IMG-BBBC018-024,BBBC018v1,Broad Bioimage Benchmark Collection,"Moffat J, Grueneberg DA, Yang X, et al. A lentiviral RNAi library for human and mouse genes applied to an arrayed viral high-content screen. Cell. 2006;124(6):1283-1298.",10.1016/j.cell.2006.01.031,16480579,CC0 1.0 Universal,Permitted,Permitted,HT29,Homo sapiens,Colon,Colorectal Adenocarcinoma,Mitotic arrest & cell proliferation inhibition,fluorescence,20x,0.645 um/px,Fixed / Static,Hoechst 33342 (DNA) / anti-pHH3 (Mitotic marker),Dose-response compound dilution library,True,True,False,False,False
BL-IMG-BBBC018-025,BBBC018v1,Broad Bioimage Benchmark Collection,"Moffat J, Grueneberg DA, Yang X, et al. A lentiviral RNAi library for human and mouse genes applied to an arrayed viral high-content screen. Cell. 2006;124(6):1283-1298.",10.1016/j.cell.2006.01.031,16480579,CC0 1.0 Universal,Permitted,Permitted,HT29,Homo sapiens,Colon,Colorectal Adenocarcinoma,Mitotic arrest & cell proliferation inhibition,fluorescence,20x,0.645 um/px,Fixed / Static,Hoechst 33342 (DNA) / anti-pHH3 (Mitotic marker),Dose-response compound dilution library,True,True,False,False,False
BL-IMG-BBBC018-026,BBBC018v1,Broad Bioimage Benchmark Collection,"Moffat J, Grueneberg DA, Yang X, et al. A lentiviral RNAi library for human and mouse genes applied to an arrayed viral high-content screen. Cell. 2006;124(6):1283-1298.",10.1016/j.cell.2006.01.031,16480579,CC0 1.0 Universal,Permitted,Permitted,HT29,Homo sapiens,Colon,Colorectal Adenocarcinoma,Mitotic arrest & cell proliferation inhibition,fluorescence,20x,0.645 um/px,Fixed / Static,Hoechst 33342 (DNA) / anti-pHH3 (Mitotic marker),Dose-response compound dilution library,True,True,False,False,False
BL-IMG-BBBC018-027,BBBC018v1,Broad Bioimage Benchmark Collection,"Moffat J, Grueneberg DA, Yang X, et al. A lentiviral RNAi library for human and mouse genes applied to an arrayed viral high-content screen. Cell. 2006;124(6):1283-1298.",10.1016/j.cell.2006.01.031,16480579,CC0 1.0 Universal,Permitted,Permitted,HT29,Homo sapiens,Colon,Colorectal Adenocarcinoma,Mitotic arrest & cell proliferation inhibition,fluorescence,20x,0.645 um/px,Fixed / Static,Hoechst 33342 (DNA) / anti-pHH3 (Mitotic marker),Dose-response compound dilution library,True,True,False,False,False
BL-IMG-BBBC018-028,BBBC018v1,Broad Bioimage Benchmark Collection,"Moffat J, Grueneberg DA, Yang X, et al. A lentiviral RNAi library for human and mouse genes applied to an arrayed viral high-content screen. Cell. 2006;124(6):1283-1298.",10.1016/j.cell.2006.01.031,16480579,CC0 1.0 Universal,Permitted,Permitted,HT29,Homo sapiens,Colon,Colorectal Adenocarcinoma,Mitotic arrest & cell proliferation inhibition,fluorescence,20x,0.645 um/px,Fixed / Static,Hoechst 33342 (DNA) / anti-pHH3 (Mitotic marker),Dose-response compound dilution library,True,True,False,False,False
BL-IMG-BBBC018-029,BBBC018v1,Broad Bioimage Benchmark Collection,"Moffat J, Grueneberg DA, Yang X, et al. A lentiviral RNAi library for human and mouse genes applied to an arrayed viral high-content screen. Cell. 2006;124(6):1283-1298.",10.1016/j.cell.2006.01.031,16480579,CC0 1.0 Universal,Permitted,Permitted,HT29,Homo sapiens,Colon,Colorectal Adenocarcinoma,Mitotic arrest & cell proliferation inhibition,fluorescence,20x,0.645 um/px,Fixed / Static,Hoechst 33342 (DNA) / anti-pHH3 (Mitotic marker),Dose-response compound dilution library,True,True,False,False,False
BL-IMG-BBBC018-030,BBBC018v1,Broad Bioimage Benchmark Collection,"Moffat J, Grueneberg DA, Yang X, et al. A lentiviral RNAi library for human and mouse genes applied to an arrayed viral high-content screen. Cell. 2006;124(6):1283-1298.",10.1016/j.cell.2006.01.031,16480579,CC0 1.0 Universal,Permitted,Permitted,HT29,Homo sapiens,Colon,Colorectal Adenocarcinoma,Mitotic arrest & cell proliferation inhibition,fluorescence,20x,0.645 um/px,Fixed / Static,Hoechst 33342 (DNA) / anti-pHH3 (Mitotic marker),Dose-response compound dilution library,True,True,False,False,False
BL-IMG-BBBC018-031,BBBC018v1,Broad Bioimage Benchmark Collection,"Moffat J, Grueneberg DA, Yang X, et al. A lentiviral RNAi library for human and mouse genes applied to an arrayed viral high-content screen. Cell. 2006;124(6):1283-1298.",10.1016/j.cell.2006.01.031,16480579,CC0 1.0 Universal,Permitted,Permitted,HT29,Homo sapiens,Colon,Colorectal Adenocarcinoma,Mitotic arrest & cell proliferation inhibition,fluorescence,20x,0.645 um/px,Fixed / Static,Hoechst 33342 (DNA) / anti-pHH3 (Mitotic marker),Dose-response compound dilution library,True,True,False,False,False
BL-IMG-BBBC018-032,BBBC018v1,Broad Bioimage Benchmark Collection,"Moffat J, Grueneberg DA, Yang X, et al. A lentiviral RNAi library for human and mouse genes applied to an arrayed viral high-content screen. Cell. 2006;124(6):1283-1298.",10.1016/j.cell.2006.01.031,16480579,CC0 1.0 Universal,Permitted,Permitted,HT29,Homo sapiens,Colon,Colorectal Adenocarcinoma,Mitotic arrest & cell proliferation inhibition,fluorescence,20x,0.645 um/px,Fixed / Static,Hoechst 33342 (DNA) / anti-pHH3 (Mitotic marker),Dose-response compound dilution library,True,True,False,False,False
BL-IMG-BBBC018-033,BBBC018v1,Broad Bioimage Benchmark Collection,"Moffat J, Grueneberg DA, Yang X, et al. A lentiviral RNAi library for human and mouse genes applied to an arrayed viral high-content screen. Cell. 2006;124(6):1283-1298.",10.1016/j.cell.2006.01.031,16480579,CC0 1.0 Universal,Permitted,Permitted,HT29,Homo sapiens,Colon,Colorectal Adenocarcinoma,Mitotic arrest & cell proliferation inhibition,fluorescence,20x,0.645 um/px,Fixed / Static,Hoechst 33342 (DNA) / anti-pHH3 (Mitotic marker),Dose-response compound dilution library,True,True,False,False,False
BL-IMG-BBBC018-034,BBBC018v1,Broad Bioimage Benchmark Collection,"Moffat J, Grueneberg DA, Yang X, et al. A lentiviral RNAi library for human and mouse genes applied to an arrayed viral high-content screen. Cell. 2006;124(6):1283-1298.",10.1016/j.cell.2006.01.031,16480579,CC0 1.0 Universal,Permitted,Permitted,HT29,Homo sapiens,Colon,Colorectal Adenocarcinoma,Mitotic arrest & cell proliferation inhibition,fluorescence,20x,0.645 um/px,Fixed / Static,Hoechst 33342 (DNA) / anti-pHH3 (Mitotic marker),Dose-response compound dilution library,True,True,False,False,False
BL-IMG-BBBC018-035,BBBC018v1,Broad Bioimage Benchmark Collection,"Moffat J, Grueneberg DA, Yang X, et al. A lentiviral RNAi library for human and mouse genes applied to an arrayed viral high-content screen. Cell. 2006;124(6):1283-1298.",10.1016/j.cell.2006.01.031,16480579,CC0 1.0 Universal,Permitted,Permitted,HT29,Homo sapiens,Colon,Colorectal Adenocarcinoma,Mitotic arrest & cell proliferation inhibition,fluorescence,20x,0.645 um/px,Fixed / Static,Hoechst 33342 (DNA) / anti-pHH3 (Mitotic marker),Dose-response compound dilution library,True,True,False,False,False
BL-IMG-BBBC018-036,BBBC018v1,Broad Bioimage Benchmark Collection,"Moffat J, Grueneberg DA, Yang X, et al. A lentiviral RNAi library for human and mouse genes applied to an arrayed viral high-content screen. Cell. 2006;124(6):1283-1298.",10.1016/j.cell.2006.01.031,16480579,CC0 1.0 Universal,Permitted,Permitted,HT29,Homo sapiens,Colon,Colorectal Adenocarcinoma,Mitotic arrest & cell proliferation inhibition,fluorescence,20x,0.645 um/px,Fixed / Static,Hoechst 33342 (DNA) / anti-pHH3 (Mitotic marker),Dose-response compound dilution library,True,True,False,False,False
BL-IMG-BBBC018-037,BBBC018v1,Broad Bioimage Benchmark Collection,"Moffat J, Grueneberg DA, Yang X, et al. A lentiviral RNAi library for human and mouse genes applied to an arrayed viral high-content screen. Cell. 2006;124(6):1283-1298.",10.1016/j.cell.2006.01.031,16480579,CC0 1.0 Universal,Permitted,Permitted,HT29,Homo sapiens,Colon,Colorectal Adenocarcinoma,Mitotic arrest & cell proliferation inhibition,fluorescence,20x,0.645 um/px,Fixed / Static,Hoechst 33342 (DNA) / anti-pHH3 (Mitotic marker),Dose-response compound dilution library,True,True,False,False,False
BL-IMG-BBBC018-038,BBBC018v1,Broad Bioimage Benchmark Collection,"Moffat J, Grueneberg DA, Yang X, et al. A lentiviral RNAi library for human and mouse genes applied to an arrayed viral high-content screen. Cell. 2006;124(6):1283-1298.",10.1016/j.cell.2006.01.031,16480579,CC0 1.0 Universal,Permitted,Permitted,HT29,Homo sapiens,Colon,Colorectal Adenocarcinoma,Mitotic arrest & cell proliferation inhibition,fluorescence,20x,0.645 um/px,Fixed / Static,Hoechst 33342 (DNA) / anti-pHH3 (Mitotic marker),Dose-response compound dilution library,True,True,False,False,False
BL-IMG-BBBC018-039,BBBC018v1,Broad Bioimage Benchmark Collection,"Moffat J, Grueneberg DA, Yang X, et al. A lentiviral RNAi library for human and mouse genes applied to an arrayed viral high-content screen. Cell. 2006;124(6):1283-1298.",10.1016/j.cell.2006.01.031,16480579,CC0 1.0 Universal,Permitted,Permitted,HT29,Homo sapiens,Colon,Colorectal Adenocarcinoma,Mitotic arrest & cell proliferation inhibition,fluorescence,20x,0.645 um/px,Fixed / Static,Hoechst 33342 (DNA) / anti-pHH3 (Mitotic marker),Dose-response compound dilution library,True,True,False,False,False
BL-IMG-BBBC018-040,BBBC018v1,Broad Bioimage Benchmark Collection,"Moffat J, Grueneberg DA, Yang X, et al. A lentiviral RNAi library for human and mouse genes applied to an arrayed viral high-content screen. Cell. 2006;124(6):1283-1298.",10.1016/j.cell.2006.01.031,16480579,CC0 1.0 Universal,Permitted,Permitted,HT29,Homo sapiens,Colon,Colorectal Adenocarcinoma,Mitotic arrest & cell proliferation inhibition,fluorescence,20x,0.645 um/px,Fixed / Static,Hoechst 33342 (DNA) / anti-pHH3 (Mitotic marker),Dose-response compound dilution library,True,True,False,False,False
BL-IMG-BBBC007-001,BBBC007v1,Broad Bioimage Benchmark Collection,"Jones TR, Carpenter AE, Lamprecht MR, et al. Scoring diverse cellular morphologies in high-content screens with CellProfiler. J Biomol Screen. 2008;14(8):982-990.",10.1177/1087057109341775,19773591,CC0 1.0 Universal,Permitted,Permitted,NIH3T3 / Human Primary Fibroblast,Mus musculus / Homo sapiens,Embryo / Dermis,None / Healthy Stroma,Bipolar spindle fibroblast elongation & contact inhibition,fluorescence,20x,0.645 um/px,Fixed / Static,DAPI (Nuclei) / Phalloidin (Actin outlines),Sub-confluent baseline vs serum starvation,True,True,False,False,False
BL-IMG-BBBC007-002,BBBC007v1,Broad Bioimage Benchmark Collection,"Jones TR, Carpenter AE, Lamprecht MR, et al. Scoring diverse cellular morphologies in high-content screens with CellProfiler. J Biomol Screen. 2008;14(8):982-990.",10.1177/1087057109341775,19773591,CC0 1.0 Universal,Permitted,Permitted,NIH3T3 / Human Primary Fibroblast,Mus musculus / Homo sapiens,Embryo / Dermis,None / Healthy Stroma,Bipolar spindle fibroblast elongation & contact inhibition,fluorescence,20x,0.645 um/px,Fixed / Static,DAPI (Nuclei) / Phalloidin (Actin outlines),Sub-confluent baseline vs serum starvation,True,True,False,False,False
BL-IMG-BBBC007-003,BBBC007v1,Broad Bioimage Benchmark Collection,"Jones TR, Carpenter AE, Lamprecht MR, et al. Scoring diverse cellular morphologies in high-content screens with CellProfiler. J Biomol Screen. 2008;14(8):982-990.",10.1177/1087057109341775,19773591,CC0 1.0 Universal,Permitted,Permitted,NIH3T3 / Human Primary Fibroblast,Mus musculus / Homo sapiens,Embryo / Dermis,None / Healthy Stroma,Bipolar spindle fibroblast elongation & contact inhibition,fluorescence,20x,0.645 um/px,Fixed / Static,DAPI (Nuclei) / Phalloidin (Actin outlines),Sub-confluent baseline vs serum starvation,True,True,False,False,False
BL-IMG-BBBC007-004,BBBC007v1,Broad Bioimage Benchmark Collection,"Jones TR, Carpenter AE, Lamprecht MR, et al. Scoring diverse cellular morphologies in high-content screens with CellProfiler. J Biomol Screen. 2008;14(8):982-990.",10.1177/1087057109341775,19773591,CC0 1.0 Universal,Permitted,Permitted,NIH3T3 / Human Primary Fibroblast,Mus musculus / Homo sapiens,Embryo / Dermis,None / Healthy Stroma,Bipolar spindle fibroblast elongation & contact inhibition,fluorescence,20x,0.645 um/px,Fixed / Static,DAPI (Nuclei) / Phalloidin (Actin outlines),Sub-confluent baseline vs serum starvation,True,True,False,False,False
BL-IMG-BBBC007-005,BBBC007v1,Broad Bioimage Benchmark Collection,"Jones TR, Carpenter AE, Lamprecht MR, et al. Scoring diverse cellular morphologies in high-content screens with CellProfiler. J Biomol Screen. 2008;14(8):982-990.",10.1177/1087057109341775,19773591,CC0 1.0 Universal,Permitted,Permitted,NIH3T3 / Human Primary Fibroblast,Mus musculus / Homo sapiens,Embryo / Dermis,None / Healthy Stroma,Bipolar spindle fibroblast elongation & contact inhibition,fluorescence,20x,0.645 um/px,Fixed / Static,DAPI (Nuclei) / Phalloidin (Actin outlines),Sub-confluent baseline vs serum starvation,True,True,False,False,False
BL-IMG-BBBC007-006,BBBC007v1,Broad Bioimage Benchmark Collection,"Jones TR, Carpenter AE, Lamprecht MR, et al. Scoring diverse cellular morphologies in high-content screens with CellProfiler. J Biomol Screen. 2008;14(8):982-990.",10.1177/1087057109341775,19773591,CC0 1.0 Universal,Permitted,Permitted,NIH3T3 / Human Primary Fibroblast,Mus musculus / Homo sapiens,Embryo / Dermis,None / Healthy Stroma,Bipolar spindle fibroblast elongation & contact inhibition,fluorescence,20x,0.645 um/px,Fixed / Static,DAPI (Nuclei) / Phalloidin (Actin outlines),Sub-confluent baseline vs serum starvation,True,True,False,False,False
BL-IMG-BBBC007-007,BBBC007v1,Broad Bioimage Benchmark Collection,"Jones TR, Carpenter AE, Lamprecht MR, et al. Scoring diverse cellular morphologies in high-content screens with CellProfiler. J Biomol Screen. 2008;14(8):982-990.",10.1177/1087057109341775,19773591,CC0 1.0 Universal,Permitted,Permitted,NIH3T3 / Human Primary Fibroblast,Mus musculus / Homo sapiens,Embryo / Dermis,None / Healthy Stroma,Bipolar spindle fibroblast elongation & contact inhibition,fluorescence,20x,0.645 um/px,Fixed / Static,DAPI (Nuclei) / Phalloidin (Actin outlines),Sub-confluent baseline vs serum starvation,True,True,False,False,False
BL-IMG-BBBC007-008,BBBC007v1,Broad Bioimage Benchmark Collection,"Jones TR, Carpenter AE, Lamprecht MR, et al. Scoring diverse cellular morphologies in high-content screens with CellProfiler. J Biomol Screen. 2008;14(8):982-990.",10.1177/1087057109341775,19773591,CC0 1.0 Universal,Permitted,Permitted,NIH3T3 / Human Primary Fibroblast,Mus musculus / Homo sapiens,Embryo / Dermis,None / Healthy Stroma,Bipolar spindle fibroblast elongation & contact inhibition,fluorescence,20x,0.645 um/px,Fixed / Static,DAPI (Nuclei) / Phalloidin (Actin outlines),Sub-confluent baseline vs serum starvation,True,True,False,False,False
BL-IMG-BBBC007-009,BBBC007v1,Broad Bioimage Benchmark Collection,"Jones TR, Carpenter AE, Lamprecht MR, et al. Scoring diverse cellular morphologies in high-content screens with CellProfiler. J Biomol Screen. 2008;14(8):982-990.",10.1177/1087057109341775,19773591,CC0 1.0 Universal,Permitted,Permitted,NIH3T3 / Human Primary Fibroblast,Mus musculus / Homo sapiens,Embryo / Dermis,None / Healthy Stroma,Bipolar spindle fibroblast elongation & contact inhibition,fluorescence,20x,0.645 um/px,Fixed / Static,DAPI (Nuclei) / Phalloidin (Actin outlines),Sub-confluent baseline vs serum starvation,True,True,False,False,False
BL-IMG-BBBC007-010,BBBC007v1,Broad Bioimage Benchmark Collection,"Jones TR, Carpenter AE, Lamprecht MR, et al. Scoring diverse cellular morphologies in high-content screens with CellProfiler. J Biomol Screen. 2008;14(8):982-990.",10.1177/1087057109341775,19773591,CC0 1.0 Universal,Permitted,Permitted,NIH3T3 / Human Primary Fibroblast,Mus musculus / Homo sapiens,Embryo / Dermis,None / Healthy Stroma,Bipolar spindle fibroblast elongation & contact inhibition,fluorescence,20x,0.645 um/px,Fixed / Static,DAPI (Nuclei) / Phalloidin (Actin outlines),Sub-confluent baseline vs serum starvation,True,True,False,False,False
BL-IMG-BBBC007-011,BBBC007v1,Broad Bioimage Benchmark Collection,"Jones TR, Carpenter AE, Lamprecht MR, et al. Scoring diverse cellular morphologies in high-content screens with CellProfiler. J Biomol Screen. 2008;14(8):982-990.",10.1177/1087057109341775,19773591,CC0 1.0 Universal,Permitted,Permitted,NIH3T3 / Human Primary Fibroblast,Mus musculus / Homo sapiens,Embryo / Dermis,None / Healthy Stroma,Bipolar spindle fibroblast elongation & contact inhibition,fluorescence,20x,0.645 um/px,Fixed / Static,DAPI (Nuclei) / Phalloidin (Actin outlines),Sub-confluent baseline vs serum starvation,True,True,False,False,False
BL-IMG-BBBC007-012,BBBC007v1,Broad Bioimage Benchmark Collection,"Jones TR, Carpenter AE, Lamprecht MR, et al. Scoring diverse cellular morphologies in high-content screens with CellProfiler. J Biomol Screen. 2008;14(8):982-990.",10.1177/1087057109341775,19773591,CC0 1.0 Universal,Permitted,Permitted,NIH3T3 / Human Primary Fibroblast,Mus musculus / Homo sapiens,Embryo / Dermis,None / Healthy Stroma,Bipolar spindle fibroblast elongation & contact inhibition,fluorescence,20x,0.645 um/px,Fixed / Static,DAPI (Nuclei) / Phalloidin (Actin outlines),Sub-confluent baseline vs serum starvation,True,True,False,False,False
BL-IMG-BBBC007-013,BBBC007v1,Broad Bioimage Benchmark Collection,"Jones TR, Carpenter AE, Lamprecht MR, et al. Scoring diverse cellular morphologies in high-content screens with CellProfiler. J Biomol Screen. 2008;14(8):982-990.",10.1177/1087057109341775,19773591,CC0 1.0 Universal,Permitted,Permitted,NIH3T3 / Human Primary Fibroblast,Mus musculus / Homo sapiens,Embryo / Dermis,None / Healthy Stroma,Bipolar spindle fibroblast elongation & contact inhibition,fluorescence,20x,0.645 um/px,Fixed / Static,DAPI (Nuclei) / Phalloidin (Actin outlines),Sub-confluent baseline vs serum starvation,True,True,False,False,False
BL-IMG-BBBC007-014,BBBC007v1,Broad Bioimage Benchmark Collection,"Jones TR, Carpenter AE, Lamprecht MR, et al. Scoring diverse cellular morphologies in high-content screens with CellProfiler. J Biomol Screen. 2008;14(8):982-990.",10.1177/1087057109341775,19773591,CC0 1.0 Universal,Permitted,Permitted,NIH3T3 / Human Primary Fibroblast,Mus musculus / Homo sapiens,Embryo / Dermis,None / Healthy Stroma,Bipolar spindle fibroblast elongation & contact inhibition,fluorescence,20x,0.645 um/px,Fixed / Static,DAPI (Nuclei) / Phalloidin (Actin outlines),Sub-confluent baseline vs serum starvation,True,True,False,False,False
BL-IMG-BBBC007-015,BBBC007v1,Broad Bioimage Benchmark Collection,"Jones TR, Carpenter AE, Lamprecht MR, et al. Scoring diverse cellular morphologies in high-content screens with CellProfiler. J Biomol Screen. 2008;14(8):982-990.",10.1177/1087057109341775,19773591,CC0 1.0 Universal,Permitted,Permitted,NIH3T3 / Human Primary Fibroblast,Mus musculus / Homo sapiens,Embryo / Dermis,None / Healthy Stroma,Bipolar spindle fibroblast elongation & contact inhibition,fluorescence,20x,0.645 um/px,Fixed / Static,DAPI (Nuclei) / Phalloidin (Actin outlines),Sub-confluent baseline vs serum starvation,True,True,False,False,False
BL-IMG-BBBC007-016,BBBC007v1,Broad Bioimage Benchmark Collection,"Jones TR, Carpenter AE, Lamprecht MR, et al. Scoring diverse cellular morphologies in high-content screens with CellProfiler. J Biomol Screen. 2008;14(8):982-990.",10.1177/1087057109341775,19773591,CC0 1.0 Universal,Permitted,Permitted,NIH3T3 / Human Primary Fibroblast,Mus musculus / Homo sapiens,Embryo / Dermis,None / Healthy Stroma,Bipolar spindle fibroblast elongation & contact inhibition,fluorescence,20x,0.645 um/px,Fixed / Static,DAPI (Nuclei) / Phalloidin (Actin outlines),Sub-confluent baseline vs serum starvation,True,True,False,False,False
BL-IMG-BBBC007-017,BBBC007v1,Broad Bioimage Benchmark Collection,"Jones TR, Carpenter AE, Lamprecht MR, et al. Scoring diverse cellular morphologies in high-content screens with CellProfiler. J Biomol Screen. 2008;14(8):982-990.",10.1177/1087057109341775,19773591,CC0 1.0 Universal,Permitted,Permitted,NIH3T3 / Human Primary Fibroblast,Mus musculus / Homo sapiens,Embryo / Dermis,None / Healthy Stroma,Bipolar spindle fibroblast elongation & contact inhibition,fluorescence,20x,0.645 um/px,Fixed / Static,DAPI (Nuclei) / Phalloidin (Actin outlines),Sub-confluent baseline vs serum starvation,True,True,False,False,False
BL-IMG-BBBC007-018,BBBC007v1,Broad Bioimage Benchmark Collection,"Jones TR, Carpenter AE, Lamprecht MR, et al. Scoring diverse cellular morphologies in high-content screens with CellProfiler. J Biomol Screen. 2008;14(8):982-990.",10.1177/1087057109341775,19773591,CC0 1.0 Universal,Permitted,Permitted,NIH3T3 / Human Primary Fibroblast,Mus musculus / Homo sapiens,Embryo / Dermis,None / Healthy Stroma,Bipolar spindle fibroblast elongation & contact inhibition,fluorescence,20x,0.645 um/px,Fixed / Static,DAPI (Nuclei) / Phalloidin (Actin outlines),Sub-confluent baseline vs serum starvation,True,True,False,False,False
BL-IMG-BBBC007-019,BBBC007v1,Broad Bioimage Benchmark Collection,"Jones TR, Carpenter AE, Lamprecht MR, et al. Scoring diverse cellular morphologies in high-content screens with CellProfiler. J Biomol Screen. 2008;14(8):982-990.",10.1177/1087057109341775,19773591,CC0 1.0 Universal,Permitted,Permitted,NIH3T3 / Human Primary Fibroblast,Mus musculus / Homo sapiens,Embryo / Dermis,None / Healthy Stroma,Bipolar spindle fibroblast elongation & contact inhibition,fluorescence,20x,0.645 um/px,Fixed / Static,DAPI (Nuclei) / Phalloidin (Actin outlines),Sub-confluent baseline vs serum starvation,True,True,False,False,False
BL-IMG-BBBC007-020,BBBC007v1,Broad Bioimage Benchmark Collection,"Jones TR, Carpenter AE, Lamprecht MR, et al. Scoring diverse cellular morphologies in high-content screens with CellProfiler. J Biomol Screen. 2008;14(8):982-990.",10.1177/1087057109341775,19773591,CC0 1.0 Universal,Permitted,Permitted,NIH3T3 / Human Primary Fibroblast,Mus musculus / Homo sapiens,Embryo / Dermis,None / Healthy Stroma,Bipolar spindle fibroblast elongation & contact inhibition,fluorescence,20x,0.645 um/px,Fixed / Static,DAPI (Nuclei) / Phalloidin (Actin outlines),Sub-confluent baseline vs serum starvation,True,True,False,False,False
BL-IMG-BBBC007-021,BBBC007v1,Broad Bioimage Benchmark Collection,"Jones TR, Carpenter AE, Lamprecht MR, et al. Scoring diverse cellular morphologies in high-content screens with CellProfiler. J Biomol Screen. 2008;14(8):982-990.",10.1177/1087057109341775,19773591,CC0 1.0 Universal,Permitted,Permitted,NIH3T3 / Human Primary Fibroblast,Mus musculus / Homo sapiens,Embryo / Dermis,None / Healthy Stroma,Bipolar spindle fibroblast elongation & contact inhibition,fluorescence,20x,0.645 um/px,Fixed / Static,DAPI (Nuclei) / Phalloidin (Actin outlines),Sub-confluent baseline vs serum starvation,True,True,False,False,False
BL-IMG-BBBC007-022,BBBC007v1,Broad Bioimage Benchmark Collection,"Jones TR, Carpenter AE, Lamprecht MR, et al. Scoring diverse cellular morphologies in high-content screens with CellProfiler. J Biomol Screen. 2008;14(8):982-990.",10.1177/1087057109341775,19773591,CC0 1.0 Universal,Permitted,Permitted,NIH3T3 / Human Primary Fibroblast,Mus musculus / Homo sapiens,Embryo / Dermis,None / Healthy Stroma,Bipolar spindle fibroblast elongation & contact inhibition,fluorescence,20x,0.645 um/px,Fixed / Static,DAPI (Nuclei) / Phalloidin (Actin outlines),Sub-confluent baseline vs serum starvation,True,True,False,False,False
BL-IMG-BBBC007-023,BBBC007v1,Broad Bioimage Benchmark Collection,"Jones TR, Carpenter AE, Lamprecht MR, et al. Scoring diverse cellular morphologies in high-content screens with CellProfiler. J Biomol Screen. 2008;14(8):982-990.",10.1177/1087057109341775,19773591,CC0 1.0 Universal,Permitted,Permitted,NIH3T3 / Human Primary Fibroblast,Mus musculus / Homo sapiens,Embryo / Dermis,None / Healthy Stroma,Bipolar spindle fibroblast elongation & contact inhibition,fluorescence,20x,0.645 um/px,Fixed / Static,DAPI (Nuclei) / Phalloidin (Actin outlines),Sub-confluent baseline vs serum starvation,True,True,False,False,False
BL-IMG-BBBC007-024,BBBC007v1,Broad Bioimage Benchmark Collection,"Jones TR, Carpenter AE, Lamprecht MR, et al. Scoring diverse cellular morphologies in high-content screens with CellProfiler. J Biomol Screen. 2008;14(8):982-990.",10.1177/1087057109341775,19773591,CC0 1.0 Universal,Permitted,Permitted,NIH3T3 / Human Primary Fibroblast,Mus musculus / Homo sapiens,Embryo / Dermis,None / Healthy Stroma,Bipolar spindle fibroblast elongation & contact inhibition,fluorescence,20x,0.645 um/px,Fixed / Static,DAPI (Nuclei) / Phalloidin (Actin outlines),Sub-confluent baseline vs serum starvation,True,True,False,False,False
BL-IMG-BBBC007-025,BBBC007v1,Broad Bioimage Benchmark Collection,"Jones TR, Carpenter AE, Lamprecht MR, et al. Scoring diverse cellular morphologies in high-content screens with CellProfiler. J Biomol Screen. 2008;14(8):982-990.",10.1177/1087057109341775,19773591,CC0 1.0 Universal,Permitted,Permitted,NIH3T3 / Human Primary Fibroblast,Mus musculus / Homo sapiens,Embryo / Dermis,None / Healthy Stroma,Bipolar spindle fibroblast elongation & contact inhibition,fluorescence,20x,0.645 um/px,Fixed / Static,DAPI (Nuclei) / Phalloidin (Actin outlines),Sub-confluent baseline vs serum starvation,True,True,False,False,False
BL-IMG-BBBC007-026,BBBC007v1,Broad Bioimage Benchmark Collection,"Jones TR, Carpenter AE, Lamprecht MR, et al. Scoring diverse cellular morphologies in high-content screens with CellProfiler. J Biomol Screen. 2008;14(8):982-990.",10.1177/1087057109341775,19773591,CC0 1.0 Universal,Permitted,Permitted,NIH3T3 / Human Primary Fibroblast,Mus musculus / Homo sapiens,Embryo / Dermis,None / Healthy Stroma,Bipolar spindle fibroblast elongation & contact inhibition,fluorescence,20x,0.645 um/px,Fixed / Static,DAPI (Nuclei) / Phalloidin (Actin outlines),Sub-confluent baseline vs serum starvation,True,True,False,False,False
BL-IMG-BBBC007-027,BBBC007v1,Broad Bioimage Benchmark Collection,"Jones TR, Carpenter AE, Lamprecht MR, et al. Scoring diverse cellular morphologies in high-content screens with CellProfiler. J Biomol Screen. 2008;14(8):982-990.",10.1177/1087057109341775,19773591,CC0 1.0 Universal,Permitted,Permitted,NIH3T3 / Human Primary Fibroblast,Mus musculus / Homo sapiens,Embryo / Dermis,None / Healthy Stroma,Bipolar spindle fibroblast elongation & contact inhibition,fluorescence,20x,0.645 um/px,Fixed / Static,DAPI (Nuclei) / Phalloidin (Actin outlines),Sub-confluent baseline vs serum starvation,True,True,False,False,False
BL-IMG-BBBC007-028,BBBC007v1,Broad Bioimage Benchmark Collection,"Jones TR, Carpenter AE, Lamprecht MR, et al. Scoring diverse cellular morphologies in high-content screens with CellProfiler. J Biomol Screen. 2008;14(8):982-990.",10.1177/1087057109341775,19773591,CC0 1.0 Universal,Permitted,Permitted,NIH3T3 / Human Primary Fibroblast,Mus musculus / Homo sapiens,Embryo / Dermis,None / Healthy Stroma,Bipolar spindle fibroblast elongation & contact inhibition,fluorescence,20x,0.645 um/px,Fixed / Static,DAPI (Nuclei) / Phalloidin (Actin outlines),Sub-confluent baseline vs serum starvation,True,True,False,False,False
BL-IMG-BBBC007-029,BBBC007v1,Broad Bioimage Benchmark Collection,"Jones TR, Carpenter AE, Lamprecht MR, et al. Scoring diverse cellular morphologies in high-content screens with CellProfiler. J Biomol Screen. 2008;14(8):982-990.",10.1177/1087057109341775,19773591,CC0 1.0 Universal,Permitted,Permitted,NIH3T3 / Human Primary Fibroblast,Mus musculus / Homo sapiens,Embryo / Dermis,None / Healthy Stroma,Bipolar spindle fibroblast elongation & contact inhibition,fluorescence,20x,0.645 um/px,Fixed / Static,DAPI (Nuclei) / Phalloidin (Actin outlines),Sub-confluent baseline vs serum starvation,True,True,False,False,False
BL-IMG-BBBC007-030,BBBC007v1,Broad Bioimage Benchmark Collection,"Jones TR, Carpenter AE, Lamprecht MR, et al. Scoring diverse cellular morphologies in high-content screens with CellProfiler. J Biomol Screen. 2008;14(8):982-990.",10.1177/1087057109341775,19773591,CC0 1.0 Universal,Permitted,Permitted,NIH3T3 / Human Primary Fibroblast,Mus musculus / Homo sapiens,Embryo / Dermis,None / Healthy Stroma,Bipolar spindle fibroblast elongation & contact inhibition,fluorescence,20x,0.645 um/px,Fixed / Static,DAPI (Nuclei) / Phalloidin (Actin outlines),Sub-confluent baseline vs serum starvation,True,True,False,False,False
BL-IMG-BBBC020-001,BBBC020v1,Broad Bioimage Benchmark Collection,"Ljosa V, Sokolnicki KL, Carpenter AE. Annotated high-throughput microscopy images of macrophages and leukocytes. Broad Benchmark. 2012.",N/A (Broad Institute Benchmark),N/A,CC0 1.0 Universal,Permitted,Permitted,RAW 264.7 / Primary BMDM,Mus musculus,Bone Marrow,None / Inflammatory Model,"Macrophage spreading, membrane ruffling & phagocytic vacuolization",fluorescence,20x,0.645 um/px,Fixed / Static,DAPI (Nuclei) / CellTracker Green (Cytoplasm),Lipopolysaccharide (LPS 100 ng/mL) inflammatory activation,True,True,False,False,False
BL-IMG-BBBC020-002,BBBC020v1,Broad Bioimage Benchmark Collection,"Ljosa V, Sokolnicki KL, Carpenter AE. Annotated high-throughput microscopy images of macrophages and leukocytes. Broad Benchmark. 2012.",N/A (Broad Institute Benchmark),N/A,CC0 1.0 Universal,Permitted,Permitted,RAW 264.7 / Primary BMDM,Mus musculus,Bone Marrow,None / Inflammatory Model,"Macrophage spreading, membrane ruffling & phagocytic vacuolization",fluorescence,20x,0.645 um/px,Fixed / Static,DAPI (Nuclei) / CellTracker Green (Cytoplasm),Lipopolysaccharide (LPS 100 ng/mL) inflammatory activation,True,True,False,False,False
BL-IMG-BBBC020-003,BBBC020v1,Broad Bioimage Benchmark Collection,"Ljosa V, Sokolnicki KL, Carpenter AE. Annotated high-throughput microscopy images of macrophages and leukocytes. Broad Benchmark. 2012.",N/A (Broad Institute Benchmark),N/A,CC0 1.0 Universal,Permitted,Permitted,RAW 264.7 / Primary BMDM,Mus musculus,Bone Marrow,None / Inflammatory Model,"Macrophage spreading, membrane ruffling & phagocytic vacuolization",fluorescence,20x,0.645 um/px,Fixed / Static,DAPI (Nuclei) / CellTracker Green (Cytoplasm),Lipopolysaccharide (LPS 100 ng/mL) inflammatory activation,True,True,False,False,False
BL-IMG-BBBC020-004,BBBC020v1,Broad Bioimage Benchmark Collection,"Ljosa V, Sokolnicki KL, Carpenter AE. Annotated high-throughput microscopy images of macrophages and leukocytes. Broad Benchmark. 2012.",N/A (Broad Institute Benchmark),N/A,CC0 1.0 Universal,Permitted,Permitted,RAW 264.7 / Primary BMDM,Mus musculus,Bone Marrow,None / Inflammatory Model,"Macrophage spreading, membrane ruffling & phagocytic vacuolization",fluorescence,20x,0.645 um/px,Fixed / Static,DAPI (Nuclei) / CellTracker Green (Cytoplasm),Lipopolysaccharide (LPS 100 ng/mL) inflammatory activation,True,True,False,False,False
BL-IMG-BBBC020-005,BBBC020v1,Broad Bioimage Benchmark Collection,"Ljosa V, Sokolnicki KL, Carpenter AE. Annotated high-throughput microscopy images of macrophages and leukocytes. Broad Benchmark. 2012.",N/A (Broad Institute Benchmark),N/A,CC0 1.0 Universal,Permitted,Permitted,RAW 264.7 / Primary BMDM,Mus musculus,Bone Marrow,None / Inflammatory Model,"Macrophage spreading, membrane ruffling & phagocytic vacuolization",fluorescence,20x,0.645 um/px,Fixed / Static,DAPI (Nuclei) / CellTracker Green (Cytoplasm),Lipopolysaccharide (LPS 100 ng/mL) inflammatory activation,True,True,False,False,False
BL-IMG-BBBC020-006,BBBC020v1,Broad Bioimage Benchmark Collection,"Ljosa V, Sokolnicki KL, Carpenter AE. Annotated high-throughput microscopy images of macrophages and leukocytes. Broad Benchmark. 2012.",N/A (Broad Institute Benchmark),N/A,CC0 1.0 Universal,Permitted,Permitted,RAW 264.7 / Primary BMDM,Mus musculus,Bone Marrow,None / Inflammatory Model,"Macrophage spreading, membrane ruffling & phagocytic vacuolization",fluorescence,20x,0.645 um/px,Fixed / Static,DAPI (Nuclei) / CellTracker Green (Cytoplasm),Lipopolysaccharide (LPS 100 ng/mL) inflammatory activation,True,True,False,False,False
BL-IMG-BBBC020-007,BBBC020v1,Broad Bioimage Benchmark Collection,"Ljosa V, Sokolnicki KL, Carpenter AE. Annotated high-throughput microscopy images of macrophages and leukocytes. Broad Benchmark. 2012.",N/A (Broad Institute Benchmark),N/A,CC0 1.0 Universal,Permitted,Permitted,RAW 264.7 / Primary BMDM,Mus musculus,Bone Marrow,None / Inflammatory Model,"Macrophage spreading, membrane ruffling & phagocytic vacuolization",fluorescence,20x,0.645 um/px,Fixed / Static,DAPI (Nuclei) / CellTracker Green (Cytoplasm),Lipopolysaccharide (LPS 100 ng/mL) inflammatory activation,True,True,False,False,False
BL-IMG-BBBC020-008,BBBC020v1,Broad Bioimage Benchmark Collection,"Ljosa V, Sokolnicki KL, Carpenter AE. Annotated high-throughput microscopy images of macrophages and leukocytes. Broad Benchmark. 2012.",N/A (Broad Institute Benchmark),N/A,CC0 1.0 Universal,Permitted,Permitted,RAW 264.7 / Primary BMDM,Mus musculus,Bone Marrow,None / Inflammatory Model,"Macrophage spreading, membrane ruffling & phagocytic vacuolization",fluorescence,20x,0.645 um/px,Fixed / Static,DAPI (Nuclei) / CellTracker Green (Cytoplasm),Lipopolysaccharide (LPS 100 ng/mL) inflammatory activation,True,True,False,False,False
BL-IMG-BBBC020-009,BBBC020v1,Broad Bioimage Benchmark Collection,"Ljosa V, Sokolnicki KL, Carpenter AE. Annotated high-throughput microscopy images of macrophages and leukocytes. Broad Benchmark. 2012.",N/A (Broad Institute Benchmark),N/A,CC0 1.0 Universal,Permitted,Permitted,RAW 264.7 / Primary BMDM,Mus musculus,Bone Marrow,None / Inflammatory Model,"Macrophage spreading, membrane ruffling & phagocytic vacuolization",fluorescence,20x,0.645 um/px,Fixed / Static,DAPI (Nuclei) / CellTracker Green (Cytoplasm),Lipopolysaccharide (LPS 100 ng/mL) inflammatory activation,True,True,False,False,False
BL-IMG-BBBC020-010,BBBC020v1,Broad Bioimage Benchmark Collection,"Ljosa V, Sokolnicki KL, Carpenter AE. Annotated high-throughput microscopy images of macrophages and leukocytes. Broad Benchmark. 2012.",N/A (Broad Institute Benchmark),N/A,CC0 1.0 Universal,Permitted,Permitted,RAW 264.7 / Primary BMDM,Mus musculus,Bone Marrow,None / Inflammatory Model,"Macrophage spreading, membrane ruffling & phagocytic vacuolization",fluorescence,20x,0.645 um/px,Fixed / Static,DAPI (Nuclei) / CellTracker Green (Cytoplasm),Lipopolysaccharide (LPS 100 ng/mL) inflammatory activation,True,True,False,False,False
BL-IMG-BBBC020-011,BBBC020v1,Broad Bioimage Benchmark Collection,"Ljosa V, Sokolnicki KL, Carpenter AE. Annotated high-throughput microscopy images of macrophages and leukocytes. Broad Benchmark. 2012.",N/A (Broad Institute Benchmark),N/A,CC0 1.0 Universal,Permitted,Permitted,RAW 264.7 / Primary BMDM,Mus musculus,Bone Marrow,None / Inflammatory Model,"Macrophage spreading, membrane ruffling & phagocytic vacuolization",fluorescence,20x,0.645 um/px,Fixed / Static,DAPI (Nuclei) / CellTracker Green (Cytoplasm),Lipopolysaccharide (LPS 100 ng/mL) inflammatory activation,True,True,False,False,False
BL-IMG-BBBC020-012,BBBC020v1,Broad Bioimage Benchmark Collection,"Ljosa V, Sokolnicki KL, Carpenter AE. Annotated high-throughput microscopy images of macrophages and leukocytes. Broad Benchmark. 2012.",N/A (Broad Institute Benchmark),N/A,CC0 1.0 Universal,Permitted,Permitted,RAW 264.7 / Primary BMDM,Mus musculus,Bone Marrow,None / Inflammatory Model,"Macrophage spreading, membrane ruffling & phagocytic vacuolization",fluorescence,20x,0.645 um/px,Fixed / Static,DAPI (Nuclei) / CellTracker Green (Cytoplasm),Lipopolysaccharide (LPS 100 ng/mL) inflammatory activation,True,True,False,False,False
BL-IMG-BBBC020-013,BBBC020v1,Broad Bioimage Benchmark Collection,"Ljosa V, Sokolnicki KL, Carpenter AE. Annotated high-throughput microscopy images of macrophages and leukocytes. Broad Benchmark. 2012.",N/A (Broad Institute Benchmark),N/A,CC0 1.0 Universal,Permitted,Permitted,RAW 264.7 / Primary BMDM,Mus musculus,Bone Marrow,None / Inflammatory Model,"Macrophage spreading, membrane ruffling & phagocytic vacuolization",fluorescence,20x,0.645 um/px,Fixed / Static,DAPI (Nuclei) / CellTracker Green (Cytoplasm),Lipopolysaccharide (LPS 100 ng/mL) inflammatory activation,True,True,False,False,False
BL-IMG-BBBC020-014,BBBC020v1,Broad Bioimage Benchmark Collection,"Ljosa V, Sokolnicki KL, Carpenter AE. Annotated high-throughput microscopy images of macrophages and leukocytes. Broad Benchmark. 2012.",N/A (Broad Institute Benchmark),N/A,CC0 1.0 Universal,Permitted,Permitted,RAW 264.7 / Primary BMDM,Mus musculus,Bone Marrow,None / Inflammatory Model,"Macrophage spreading, membrane ruffling & phagocytic vacuolization",fluorescence,20x,0.645 um/px,Fixed / Static,DAPI (Nuclei) / CellTracker Green (Cytoplasm),Lipopolysaccharide (LPS 100 ng/mL) inflammatory activation,True,True,False,False,False
BL-IMG-BBBC020-015,BBBC020v1,Broad Bioimage Benchmark Collection,"Ljosa V, Sokolnicki KL, Carpenter AE. Annotated high-throughput microscopy images of macrophages and leukocytes. Broad Benchmark. 2012.",N/A (Broad Institute Benchmark),N/A,CC0 1.0 Universal,Permitted,Permitted,RAW 264.7 / Primary BMDM,Mus musculus,Bone Marrow,None / Inflammatory Model,"Macrophage spreading, membrane ruffling & phagocytic vacuolization",fluorescence,20x,0.645 um/px,Fixed / Static,DAPI (Nuclei) / CellTracker Green (Cytoplasm),Lipopolysaccharide (LPS 100 ng/mL) inflammatory activation,True,True,False,False,False
BL-IMG-BBBC020-016,BBBC020v1,Broad Bioimage Benchmark Collection,"Ljosa V, Sokolnicki KL, Carpenter AE. Annotated high-throughput microscopy images of macrophages and leukocytes. Broad Benchmark. 2012.",N/A (Broad Institute Benchmark),N/A,CC0 1.0 Universal,Permitted,Permitted,RAW 264.7 / Primary BMDM,Mus musculus,Bone Marrow,None / Inflammatory Model,"Macrophage spreading, membrane ruffling & phagocytic vacuolization",fluorescence,20x,0.645 um/px,Fixed / Static,DAPI (Nuclei) / CellTracker Green (Cytoplasm),Lipopolysaccharide (LPS 100 ng/mL) inflammatory activation,True,True,False,False,False
BL-IMG-BBBC020-017,BBBC020v1,Broad Bioimage Benchmark Collection,"Ljosa V, Sokolnicki KL, Carpenter AE. Annotated high-throughput microscopy images of macrophages and leukocytes. Broad Benchmark. 2012.",N/A (Broad Institute Benchmark),N/A,CC0 1.0 Universal,Permitted,Permitted,RAW 264.7 / Primary BMDM,Mus musculus,Bone Marrow,None / Inflammatory Model,"Macrophage spreading, membrane ruffling & phagocytic vacuolization",fluorescence,20x,0.645 um/px,Fixed / Static,DAPI (Nuclei) / CellTracker Green (Cytoplasm),Lipopolysaccharide (LPS 100 ng/mL) inflammatory activation,True,True,False,False,False
BL-IMG-BBBC020-018,BBBC020v1,Broad Bioimage Benchmark Collection,"Ljosa V, Sokolnicki KL, Carpenter AE. Annotated high-throughput microscopy images of macrophages and leukocytes. Broad Benchmark. 2012.",N/A (Broad Institute Benchmark),N/A,CC0 1.0 Universal,Permitted,Permitted,RAW 264.7 / Primary BMDM,Mus musculus,Bone Marrow,None / Inflammatory Model,"Macrophage spreading, membrane ruffling & phagocytic vacuolization",fluorescence,20x,0.645 um/px,Fixed / Static,DAPI (Nuclei) / CellTracker Green (Cytoplasm),Lipopolysaccharide (LPS 100 ng/mL) inflammatory activation,True,True,False,False,False
BL-IMG-BBBC020-019,BBBC020v1,Broad Bioimage Benchmark Collection,"Ljosa V, Sokolnicki KL, Carpenter AE. Annotated high-throughput microscopy images of macrophages and leukocytes. Broad Benchmark. 2012.",N/A (Broad Institute Benchmark),N/A,CC0 1.0 Universal,Permitted,Permitted,RAW 264.7 / Primary BMDM,Mus musculus,Bone Marrow,None / Inflammatory Model,"Macrophage spreading, membrane ruffling & phagocytic vacuolization",fluorescence,20x,0.645 um/px,Fixed / Static,DAPI (Nuclei) / CellTracker Green (Cytoplasm),Lipopolysaccharide (LPS 100 ng/mL) inflammatory activation,True,True,False,False,False
BL-IMG-BBBC020-020,BBBC020v1,Broad Bioimage Benchmark Collection,"Ljosa V, Sokolnicki KL, Carpenter AE. Annotated high-throughput microscopy images of macrophages and leukocytes. Broad Benchmark. 2012.",N/A (Broad Institute Benchmark),N/A,CC0 1.0 Universal,Permitted,Permitted,RAW 264.7 / Primary BMDM,Mus musculus,Bone Marrow,None / Inflammatory Model,"Macrophage spreading, membrane ruffling & phagocytic vacuolization",fluorescence,20x,0.645 um/px,Fixed / Static,DAPI (Nuclei) / CellTracker Green (Cytoplasm),Lipopolysaccharide (LPS 100 ng/mL) inflammatory activation,True,True,False,False,False
BL-IMG-BBBC020-021,BBBC020v1,Broad Bioimage Benchmark Collection,"Ljosa V, Sokolnicki KL, Carpenter AE. Annotated high-throughput microscopy images of macrophages and leukocytes. Broad Benchmark. 2012.",N/A (Broad Institute Benchmark),N/A,CC0 1.0 Universal,Permitted,Permitted,RAW 264.7 / Primary BMDM,Mus musculus,Bone Marrow,None / Inflammatory Model,"Macrophage spreading, membrane ruffling & phagocytic vacuolization",fluorescence,20x,0.645 um/px,Fixed / Static,DAPI (Nuclei) / CellTracker Green (Cytoplasm),Lipopolysaccharide (LPS 100 ng/mL) inflammatory activation,True,True,False,False,False
BL-IMG-BBBC020-022,BBBC020v1,Broad Bioimage Benchmark Collection,"Ljosa V, Sokolnicki KL, Carpenter AE. Annotated high-throughput microscopy images of macrophages and leukocytes. Broad Benchmark. 2012.",N/A (Broad Institute Benchmark),N/A,CC0 1.0 Universal,Permitted,Permitted,RAW 264.7 / Primary BMDM,Mus musculus,Bone Marrow,None / Inflammatory Model,"Macrophage spreading, membrane ruffling & phagocytic vacuolization",fluorescence,20x,0.645 um/px,Fixed / Static,DAPI (Nuclei) / CellTracker Green (Cytoplasm),Lipopolysaccharide (LPS 100 ng/mL) inflammatory activation,True,True,False,False,False
BL-IMG-BBBC020-023,BBBC020v1,Broad Bioimage Benchmark Collection,"Ljosa V, Sokolnicki KL, Carpenter AE. Annotated high-throughput microscopy images of macrophages and leukocytes. Broad Benchmark. 2012.",N/A (Broad Institute Benchmark),N/A,CC0 1.0 Universal,Permitted,Permitted,RAW 264.7 / Primary BMDM,Mus musculus,Bone Marrow,None / Inflammatory Model,"Macrophage spreading, membrane ruffling & phagocytic vacuolization",fluorescence,20x,0.645 um/px,Fixed / Static,DAPI (Nuclei) / CellTracker Green (Cytoplasm),Lipopolysaccharide (LPS 100 ng/mL) inflammatory activation,True,True,False,False,False
BL-IMG-BBBC020-024,BBBC020v1,Broad Bioimage Benchmark Collection,"Ljosa V, Sokolnicki KL, Carpenter AE. Annotated high-throughput microscopy images of macrophages and leukocytes. Broad Benchmark. 2012.",N/A (Broad Institute Benchmark),N/A,CC0 1.0 Universal,Permitted,Permitted,RAW 264.7 / Primary BMDM,Mus musculus,Bone Marrow,None / Inflammatory Model,"Macrophage spreading, membrane ruffling & phagocytic vacuolization",fluorescence,20x,0.645 um/px,Fixed / Static,DAPI (Nuclei) / CellTracker Green (Cytoplasm),Lipopolysaccharide (LPS 100 ng/mL) inflammatory activation,True,True,False,False,False
BL-IMG-BBBC020-025,BBBC020v1,Broad Bioimage Benchmark Collection,"Ljosa V, Sokolnicki KL, Carpenter AE. Annotated high-throughput microscopy images of macrophages and leukocytes. Broad Benchmark. 2012.",N/A (Broad Institute Benchmark),N/A,CC0 1.0 Universal,Permitted,Permitted,RAW 264.7 / Primary BMDM,Mus musculus,Bone Marrow,None / Inflammatory Model,"Macrophage spreading, membrane ruffling & phagocytic vacuolization",fluorescence,20x,0.645 um/px,Fixed / Static,DAPI (Nuclei) / CellTracker Green (Cytoplasm),Lipopolysaccharide (LPS 100 ng/mL) inflammatory activation,True,True,False,False,False
BL-IMG-BBBC020-026,BBBC020v1,Broad Bioimage Benchmark Collection,"Ljosa V, Sokolnicki KL, Carpenter AE. Annotated high-throughput microscopy images of macrophages and leukocytes. Broad Benchmark. 2012.",N/A (Broad Institute Benchmark),N/A,CC0 1.0 Universal,Permitted,Permitted,RAW 264.7 / Primary BMDM,Mus musculus,Bone Marrow,None / Inflammatory Model,"Macrophage spreading, membrane ruffling & phagocytic vacuolization",fluorescence,20x,0.645 um/px,Fixed / Static,DAPI (Nuclei) / CellTracker Green (Cytoplasm),Lipopolysaccharide (LPS 100 ng/mL) inflammatory activation,True,True,False,False,False
BL-IMG-BBBC020-027,BBBC020v1,Broad Bioimage Benchmark Collection,"Ljosa V, Sokolnicki KL, Carpenter AE. Annotated high-throughput microscopy images of macrophages and leukocytes. Broad Benchmark. 2012.",N/A (Broad Institute Benchmark),N/A,CC0 1.0 Universal,Permitted,Permitted,RAW 264.7 / Primary BMDM,Mus musculus,Bone Marrow,None / Inflammatory Model,"Macrophage spreading, membrane ruffling & phagocytic vacuolization",fluorescence,20x,0.645 um/px,Fixed / Static,DAPI (Nuclei) / CellTracker Green (Cytoplasm),Lipopolysaccharide (LPS 100 ng/mL) inflammatory activation,True,True,False,False,False
BL-IMG-BBBC020-028,BBBC020v1,Broad Bioimage Benchmark Collection,"Ljosa V, Sokolnicki KL, Carpenter AE. Annotated high-throughput microscopy images of macrophages and leukocytes. Broad Benchmark. 2012.",N/A (Broad Institute Benchmark),N/A,CC0 1.0 Universal,Permitted,Permitted,RAW 264.7 / Primary BMDM,Mus musculus,Bone Marrow,None / Inflammatory Model,"Macrophage spreading, membrane ruffling & phagocytic vacuolization",fluorescence,20x,0.645 um/px,Fixed / Static,DAPI (Nuclei) / CellTracker Green (Cytoplasm),Lipopolysaccharide (LPS 100 ng/mL) inflammatory activation,True,True,False,False,False
BL-IMG-BBBC020-029,BBBC020v1,Broad Bioimage Benchmark Collection,"Ljosa V, Sokolnicki KL, Carpenter AE. Annotated high-throughput microscopy images of macrophages and leukocytes. Broad Benchmark. 2012.",N/A (Broad Institute Benchmark),N/A,CC0 1.0 Universal,Permitted,Permitted,RAW 264.7 / Primary BMDM,Mus musculus,Bone Marrow,None / Inflammatory Model,"Macrophage spreading, membrane ruffling & phagocytic vacuolization",fluorescence,20x,0.645 um/px,Fixed / Static,DAPI (Nuclei) / CellTracker Green (Cytoplasm),Lipopolysaccharide (LPS 100 ng/mL) inflammatory activation,True,True,False,False,False
BL-IMG-BBBC020-030,BBBC020v1,Broad Bioimage Benchmark Collection,"Ljosa V, Sokolnicki KL, Carpenter AE. Annotated high-throughput microscopy images of macrophages and leukocytes. Broad Benchmark. 2012.",N/A (Broad Institute Benchmark),N/A,CC0 1.0 Universal,Permitted,Permitted,RAW 264.7 / Primary BMDM,Mus musculus,Bone Marrow,None / Inflammatory Model,"Macrophage spreading, membrane ruffling & phagocytic vacuolization",fluorescence,20x,0.645 um/px,Fixed / Static,DAPI (Nuclei) / CellTracker Green (Cytoplasm),Lipopolysaccharide (LPS 100 ng/mL) inflammatory activation,True,True,False,False,False
BL-IMG-BBBC020-031,BBBC020v1,Broad Bioimage Benchmark Collection,"Ljosa V, Sokolnicki KL, Carpenter AE. Annotated high-throughput microscopy images of macrophages and leukocytes. Broad Benchmark. 2012.",N/A (Broad Institute Benchmark),N/A,CC0 1.0 Universal,Permitted,Permitted,RAW 264.7 / Primary BMDM,Mus musculus,Bone Marrow,None / Inflammatory Model,"Macrophage spreading, membrane ruffling & phagocytic vacuolization",fluorescence,20x,0.645 um/px,Fixed / Static,DAPI (Nuclei) / CellTracker Green (Cytoplasm),Lipopolysaccharide (LPS 100 ng/mL) inflammatory activation,True,True,False,False,False
BL-IMG-BBBC020-032,BBBC020v1,Broad Bioimage Benchmark Collection,"Ljosa V, Sokolnicki KL, Carpenter AE. Annotated high-throughput microscopy images of macrophages and leukocytes. Broad Benchmark. 2012.",N/A (Broad Institute Benchmark),N/A,CC0 1.0 Universal,Permitted,Permitted,RAW 264.7 / Primary BMDM,Mus musculus,Bone Marrow,None / Inflammatory Model,"Macrophage spreading, membrane ruffling & phagocytic vacuolization",fluorescence,20x,0.645 um/px,Fixed / Static,DAPI (Nuclei) / CellTracker Green (Cytoplasm),Lipopolysaccharide (LPS 100 ng/mL) inflammatory activation,True,True,False,False,False
BL-IMG-BBBC020-033,BBBC020v1,Broad Bioimage Benchmark Collection,"Ljosa V, Sokolnicki KL, Carpenter AE. Annotated high-throughput microscopy images of macrophages and leukocytes. Broad Benchmark. 2012.",N/A (Broad Institute Benchmark),N/A,CC0 1.0 Universal,Permitted,Permitted,RAW 264.7 / Primary BMDM,Mus musculus,Bone Marrow,None / Inflammatory Model,"Macrophage spreading, membrane ruffling & phagocytic vacuolization",fluorescence,20x,0.645 um/px,Fixed / Static,DAPI (Nuclei) / CellTracker Green (Cytoplasm),Lipopolysaccharide (LPS 100 ng/mL) inflammatory activation,True,True,False,False,False
BL-IMG-BBBC020-034,BBBC020v1,Broad Bioimage Benchmark Collection,"Ljosa V, Sokolnicki KL, Carpenter AE. Annotated high-throughput microscopy images of macrophages and leukocytes. Broad Benchmark. 2012.",N/A (Broad Institute Benchmark),N/A,CC0 1.0 Universal,Permitted,Permitted,RAW 264.7 / Primary BMDM,Mus musculus,Bone Marrow,None / Inflammatory Model,"Macrophage spreading, membrane ruffling & phagocytic vacuolization",fluorescence,20x,0.645 um/px,Fixed / Static,DAPI (Nuclei) / CellTracker Green (Cytoplasm),Lipopolysaccharide (LPS 100 ng/mL) inflammatory activation,True,True,False,False,False
BL-IMG-BBBC020-035,BBBC020v1,Broad Bioimage Benchmark Collection,"Ljosa V, Sokolnicki KL, Carpenter AE. Annotated high-throughput microscopy images of macrophages and leukocytes. Broad Benchmark. 2012.",N/A (Broad Institute Benchmark),N/A,CC0 1.0 Universal,Permitted,Permitted,RAW 264.7 / Primary BMDM,Mus musculus,Bone Marrow,None / Inflammatory Model,"Macrophage spreading, membrane ruffling & phagocytic vacuolization",fluorescence,20x,0.645 um/px,Fixed / Static,DAPI (Nuclei) / CellTracker Green (Cytoplasm),Lipopolysaccharide (LPS 100 ng/mL) inflammatory activation,True,True,False,False,False
BL-IMG-BBBC020-036,BBBC020v1,Broad Bioimage Benchmark Collection,"Ljosa V, Sokolnicki KL, Carpenter AE. Annotated high-throughput microscopy images of macrophages and leukocytes. Broad Benchmark. 2012.",N/A (Broad Institute Benchmark),N/A,CC0 1.0 Universal,Permitted,Permitted,RAW 264.7 / Primary BMDM,Mus musculus,Bone Marrow,None / Inflammatory Model,"Macrophage spreading, membrane ruffling & phagocytic vacuolization",fluorescence,20x,0.645 um/px,Fixed / Static,DAPI (Nuclei) / CellTracker Green (Cytoplasm),Lipopolysaccharide (LPS 100 ng/mL) inflammatory activation,True,True,False,False,False
BL-IMG-BBBC020-037,BBBC020v1,Broad Bioimage Benchmark Collection,"Ljosa V, Sokolnicki KL, Carpenter AE. Annotated high-throughput microscopy images of macrophages and leukocytes. Broad Benchmark. 2012.",N/A (Broad Institute Benchmark),N/A,CC0 1.0 Universal,Permitted,Permitted,RAW 264.7 / Primary BMDM,Mus musculus,Bone Marrow,None / Inflammatory Model,"Macrophage spreading, membrane ruffling & phagocytic vacuolization",fluorescence,20x,0.645 um/px,Fixed / Static,DAPI (Nuclei) / CellTracker Green (Cytoplasm),Lipopolysaccharide (LPS 100 ng/mL) inflammatory activation,True,True,False,False,False
BL-IMG-BBBC020-038,BBBC020v1,Broad Bioimage Benchmark Collection,"Ljosa V, Sokolnicki KL, Carpenter AE. Annotated high-throughput microscopy images of macrophages and leukocytes. Broad Benchmark. 2012.",N/A (Broad Institute Benchmark),N/A,CC0 1.0 Universal,Permitted,Permitted,RAW 264.7 / Primary BMDM,Mus musculus,Bone Marrow,None / Inflammatory Model,"Macrophage spreading, membrane ruffling & phagocytic vacuolization",fluorescence,20x,0.645 um/px,Fixed / Static,DAPI (Nuclei) / CellTracker Green (Cytoplasm),Lipopolysaccharide (LPS 100 ng/mL) inflammatory activation,True,True,False,False,False
BL-IMG-BBBC020-039,BBBC020v1,Broad Bioimage Benchmark Collection,"Ljosa V, Sokolnicki KL, Carpenter AE. Annotated high-throughput microscopy images of macrophages and leukocytes. Broad Benchmark. 2012.",N/A (Broad Institute Benchmark),N/A,CC0 1.0 Universal,Permitted,Permitted,RAW 264.7 / Primary BMDM,Mus musculus,Bone Marrow,None / Inflammatory Model,"Macrophage spreading, membrane ruffling & phagocytic vacuolization",fluorescence,20x,0.645 um/px,Fixed / Static,DAPI (Nuclei) / CellTracker Green (Cytoplasm),Lipopolysaccharide (LPS 100 ng/mL) inflammatory activation,True,True,False,False,False
BL-IMG-BBBC020-040,BBBC020v1,Broad Bioimage Benchmark Collection,"Ljosa V, Sokolnicki KL, Carpenter AE. Annotated high-throughput microscopy images of macrophages and leukocytes. Broad Benchmark. 2012.",N/A (Broad Institute Benchmark),N/A,CC0 1.0 Universal,Permitted,Permitted,RAW 264.7 / Primary BMDM,Mus musculus,Bone Marrow,None / Inflammatory Model,"Macrophage spreading, membrane ruffling & phagocytic vacuolization",fluorescence,20x,0.645 um/px,Fixed / Static,DAPI (Nuclei) / CellTracker Green (Cytoplasm),Lipopolysaccharide (LPS 100 ng/mL) inflammatory activation,True,True,False,False,False
BL-IMG-BBBC026-001,BBBC026v1,Broad Bioimage Benchmark Collection,"Carpenter AE, Jones TR, Lamprecht MR, et al. CellProfiler: image analysis software for identifying and quantifying cell phenotypes. Genome Biol. 2006;7(10):R100.",10.1186/gb-2006-7-10-r100,17076895,CC0 1.0 Universal,Permitted,Permitted,A549,Homo sapiens,Lung,Non-Small Cell Lung Carcinoma (NSCLC),Epithelial monolayer packing vs mesenchymal transition,fluorescence,20x,0.645 um/px,Fixed / Static,DAPI (Nuclei) / Phalloidin-TRITC (F-actin),Baseline culture vs chemotherapeutic challenge,True,True,False,False,False
BL-IMG-BBBC026-002,BBBC026v1,Broad Bioimage Benchmark Collection,"Carpenter AE, Jones TR, Lamprecht MR, et al. CellProfiler: image analysis software for identifying and quantifying cell phenotypes. Genome Biol. 2006;7(10):R100.",10.1186/gb-2006-7-10-r100,17076895,CC0 1.0 Universal,Permitted,Permitted,A549,Homo sapiens,Lung,Non-Small Cell Lung Carcinoma (NSCLC),Epithelial monolayer packing vs mesenchymal transition,fluorescence,20x,0.645 um/px,Fixed / Static,DAPI (Nuclei) / Phalloidin-TRITC (F-actin),Baseline culture vs chemotherapeutic challenge,True,True,False,False,False
BL-IMG-BBBC026-003,BBBC026v1,Broad Bioimage Benchmark Collection,"Carpenter AE, Jones TR, Lamprecht MR, et al. CellProfiler: image analysis software for identifying and quantifying cell phenotypes. Genome Biol. 2006;7(10):R100.",10.1186/gb-2006-7-10-r100,17076895,CC0 1.0 Universal,Permitted,Permitted,A549,Homo sapiens,Lung,Non-Small Cell Lung Carcinoma (NSCLC),Epithelial monolayer packing vs mesenchymal transition,fluorescence,20x,0.645 um/px,Fixed / Static,DAPI (Nuclei) / Phalloidin-TRITC (F-actin),Baseline culture vs chemotherapeutic challenge,True,True,False,False,False
BL-IMG-BBBC026-004,BBBC026v1,Broad Bioimage Benchmark Collection,"Carpenter AE, Jones TR, Lamprecht MR, et al. CellProfiler: image analysis software for identifying and quantifying cell phenotypes. Genome Biol. 2006;7(10):R100.",10.1186/gb-2006-7-10-r100,17076895,CC0 1.0 Universal,Permitted,Permitted,A549,Homo sapiens,Lung,Non-Small Cell Lung Carcinoma (NSCLC),Epithelial monolayer packing vs mesenchymal transition,fluorescence,20x,0.645 um/px,Fixed / Static,DAPI (Nuclei) / Phalloidin-TRITC (F-actin),Baseline culture vs chemotherapeutic challenge,True,True,False,False,False
BL-IMG-BBBC026-005,BBBC026v1,Broad Bioimage Benchmark Collection,"Carpenter AE, Jones TR, Lamprecht MR, et al. CellProfiler: image analysis software for identifying and quantifying cell phenotypes. Genome Biol. 2006;7(10):R100.",10.1186/gb-2006-7-10-r100,17076895,CC0 1.0 Universal,Permitted,Permitted,A549,Homo sapiens,Lung,Non-Small Cell Lung Carcinoma (NSCLC),Epithelial monolayer packing vs mesenchymal transition,fluorescence,20x,0.645 um/px,Fixed / Static,DAPI (Nuclei) / Phalloidin-TRITC (F-actin),Baseline culture vs chemotherapeutic challenge,True,True,False,False,False
BL-IMG-BBBC026-006,BBBC026v1,Broad Bioimage Benchmark Collection,"Carpenter AE, Jones TR, Lamprecht MR, et al. CellProfiler: image analysis software for identifying and quantifying cell phenotypes. Genome Biol. 2006;7(10):R100.",10.1186/gb-2006-7-10-r100,17076895,CC0 1.0 Universal,Permitted,Permitted,A549,Homo sapiens,Lung,Non-Small Cell Lung Carcinoma (NSCLC),Epithelial monolayer packing vs mesenchymal transition,fluorescence,20x,0.645 um/px,Fixed / Static,DAPI (Nuclei) / Phalloidin-TRITC (F-actin),Baseline culture vs chemotherapeutic challenge,True,True,False,False,False
BL-IMG-BBBC026-007,BBBC026v1,Broad Bioimage Benchmark Collection,"Carpenter AE, Jones TR, Lamprecht MR, et al. CellProfiler: image analysis software for identifying and quantifying cell phenotypes. Genome Biol. 2006;7(10):R100.",10.1186/gb-2006-7-10-r100,17076895,CC0 1.0 Universal,Permitted,Permitted,A549,Homo sapiens,Lung,Non-Small Cell Lung Carcinoma (NSCLC),Epithelial monolayer packing vs mesenchymal transition,fluorescence,20x,0.645 um/px,Fixed / Static,DAPI (Nuclei) / Phalloidin-TRITC (F-actin),Baseline culture vs chemotherapeutic challenge,True,True,False,False,False
BL-IMG-BBBC026-008,BBBC026v1,Broad Bioimage Benchmark Collection,"Carpenter AE, Jones TR, Lamprecht MR, et al. CellProfiler: image analysis software for identifying and quantifying cell phenotypes. Genome Biol. 2006;7(10):R100.",10.1186/gb-2006-7-10-r100,17076895,CC0 1.0 Universal,Permitted,Permitted,A549,Homo sapiens,Lung,Non-Small Cell Lung Carcinoma (NSCLC),Epithelial monolayer packing vs mesenchymal transition,fluorescence,20x,0.645 um/px,Fixed / Static,DAPI (Nuclei) / Phalloidin-TRITC (F-actin),Baseline culture vs chemotherapeutic challenge,True,True,False,False,False
BL-IMG-BBBC026-009,BBBC026v1,Broad Bioimage Benchmark Collection,"Carpenter AE, Jones TR, Lamprecht MR, et al. CellProfiler: image analysis software for identifying and quantifying cell phenotypes. Genome Biol. 2006;7(10):R100.",10.1186/gb-2006-7-10-r100,17076895,CC0 1.0 Universal,Permitted,Permitted,A549,Homo sapiens,Lung,Non-Small Cell Lung Carcinoma (NSCLC),Epithelial monolayer packing vs mesenchymal transition,fluorescence,20x,0.645 um/px,Fixed / Static,DAPI (Nuclei) / Phalloidin-TRITC (F-actin),Baseline culture vs chemotherapeutic challenge,True,True,False,False,False
BL-IMG-BBBC026-010,BBBC026v1,Broad Bioimage Benchmark Collection,"Carpenter AE, Jones TR, Lamprecht MR, et al. CellProfiler: image analysis software for identifying and quantifying cell phenotypes. Genome Biol. 2006;7(10):R100.",10.1186/gb-2006-7-10-r100,17076895,CC0 1.0 Universal,Permitted,Permitted,A549,Homo sapiens,Lung,Non-Small Cell Lung Carcinoma (NSCLC),Epithelial monolayer packing vs mesenchymal transition,fluorescence,20x,0.645 um/px,Fixed / Static,DAPI (Nuclei) / Phalloidin-TRITC (F-actin),Baseline culture vs chemotherapeutic challenge,True,True,False,False,False
BL-IMG-BBBC026-011,BBBC026v1,Broad Bioimage Benchmark Collection,"Carpenter AE, Jones TR, Lamprecht MR, et al. CellProfiler: image analysis software for identifying and quantifying cell phenotypes. Genome Biol. 2006;7(10):R100.",10.1186/gb-2006-7-10-r100,17076895,CC0 1.0 Universal,Permitted,Permitted,A549,Homo sapiens,Lung,Non-Small Cell Lung Carcinoma (NSCLC),Epithelial monolayer packing vs mesenchymal transition,fluorescence,20x,0.645 um/px,Fixed / Static,DAPI (Nuclei) / Phalloidin-TRITC (F-actin),Baseline culture vs chemotherapeutic challenge,True,True,False,False,False
BL-IMG-BBBC026-012,BBBC026v1,Broad Bioimage Benchmark Collection,"Carpenter AE, Jones TR, Lamprecht MR, et al. CellProfiler: image analysis software for identifying and quantifying cell phenotypes. Genome Biol. 2006;7(10):R100.",10.1186/gb-2006-7-10-r100,17076895,CC0 1.0 Universal,Permitted,Permitted,A549,Homo sapiens,Lung,Non-Small Cell Lung Carcinoma (NSCLC),Epithelial monolayer packing vs mesenchymal transition,fluorescence,20x,0.645 um/px,Fixed / Static,DAPI (Nuclei) / Phalloidin-TRITC (F-actin),Baseline culture vs chemotherapeutic challenge,True,True,False,False,False
BL-IMG-BBBC026-013,BBBC026v1,Broad Bioimage Benchmark Collection,"Carpenter AE, Jones TR, Lamprecht MR, et al. CellProfiler: image analysis software for identifying and quantifying cell phenotypes. Genome Biol. 2006;7(10):R100.",10.1186/gb-2006-7-10-r100,17076895,CC0 1.0 Universal,Permitted,Permitted,A549,Homo sapiens,Lung,Non-Small Cell Lung Carcinoma (NSCLC),Epithelial monolayer packing vs mesenchymal transition,fluorescence,20x,0.645 um/px,Fixed / Static,DAPI (Nuclei) / Phalloidin-TRITC (F-actin),Baseline culture vs chemotherapeutic challenge,True,True,False,False,False
BL-IMG-BBBC026-014,BBBC026v1,Broad Bioimage Benchmark Collection,"Carpenter AE, Jones TR, Lamprecht MR, et al. CellProfiler: image analysis software for identifying and quantifying cell phenotypes. Genome Biol. 2006;7(10):R100.",10.1186/gb-2006-7-10-r100,17076895,CC0 1.0 Universal,Permitted,Permitted,A549,Homo sapiens,Lung,Non-Small Cell Lung Carcinoma (NSCLC),Epithelial monolayer packing vs mesenchymal transition,fluorescence,20x,0.645 um/px,Fixed / Static,DAPI (Nuclei) / Phalloidin-TRITC (F-actin),Baseline culture vs chemotherapeutic challenge,True,True,False,False,False
BL-IMG-BBBC026-015,BBBC026v1,Broad Bioimage Benchmark Collection,"Carpenter AE, Jones TR, Lamprecht MR, et al. CellProfiler: image analysis software for identifying and quantifying cell phenotypes. Genome Biol. 2006;7(10):R100.",10.1186/gb-2006-7-10-r100,17076895,CC0 1.0 Universal,Permitted,Permitted,A549,Homo sapiens,Lung,Non-Small Cell Lung Carcinoma (NSCLC),Epithelial monolayer packing vs mesenchymal transition,fluorescence,20x,0.645 um/px,Fixed / Static,DAPI (Nuclei) / Phalloidin-TRITC (F-actin),Baseline culture vs chemotherapeutic challenge,True,True,False,False,False
BL-IMG-BBBC026-016,BBBC026v1,Broad Bioimage Benchmark Collection,"Carpenter AE, Jones TR, Lamprecht MR, et al. CellProfiler: image analysis software for identifying and quantifying cell phenotypes. Genome Biol. 2006;7(10):R100.",10.1186/gb-2006-7-10-r100,17076895,CC0 1.0 Universal,Permitted,Permitted,A549,Homo sapiens,Lung,Non-Small Cell Lung Carcinoma (NSCLC),Epithelial monolayer packing vs mesenchymal transition,fluorescence,20x,0.645 um/px,Fixed / Static,DAPI (Nuclei) / Phalloidin-TRITC (F-actin),Baseline culture vs chemotherapeutic challenge,True,True,False,False,False
BL-IMG-BBBC026-017,BBBC026v1,Broad Bioimage Benchmark Collection,"Carpenter AE, Jones TR, Lamprecht MR, et al. CellProfiler: image analysis software for identifying and quantifying cell phenotypes. Genome Biol. 2006;7(10):R100.",10.1186/gb-2006-7-10-r100,17076895,CC0 1.0 Universal,Permitted,Permitted,A549,Homo sapiens,Lung,Non-Small Cell Lung Carcinoma (NSCLC),Epithelial monolayer packing vs mesenchymal transition,fluorescence,20x,0.645 um/px,Fixed / Static,DAPI (Nuclei) / Phalloidin-TRITC (F-actin),Baseline culture vs chemotherapeutic challenge,True,True,False,False,False
BL-IMG-BBBC026-018,BBBC026v1,Broad Bioimage Benchmark Collection,"Carpenter AE, Jones TR, Lamprecht MR, et al. CellProfiler: image analysis software for identifying and quantifying cell phenotypes. Genome Biol. 2006;7(10):R100.",10.1186/gb-2006-7-10-r100,17076895,CC0 1.0 Universal,Permitted,Permitted,A549,Homo sapiens,Lung,Non-Small Cell Lung Carcinoma (NSCLC),Epithelial monolayer packing vs mesenchymal transition,fluorescence,20x,0.645 um/px,Fixed / Static,DAPI (Nuclei) / Phalloidin-TRITC (F-actin),Baseline culture vs chemotherapeutic challenge,True,True,False,False,False
BL-IMG-BBBC026-019,BBBC026v1,Broad Bioimage Benchmark Collection,"Carpenter AE, Jones TR, Lamprecht MR, et al. CellProfiler: image analysis software for identifying and quantifying cell phenotypes. Genome Biol. 2006;7(10):R100.",10.1186/gb-2006-7-10-r100,17076895,CC0 1.0 Universal,Permitted,Permitted,A549,Homo sapiens,Lung,Non-Small Cell Lung Carcinoma (NSCLC),Epithelial monolayer packing vs mesenchymal transition,fluorescence,20x,0.645 um/px,Fixed / Static,DAPI (Nuclei) / Phalloidin-TRITC (F-actin),Baseline culture vs chemotherapeutic challenge,True,True,False,False,False
BL-IMG-BBBC026-020,BBBC026v1,Broad Bioimage Benchmark Collection,"Carpenter AE, Jones TR, Lamprecht MR, et al. CellProfiler: image analysis software for identifying and quantifying cell phenotypes. Genome Biol. 2006;7(10):R100.",10.1186/gb-2006-7-10-r100,17076895,CC0 1.0 Universal,Permitted,Permitted,A549,Homo sapiens,Lung,Non-Small Cell Lung Carcinoma (NSCLC),Epithelial monolayer packing vs mesenchymal transition,fluorescence,20x,0.645 um/px,Fixed / Static,DAPI (Nuclei) / Phalloidin-TRITC (F-actin),Baseline culture vs chemotherapeutic challenge,True,True,False,False,False
BL-IMG-BBBC026-021,BBBC026v1,Broad Bioimage Benchmark Collection,"Carpenter AE, Jones TR, Lamprecht MR, et al. CellProfiler: image analysis software for identifying and quantifying cell phenotypes. Genome Biol. 2006;7(10):R100.",10.1186/gb-2006-7-10-r100,17076895,CC0 1.0 Universal,Permitted,Permitted,A549,Homo sapiens,Lung,Non-Small Cell Lung Carcinoma (NSCLC),Epithelial monolayer packing vs mesenchymal transition,fluorescence,20x,0.645 um/px,Fixed / Static,DAPI (Nuclei) / Phalloidin-TRITC (F-actin),Baseline culture vs chemotherapeutic challenge,True,True,False,False,False
BL-IMG-BBBC026-022,BBBC026v1,Broad Bioimage Benchmark Collection,"Carpenter AE, Jones TR, Lamprecht MR, et al. CellProfiler: image analysis software for identifying and quantifying cell phenotypes. Genome Biol. 2006;7(10):R100.",10.1186/gb-2006-7-10-r100,17076895,CC0 1.0 Universal,Permitted,Permitted,A549,Homo sapiens,Lung,Non-Small Cell Lung Carcinoma (NSCLC),Epithelial monolayer packing vs mesenchymal transition,fluorescence,20x,0.645 um/px,Fixed / Static,DAPI (Nuclei) / Phalloidin-TRITC (F-actin),Baseline culture vs chemotherapeutic challenge,True,True,False,False,False
BL-IMG-BBBC026-023,BBBC026v1,Broad Bioimage Benchmark Collection,"Carpenter AE, Jones TR, Lamprecht MR, et al. CellProfiler: image analysis software for identifying and quantifying cell phenotypes. Genome Biol. 2006;7(10):R100.",10.1186/gb-2006-7-10-r100,17076895,CC0 1.0 Universal,Permitted,Permitted,A549,Homo sapiens,Lung,Non-Small Cell Lung Carcinoma (NSCLC),Epithelial monolayer packing vs mesenchymal transition,fluorescence,20x,0.645 um/px,Fixed / Static,DAPI (Nuclei) / Phalloidin-TRITC (F-actin),Baseline culture vs chemotherapeutic challenge,True,True,False,False,False
BL-IMG-BBBC026-024,BBBC026v1,Broad Bioimage Benchmark Collection,"Carpenter AE, Jones TR, Lamprecht MR, et al. CellProfiler: image analysis software for identifying and quantifying cell phenotypes. Genome Biol. 2006;7(10):R100.",10.1186/gb-2006-7-10-r100,17076895,CC0 1.0 Universal,Permitted,Permitted,A549,Homo sapiens,Lung,Non-Small Cell Lung Carcinoma (NSCLC),Epithelial monolayer packing vs mesenchymal transition,fluorescence,20x,0.645 um/px,Fixed / Static,DAPI (Nuclei) / Phalloidin-TRITC (F-actin),Baseline culture vs chemotherapeutic challenge,True,True,False,False,False
BL-IMG-BBBC026-025,BBBC026v1,Broad Bioimage Benchmark Collection,"Carpenter AE, Jones TR, Lamprecht MR, et al. CellProfiler: image analysis software for identifying and quantifying cell phenotypes. Genome Biol. 2006;7(10):R100.",10.1186/gb-2006-7-10-r100,17076895,CC0 1.0 Universal,Permitted,Permitted,A549,Homo sapiens,Lung,Non-Small Cell Lung Carcinoma (NSCLC),Epithelial monolayer packing vs mesenchymal transition,fluorescence,20x,0.645 um/px,Fixed / Static,DAPI (Nuclei) / Phalloidin-TRITC (F-actin),Baseline culture vs chemotherapeutic challenge,True,True,False,False,False
BL-IMG-BBBC026-026,BBBC026v1,Broad Bioimage Benchmark Collection,"Carpenter AE, Jones TR, Lamprecht MR, et al. CellProfiler: image analysis software for identifying and quantifying cell phenotypes. Genome Biol. 2006;7(10):R100.",10.1186/gb-2006-7-10-r100,17076895,CC0 1.0 Universal,Permitted,Permitted,A549,Homo sapiens,Lung,Non-Small Cell Lung Carcinoma (NSCLC),Epithelial monolayer packing vs mesenchymal transition,fluorescence,20x,0.645 um/px,Fixed / Static,DAPI (Nuclei) / Phalloidin-TRITC (F-actin),Baseline culture vs chemotherapeutic challenge,True,True,False,False,False
BL-IMG-BBBC026-027,BBBC026v1,Broad Bioimage Benchmark Collection,"Carpenter AE, Jones TR, Lamprecht MR, et al. CellProfiler: image analysis software for identifying and quantifying cell phenotypes. Genome Biol. 2006;7(10):R100.",10.1186/gb-2006-7-10-r100,17076895,CC0 1.0 Universal,Permitted,Permitted,A549,Homo sapiens,Lung,Non-Small Cell Lung Carcinoma (NSCLC),Epithelial monolayer packing vs mesenchymal transition,fluorescence,20x,0.645 um/px,Fixed / Static,DAPI (Nuclei) / Phalloidin-TRITC (F-actin),Baseline culture vs chemotherapeutic challenge,True,True,False,False,False
BL-IMG-BBBC026-028,BBBC026v1,Broad Bioimage Benchmark Collection,"Carpenter AE, Jones TR, Lamprecht MR, et al. CellProfiler: image analysis software for identifying and quantifying cell phenotypes. Genome Biol. 2006;7(10):R100.",10.1186/gb-2006-7-10-r100,17076895,CC0 1.0 Universal,Permitted,Permitted,A549,Homo sapiens,Lung,Non-Small Cell Lung Carcinoma (NSCLC),Epithelial monolayer packing vs mesenchymal transition,fluorescence,20x,0.645 um/px,Fixed / Static,DAPI (Nuclei) / Phalloidin-TRITC (F-actin),Baseline culture vs chemotherapeutic challenge,True,True,False,False,False
BL-IMG-BBBC026-029,BBBC026v1,Broad Bioimage Benchmark Collection,"Carpenter AE, Jones TR, Lamprecht MR, et al. CellProfiler: image analysis software for identifying and quantifying cell phenotypes. Genome Biol. 2006;7(10):R100.",10.1186/gb-2006-7-10-r100,17076895,CC0 1.0 Universal,Permitted,Permitted,A549,Homo sapiens,Lung,Non-Small Cell Lung Carcinoma (NSCLC),Epithelial monolayer packing vs mesenchymal transition,fluorescence,20x,0.645 um/px,Fixed / Static,DAPI (Nuclei) / Phalloidin-TRITC (F-actin),Baseline culture vs chemotherapeutic challenge,True,True,False,False,False
BL-IMG-BBBC026-030,BBBC026v1,Broad Bioimage Benchmark Collection,"Carpenter AE, Jones TR, Lamprecht MR, et al. CellProfiler: image analysis software for identifying and quantifying cell phenotypes. Genome Biol. 2006;7(10):R100.",10.1186/gb-2006-7-10-r100,17076895,CC0 1.0 Universal,Permitted,Permitted,A549,Homo sapiens,Lung,Non-Small Cell Lung Carcinoma (NSCLC),Epithelial monolayer packing vs mesenchymal transition,fluorescence,20x,0.645 um/px,Fixed / Static,DAPI (Nuclei) / Phalloidin-TRITC (F-actin),Baseline culture vs chemotherapeutic challenge,True,True,False,False,False
BL-IMG-BBBC006-001,BBBC006v1,Broad Bioimage Benchmark Collection,"Logan DJ, Shan J, Zheng W, et al. Quantifying stem cell colony morphology and pluripotency markers in high throughput. BioTechniques. 2016;60(1):15-24.",10.2144/000114369,26750534,CC0 1.0 Universal,Permitted,Permitted,mESC / Human iPSC,Mus musculus / Homo sapiens,Inner Cell Mass / Pluripotent,None / Stem Cell Model,Colony compaction & pluripotency colony boundary morphology,fluorescence,10x,1.290 um/px,Fixed / Static,Hoechst 33342 (Nuclei) / Oct4 Immunofluorescence,LIF/bFGF pluripotency maintenance vs serum differentiation,True,True,False,False,False
BL-IMG-BBBC006-002,BBBC006v1,Broad Bioimage Benchmark Collection,"Logan DJ, Shan J, Zheng W, et al. Quantifying stem cell colony morphology and pluripotency markers in high throughput. BioTechniques. 2016;60(1):15-24.",10.2144/000114369,26750534,CC0 1.0 Universal,Permitted,Permitted,mESC / Human iPSC,Mus musculus / Homo sapiens,Inner Cell Mass / Pluripotent,None / Stem Cell Model,Colony compaction & pluripotency colony boundary morphology,fluorescence,10x,1.290 um/px,Fixed / Static,Hoechst 33342 (Nuclei) / Oct4 Immunofluorescence,LIF/bFGF pluripotency maintenance vs serum differentiation,True,True,False,False,False
BL-IMG-BBBC006-003,BBBC006v1,Broad Bioimage Benchmark Collection,"Logan DJ, Shan J, Zheng W, et al. Quantifying stem cell colony morphology and pluripotency markers in high throughput. BioTechniques. 2016;60(1):15-24.",10.2144/000114369,26750534,CC0 1.0 Universal,Permitted,Permitted,mESC / Human iPSC,Mus musculus / Homo sapiens,Inner Cell Mass / Pluripotent,None / Stem Cell Model,Colony compaction & pluripotency colony boundary morphology,fluorescence,10x,1.290 um/px,Fixed / Static,Hoechst 33342 (Nuclei) / Oct4 Immunofluorescence,LIF/bFGF pluripotency maintenance vs serum differentiation,True,True,False,False,False
BL-IMG-BBBC006-004,BBBC006v1,Broad Bioimage Benchmark Collection,"Logan DJ, Shan J, Zheng W, et al. Quantifying stem cell colony morphology and pluripotency markers in high throughput. BioTechniques. 2016;60(1):15-24.",10.2144/000114369,26750534,CC0 1.0 Universal,Permitted,Permitted,mESC / Human iPSC,Mus musculus / Homo sapiens,Inner Cell Mass / Pluripotent,None / Stem Cell Model,Colony compaction & pluripotency colony boundary morphology,fluorescence,10x,1.290 um/px,Fixed / Static,Hoechst 33342 (Nuclei) / Oct4 Immunofluorescence,LIF/bFGF pluripotency maintenance vs serum differentiation,True,True,False,False,False
BL-IMG-BBBC006-005,BBBC006v1,Broad Bioimage Benchmark Collection,"Logan DJ, Shan J, Zheng W, et al. Quantifying stem cell colony morphology and pluripotency markers in high throughput. BioTechniques. 2016;60(1):15-24.",10.2144/000114369,26750534,CC0 1.0 Universal,Permitted,Permitted,mESC / Human iPSC,Mus musculus / Homo sapiens,Inner Cell Mass / Pluripotent,None / Stem Cell Model,Colony compaction & pluripotency colony boundary morphology,fluorescence,10x,1.290 um/px,Fixed / Static,Hoechst 33342 (Nuclei) / Oct4 Immunofluorescence,LIF/bFGF pluripotency maintenance vs serum differentiation,True,True,False,False,False
BL-IMG-BBBC006-006,BBBC006v1,Broad Bioimage Benchmark Collection,"Logan DJ, Shan J, Zheng W, et al. Quantifying stem cell colony morphology and pluripotency markers in high throughput. BioTechniques. 2016;60(1):15-24.",10.2144/000114369,26750534,CC0 1.0 Universal,Permitted,Permitted,mESC / Human iPSC,Mus musculus / Homo sapiens,Inner Cell Mass / Pluripotent,None / Stem Cell Model,Colony compaction & pluripotency colony boundary morphology,fluorescence,10x,1.290 um/px,Fixed / Static,Hoechst 33342 (Nuclei) / Oct4 Immunofluorescence,LIF/bFGF pluripotency maintenance vs serum differentiation,True,True,False,False,False
BL-IMG-BBBC006-007,BBBC006v1,Broad Bioimage Benchmark Collection,"Logan DJ, Shan J, Zheng W, et al. Quantifying stem cell colony morphology and pluripotency markers in high throughput. BioTechniques. 2016;60(1):15-24.",10.2144/000114369,26750534,CC0 1.0 Universal,Permitted,Permitted,mESC / Human iPSC,Mus musculus / Homo sapiens,Inner Cell Mass / Pluripotent,None / Stem Cell Model,Colony compaction & pluripotency colony boundary morphology,fluorescence,10x,1.290 um/px,Fixed / Static,Hoechst 33342 (Nuclei) / Oct4 Immunofluorescence,LIF/bFGF pluripotency maintenance vs serum differentiation,True,True,False,False,False
BL-IMG-BBBC006-008,BBBC006v1,Broad Bioimage Benchmark Collection,"Logan DJ, Shan J, Zheng W, et al. Quantifying stem cell colony morphology and pluripotency markers in high throughput. BioTechniques. 2016;60(1):15-24.",10.2144/000114369,26750534,CC0 1.0 Universal,Permitted,Permitted,mESC / Human iPSC,Mus musculus / Homo sapiens,Inner Cell Mass / Pluripotent,None / Stem Cell Model,Colony compaction & pluripotency colony boundary morphology,fluorescence,10x,1.290 um/px,Fixed / Static,Hoechst 33342 (Nuclei) / Oct4 Immunofluorescence,LIF/bFGF pluripotency maintenance vs serum differentiation,True,True,False,False,False
BL-IMG-BBBC006-009,BBBC006v1,Broad Bioimage Benchmark Collection,"Logan DJ, Shan J, Zheng W, et al. Quantifying stem cell colony morphology and pluripotency markers in high throughput. BioTechniques. 2016;60(1):15-24.",10.2144/000114369,26750534,CC0 1.0 Universal,Permitted,Permitted,mESC / Human iPSC,Mus musculus / Homo sapiens,Inner Cell Mass / Pluripotent,None / Stem Cell Model,Colony compaction & pluripotency colony boundary morphology,fluorescence,10x,1.290 um/px,Fixed / Static,Hoechst 33342 (Nuclei) / Oct4 Immunofluorescence,LIF/bFGF pluripotency maintenance vs serum differentiation,True,True,False,False,False
BL-IMG-BBBC006-010,BBBC006v1,Broad Bioimage Benchmark Collection,"Logan DJ, Shan J, Zheng W, et al. Quantifying stem cell colony morphology and pluripotency markers in high throughput. BioTechniques. 2016;60(1):15-24.",10.2144/000114369,26750534,CC0 1.0 Universal,Permitted,Permitted,mESC / Human iPSC,Mus musculus / Homo sapiens,Inner Cell Mass / Pluripotent,None / Stem Cell Model,Colony compaction & pluripotency colony boundary morphology,fluorescence,10x,1.290 um/px,Fixed / Static,Hoechst 33342 (Nuclei) / Oct4 Immunofluorescence,LIF/bFGF pluripotency maintenance vs serum differentiation,True,True,False,False,False
BL-IMG-BBBC006-011,BBBC006v1,Broad Bioimage Benchmark Collection,"Logan DJ, Shan J, Zheng W, et al. Quantifying stem cell colony morphology and pluripotency markers in high throughput. BioTechniques. 2016;60(1):15-24.",10.2144/000114369,26750534,CC0 1.0 Universal,Permitted,Permitted,mESC / Human iPSC,Mus musculus / Homo sapiens,Inner Cell Mass / Pluripotent,None / Stem Cell Model,Colony compaction & pluripotency colony boundary morphology,fluorescence,10x,1.290 um/px,Fixed / Static,Hoechst 33342 (Nuclei) / Oct4 Immunofluorescence,LIF/bFGF pluripotency maintenance vs serum differentiation,True,True,False,False,False
BL-IMG-BBBC006-012,BBBC006v1,Broad Bioimage Benchmark Collection,"Logan DJ, Shan J, Zheng W, et al. Quantifying stem cell colony morphology and pluripotency markers in high throughput. BioTechniques. 2016;60(1):15-24.",10.2144/000114369,26750534,CC0 1.0 Universal,Permitted,Permitted,mESC / Human iPSC,Mus musculus / Homo sapiens,Inner Cell Mass / Pluripotent,None / Stem Cell Model,Colony compaction & pluripotency colony boundary morphology,fluorescence,10x,1.290 um/px,Fixed / Static,Hoechst 33342 (Nuclei) / Oct4 Immunofluorescence,LIF/bFGF pluripotency maintenance vs serum differentiation,True,True,False,False,False
BL-IMG-BBBC006-013,BBBC006v1,Broad Bioimage Benchmark Collection,"Logan DJ, Shan J, Zheng W, et al. Quantifying stem cell colony morphology and pluripotency markers in high throughput. BioTechniques. 2016;60(1):15-24.",10.2144/000114369,26750534,CC0 1.0 Universal,Permitted,Permitted,mESC / Human iPSC,Mus musculus / Homo sapiens,Inner Cell Mass / Pluripotent,None / Stem Cell Model,Colony compaction & pluripotency colony boundary morphology,fluorescence,10x,1.290 um/px,Fixed / Static,Hoechst 33342 (Nuclei) / Oct4 Immunofluorescence,LIF/bFGF pluripotency maintenance vs serum differentiation,True,True,False,False,False
BL-IMG-BBBC006-014,BBBC006v1,Broad Bioimage Benchmark Collection,"Logan DJ, Shan J, Zheng W, et al. Quantifying stem cell colony morphology and pluripotency markers in high throughput. BioTechniques. 2016;60(1):15-24.",10.2144/000114369,26750534,CC0 1.0 Universal,Permitted,Permitted,mESC / Human iPSC,Mus musculus / Homo sapiens,Inner Cell Mass / Pluripotent,None / Stem Cell Model,Colony compaction & pluripotency colony boundary morphology,fluorescence,10x,1.290 um/px,Fixed / Static,Hoechst 33342 (Nuclei) / Oct4 Immunofluorescence,LIF/bFGF pluripotency maintenance vs serum differentiation,True,True,False,False,False
BL-IMG-BBBC006-015,BBBC006v1,Broad Bioimage Benchmark Collection,"Logan DJ, Shan J, Zheng W, et al. Quantifying stem cell colony morphology and pluripotency markers in high throughput. BioTechniques. 2016;60(1):15-24.",10.2144/000114369,26750534,CC0 1.0 Universal,Permitted,Permitted,mESC / Human iPSC,Mus musculus / Homo sapiens,Inner Cell Mass / Pluripotent,None / Stem Cell Model,Colony compaction & pluripotency colony boundary morphology,fluorescence,10x,1.290 um/px,Fixed / Static,Hoechst 33342 (Nuclei) / Oct4 Immunofluorescence,LIF/bFGF pluripotency maintenance vs serum differentiation,True,True,False,False,False
BL-IMG-BBBC006-016,BBBC006v1,Broad Bioimage Benchmark Collection,"Logan DJ, Shan J, Zheng W, et al. Quantifying stem cell colony morphology and pluripotency markers in high throughput. BioTechniques. 2016;60(1):15-24.",10.2144/000114369,26750534,CC0 1.0 Universal,Permitted,Permitted,mESC / Human iPSC,Mus musculus / Homo sapiens,Inner Cell Mass / Pluripotent,None / Stem Cell Model,Colony compaction & pluripotency colony boundary morphology,fluorescence,10x,1.290 um/px,Fixed / Static,Hoechst 33342 (Nuclei) / Oct4 Immunofluorescence,LIF/bFGF pluripotency maintenance vs serum differentiation,True,True,False,False,False
BL-IMG-BBBC006-017,BBBC006v1,Broad Bioimage Benchmark Collection,"Logan DJ, Shan J, Zheng W, et al. Quantifying stem cell colony morphology and pluripotency markers in high throughput. BioTechniques. 2016;60(1):15-24.",10.2144/000114369,26750534,CC0 1.0 Universal,Permitted,Permitted,mESC / Human iPSC,Mus musculus / Homo sapiens,Inner Cell Mass / Pluripotent,None / Stem Cell Model,Colony compaction & pluripotency colony boundary morphology,fluorescence,10x,1.290 um/px,Fixed / Static,Hoechst 33342 (Nuclei) / Oct4 Immunofluorescence,LIF/bFGF pluripotency maintenance vs serum differentiation,True,True,False,False,False
BL-IMG-BBBC006-018,BBBC006v1,Broad Bioimage Benchmark Collection,"Logan DJ, Shan J, Zheng W, et al. Quantifying stem cell colony morphology and pluripotency markers in high throughput. BioTechniques. 2016;60(1):15-24.",10.2144/000114369,26750534,CC0 1.0 Universal,Permitted,Permitted,mESC / Human iPSC,Mus musculus / Homo sapiens,Inner Cell Mass / Pluripotent,None / Stem Cell Model,Colony compaction & pluripotency colony boundary morphology,fluorescence,10x,1.290 um/px,Fixed / Static,Hoechst 33342 (Nuclei) / Oct4 Immunofluorescence,LIF/bFGF pluripotency maintenance vs serum differentiation,True,True,False,False,False
BL-IMG-BBBC006-019,BBBC006v1,Broad Bioimage Benchmark Collection,"Logan DJ, Shan J, Zheng W, et al. Quantifying stem cell colony morphology and pluripotency markers in high throughput. BioTechniques. 2016;60(1):15-24.",10.2144/000114369,26750534,CC0 1.0 Universal,Permitted,Permitted,mESC / Human iPSC,Mus musculus / Homo sapiens,Inner Cell Mass / Pluripotent,None / Stem Cell Model,Colony compaction & pluripotency colony boundary morphology,fluorescence,10x,1.290 um/px,Fixed / Static,Hoechst 33342 (Nuclei) / Oct4 Immunofluorescence,LIF/bFGF pluripotency maintenance vs serum differentiation,True,True,False,False,False
BL-IMG-BBBC006-020,BBBC006v1,Broad Bioimage Benchmark Collection,"Logan DJ, Shan J, Zheng W, et al. Quantifying stem cell colony morphology and pluripotency markers in high throughput. BioTechniques. 2016;60(1):15-24.",10.2144/000114369,26750534,CC0 1.0 Universal,Permitted,Permitted,mESC / Human iPSC,Mus musculus / Homo sapiens,Inner Cell Mass / Pluripotent,None / Stem Cell Model,Colony compaction & pluripotency colony boundary morphology,fluorescence,10x,1.290 um/px,Fixed / Static,Hoechst 33342 (Nuclei) / Oct4 Immunofluorescence,LIF/bFGF pluripotency maintenance vs serum differentiation,True,True,False,False,False
BL-IMG-Fluo-N2DL-HeLa-001,CTC-Fluo-N2DL-HeLa,Cell Tracking Challenge,"Maška M, Ulman V, Svoboda D, et al. A benchmark for comparison of cell tracking algorithms. Bioinformatics. 2014;30(11):1609-1617.",10.1093/bioinformatics/btu080,24526711,CTC Scientific Research License,Restricted / Prior Consent Required,Permitted with Attribution,HeLa,Homo sapiens,Cervix,Cervical Adenocarcinoma,Mitotic chromosome condensation & division lineage kinetics,fluorescence,20x,0.645 um/px,30 min/frame (92 frames),H2B-GFP (Endogenous Histone H2B live reporter),Live exponential vegetative growth,True,True,True,False,False
BL-IMG-Fluo-N2DL-HeLa-002,CTC-Fluo-N2DL-HeLa,Cell Tracking Challenge,"Maška M, Ulman V, Svoboda D, et al. A benchmark for comparison of cell tracking algorithms. Bioinformatics. 2014;30(11):1609-1617.",10.1093/bioinformatics/btu080,24526711,CTC Scientific Research License,Restricted / Prior Consent Required,Permitted with Attribution,HeLa,Homo sapiens,Cervix,Cervical Adenocarcinoma,Mitotic chromosome condensation & division lineage kinetics,fluorescence,20x,0.645 um/px,30 min/frame (92 frames),H2B-GFP (Endogenous Histone H2B live reporter),Live exponential vegetative growth,True,True,True,False,False
BL-IMG-Fluo-N2DL-HeLa-003,CTC-Fluo-N2DL-HeLa,Cell Tracking Challenge,"Maška M, Ulman V, Svoboda D, et al. A benchmark for comparison of cell tracking algorithms. Bioinformatics. 2014;30(11):1609-1617.",10.1093/bioinformatics/btu080,24526711,CTC Scientific Research License,Restricted / Prior Consent Required,Permitted with Attribution,HeLa,Homo sapiens,Cervix,Cervical Adenocarcinoma,Mitotic chromosome condensation & division lineage kinetics,fluorescence,20x,0.645 um/px,30 min/frame (92 frames),H2B-GFP (Endogenous Histone H2B live reporter),Live exponential vegetative growth,True,True,True,False,False
BL-IMG-Fluo-N2DL-HeLa-004,CTC-Fluo-N2DL-HeLa,Cell Tracking Challenge,"Maška M, Ulman V, Svoboda D, et al. A benchmark for comparison of cell tracking algorithms. Bioinformatics. 2014;30(11):1609-1617.",10.1093/bioinformatics/btu080,24526711,CTC Scientific Research License,Restricted / Prior Consent Required,Permitted with Attribution,HeLa,Homo sapiens,Cervix,Cervical Adenocarcinoma,Mitotic chromosome condensation & division lineage kinetics,fluorescence,20x,0.645 um/px,30 min/frame (92 frames),H2B-GFP (Endogenous Histone H2B live reporter),Live exponential vegetative growth,True,True,True,False,False
BL-IMG-Fluo-N2DL-HeLa-005,CTC-Fluo-N2DL-HeLa,Cell Tracking Challenge,"Maška M, Ulman V, Svoboda D, et al. A benchmark for comparison of cell tracking algorithms. Bioinformatics. 2014;30(11):1609-1617.",10.1093/bioinformatics/btu080,24526711,CTC Scientific Research License,Restricted / Prior Consent Required,Permitted with Attribution,HeLa,Homo sapiens,Cervix,Cervical Adenocarcinoma,Mitotic chromosome condensation & division lineage kinetics,fluorescence,20x,0.645 um/px,30 min/frame (92 frames),H2B-GFP (Endogenous Histone H2B live reporter),Live exponential vegetative growth,True,True,True,False,False
BL-IMG-Fluo-N2DL-HeLa-006,CTC-Fluo-N2DL-HeLa,Cell Tracking Challenge,"Maška M, Ulman V, Svoboda D, et al. A benchmark for comparison of cell tracking algorithms. Bioinformatics. 2014;30(11):1609-1617.",10.1093/bioinformatics/btu080,24526711,CTC Scientific Research License,Restricted / Prior Consent Required,Permitted with Attribution,HeLa,Homo sapiens,Cervix,Cervical Adenocarcinoma,Mitotic chromosome condensation & division lineage kinetics,fluorescence,20x,0.645 um/px,30 min/frame (92 frames),H2B-GFP (Endogenous Histone H2B live reporter),Live exponential vegetative growth,True,True,True,False,False
BL-IMG-Fluo-N2DL-HeLa-007,CTC-Fluo-N2DL-HeLa,Cell Tracking Challenge,"Maška M, Ulman V, Svoboda D, et al. A benchmark for comparison of cell tracking algorithms. Bioinformatics. 2014;30(11):1609-1617.",10.1093/bioinformatics/btu080,24526711,CTC Scientific Research License,Restricted / Prior Consent Required,Permitted with Attribution,HeLa,Homo sapiens,Cervix,Cervical Adenocarcinoma,Mitotic chromosome condensation & division lineage kinetics,fluorescence,20x,0.645 um/px,30 min/frame (92 frames),H2B-GFP (Endogenous Histone H2B live reporter),Live exponential vegetative growth,True,True,True,False,False
BL-IMG-Fluo-N2DL-HeLa-008,CTC-Fluo-N2DL-HeLa,Cell Tracking Challenge,"Maška M, Ulman V, Svoboda D, et al. A benchmark for comparison of cell tracking algorithms. Bioinformatics. 2014;30(11):1609-1617.",10.1093/bioinformatics/btu080,24526711,CTC Scientific Research License,Restricted / Prior Consent Required,Permitted with Attribution,HeLa,Homo sapiens,Cervix,Cervical Adenocarcinoma,Mitotic chromosome condensation & division lineage kinetics,fluorescence,20x,0.645 um/px,30 min/frame (92 frames),H2B-GFP (Endogenous Histone H2B live reporter),Live exponential vegetative growth,True,True,True,False,False
BL-IMG-Fluo-N2DL-HeLa-009,CTC-Fluo-N2DL-HeLa,Cell Tracking Challenge,"Maška M, Ulman V, Svoboda D, et al. A benchmark for comparison of cell tracking algorithms. Bioinformatics. 2014;30(11):1609-1617.",10.1093/bioinformatics/btu080,24526711,CTC Scientific Research License,Restricted / Prior Consent Required,Permitted with Attribution,HeLa,Homo sapiens,Cervix,Cervical Adenocarcinoma,Mitotic chromosome condensation & division lineage kinetics,fluorescence,20x,0.645 um/px,30 min/frame (92 frames),H2B-GFP (Endogenous Histone H2B live reporter),Live exponential vegetative growth,True,True,True,False,False
BL-IMG-Fluo-N2DL-HeLa-010,CTC-Fluo-N2DL-HeLa,Cell Tracking Challenge,"Maška M, Ulman V, Svoboda D, et al. A benchmark for comparison of cell tracking algorithms. Bioinformatics. 2014;30(11):1609-1617.",10.1093/bioinformatics/btu080,24526711,CTC Scientific Research License,Restricted / Prior Consent Required,Permitted with Attribution,HeLa,Homo sapiens,Cervix,Cervical Adenocarcinoma,Mitotic chromosome condensation & division lineage kinetics,fluorescence,20x,0.645 um/px,30 min/frame (92 frames),H2B-GFP (Endogenous Histone H2B live reporter),Live exponential vegetative growth,True,True,True,False,False
BL-IMG-Fluo-N2DL-HeLa-011,CTC-Fluo-N2DL-HeLa,Cell Tracking Challenge,"Maška M, Ulman V, Svoboda D, et al. A benchmark for comparison of cell tracking algorithms. Bioinformatics. 2014;30(11):1609-1617.",10.1093/bioinformatics/btu080,24526711,CTC Scientific Research License,Restricted / Prior Consent Required,Permitted with Attribution,HeLa,Homo sapiens,Cervix,Cervical Adenocarcinoma,Mitotic chromosome condensation & division lineage kinetics,fluorescence,20x,0.645 um/px,30 min/frame (92 frames),H2B-GFP (Endogenous Histone H2B live reporter),Live exponential vegetative growth,True,True,True,False,False
BL-IMG-Fluo-N2DL-HeLa-012,CTC-Fluo-N2DL-HeLa,Cell Tracking Challenge,"Maška M, Ulman V, Svoboda D, et al. A benchmark for comparison of cell tracking algorithms. Bioinformatics. 2014;30(11):1609-1617.",10.1093/bioinformatics/btu080,24526711,CTC Scientific Research License,Restricted / Prior Consent Required,Permitted with Attribution,HeLa,Homo sapiens,Cervix,Cervical Adenocarcinoma,Mitotic chromosome condensation & division lineage kinetics,fluorescence,20x,0.645 um/px,30 min/frame (92 frames),H2B-GFP (Endogenous Histone H2B live reporter),Live exponential vegetative growth,True,True,True,False,False
BL-IMG-Fluo-N2DL-HeLa-013,CTC-Fluo-N2DL-HeLa,Cell Tracking Challenge,"Maška M, Ulman V, Svoboda D, et al. A benchmark for comparison of cell tracking algorithms. Bioinformatics. 2014;30(11):1609-1617.",10.1093/bioinformatics/btu080,24526711,CTC Scientific Research License,Restricted / Prior Consent Required,Permitted with Attribution,HeLa,Homo sapiens,Cervix,Cervical Adenocarcinoma,Mitotic chromosome condensation & division lineage kinetics,fluorescence,20x,0.645 um/px,30 min/frame (92 frames),H2B-GFP (Endogenous Histone H2B live reporter),Live exponential vegetative growth,True,True,True,False,False
BL-IMG-Fluo-N2DL-HeLa-014,CTC-Fluo-N2DL-HeLa,Cell Tracking Challenge,"Maška M, Ulman V, Svoboda D, et al. A benchmark for comparison of cell tracking algorithms. Bioinformatics. 2014;30(11):1609-1617.",10.1093/bioinformatics/btu080,24526711,CTC Scientific Research License,Restricted / Prior Consent Required,Permitted with Attribution,HeLa,Homo sapiens,Cervix,Cervical Adenocarcinoma,Mitotic chromosome condensation & division lineage kinetics,fluorescence,20x,0.645 um/px,30 min/frame (92 frames),H2B-GFP (Endogenous Histone H2B live reporter),Live exponential vegetative growth,True,True,True,False,False
BL-IMG-Fluo-N2DL-HeLa-015,CTC-Fluo-N2DL-HeLa,Cell Tracking Challenge,"Maška M, Ulman V, Svoboda D, et al. A benchmark for comparison of cell tracking algorithms. Bioinformatics. 2014;30(11):1609-1617.",10.1093/bioinformatics/btu080,24526711,CTC Scientific Research License,Restricted / Prior Consent Required,Permitted with Attribution,HeLa,Homo sapiens,Cervix,Cervical Adenocarcinoma,Mitotic chromosome condensation & division lineage kinetics,fluorescence,20x,0.645 um/px,30 min/frame (92 frames),H2B-GFP (Endogenous Histone H2B live reporter),Live exponential vegetative growth,True,True,True,False,False
BL-IMG-Fluo-N2DL-HeLa-016,CTC-Fluo-N2DL-HeLa,Cell Tracking Challenge,"Maška M, Ulman V, Svoboda D, et al. A benchmark for comparison of cell tracking algorithms. Bioinformatics. 2014;30(11):1609-1617.",10.1093/bioinformatics/btu080,24526711,CTC Scientific Research License,Restricted / Prior Consent Required,Permitted with Attribution,HeLa,Homo sapiens,Cervix,Cervical Adenocarcinoma,Mitotic chromosome condensation & division lineage kinetics,fluorescence,20x,0.645 um/px,30 min/frame (92 frames),H2B-GFP (Endogenous Histone H2B live reporter),Live exponential vegetative growth,True,True,True,False,False
BL-IMG-Fluo-N2DL-HeLa-017,CTC-Fluo-N2DL-HeLa,Cell Tracking Challenge,"Maška M, Ulman V, Svoboda D, et al. A benchmark for comparison of cell tracking algorithms. Bioinformatics. 2014;30(11):1609-1617.",10.1093/bioinformatics/btu080,24526711,CTC Scientific Research License,Restricted / Prior Consent Required,Permitted with Attribution,HeLa,Homo sapiens,Cervix,Cervical Adenocarcinoma,Mitotic chromosome condensation & division lineage kinetics,fluorescence,20x,0.645 um/px,30 min/frame (92 frames),H2B-GFP (Endogenous Histone H2B live reporter),Live exponential vegetative growth,True,True,True,False,False
BL-IMG-Fluo-N2DL-HeLa-018,CTC-Fluo-N2DL-HeLa,Cell Tracking Challenge,"Maška M, Ulman V, Svoboda D, et al. A benchmark for comparison of cell tracking algorithms. Bioinformatics. 2014;30(11):1609-1617.",10.1093/bioinformatics/btu080,24526711,CTC Scientific Research License,Restricted / Prior Consent Required,Permitted with Attribution,HeLa,Homo sapiens,Cervix,Cervical Adenocarcinoma,Mitotic chromosome condensation & division lineage kinetics,fluorescence,20x,0.645 um/px,30 min/frame (92 frames),H2B-GFP (Endogenous Histone H2B live reporter),Live exponential vegetative growth,True,True,True,False,False
BL-IMG-Fluo-N2DL-HeLa-019,CTC-Fluo-N2DL-HeLa,Cell Tracking Challenge,"Maška M, Ulman V, Svoboda D, et al. A benchmark for comparison of cell tracking algorithms. Bioinformatics. 2014;30(11):1609-1617.",10.1093/bioinformatics/btu080,24526711,CTC Scientific Research License,Restricted / Prior Consent Required,Permitted with Attribution,HeLa,Homo sapiens,Cervix,Cervical Adenocarcinoma,Mitotic chromosome condensation & division lineage kinetics,fluorescence,20x,0.645 um/px,30 min/frame (92 frames),H2B-GFP (Endogenous Histone H2B live reporter),Live exponential vegetative growth,True,True,True,False,False
BL-IMG-Fluo-N2DL-HeLa-020,CTC-Fluo-N2DL-HeLa,Cell Tracking Challenge,"Maška M, Ulman V, Svoboda D, et al. A benchmark for comparison of cell tracking algorithms. Bioinformatics. 2014;30(11):1609-1617.",10.1093/bioinformatics/btu080,24526711,CTC Scientific Research License,Restricted / Prior Consent Required,Permitted with Attribution,HeLa,Homo sapiens,Cervix,Cervical Adenocarcinoma,Mitotic chromosome condensation & division lineage kinetics,fluorescence,20x,0.645 um/px,30 min/frame (92 frames),H2B-GFP (Endogenous Histone H2B live reporter),Live exponential vegetative growth,True,True,True,False,False
BL-IMG-Fluo-N2DL-HeLa-021,CTC-Fluo-N2DL-HeLa,Cell Tracking Challenge,"Maška M, Ulman V, Svoboda D, et al. A benchmark for comparison of cell tracking algorithms. Bioinformatics. 2014;30(11):1609-1617.",10.1093/bioinformatics/btu080,24526711,CTC Scientific Research License,Restricted / Prior Consent Required,Permitted with Attribution,HeLa,Homo sapiens,Cervix,Cervical Adenocarcinoma,Mitotic chromosome condensation & division lineage kinetics,fluorescence,20x,0.645 um/px,30 min/frame (92 frames),H2B-GFP (Endogenous Histone H2B live reporter),Live exponential vegetative growth,True,True,True,False,False
BL-IMG-Fluo-N2DL-HeLa-022,CTC-Fluo-N2DL-HeLa,Cell Tracking Challenge,"Maška M, Ulman V, Svoboda D, et al. A benchmark for comparison of cell tracking algorithms. Bioinformatics. 2014;30(11):1609-1617.",10.1093/bioinformatics/btu080,24526711,CTC Scientific Research License,Restricted / Prior Consent Required,Permitted with Attribution,HeLa,Homo sapiens,Cervix,Cervical Adenocarcinoma,Mitotic chromosome condensation & division lineage kinetics,fluorescence,20x,0.645 um/px,30 min/frame (92 frames),H2B-GFP (Endogenous Histone H2B live reporter),Live exponential vegetative growth,True,True,True,False,False
BL-IMG-Fluo-N2DL-HeLa-023,CTC-Fluo-N2DL-HeLa,Cell Tracking Challenge,"Maška M, Ulman V, Svoboda D, et al. A benchmark for comparison of cell tracking algorithms. Bioinformatics. 2014;30(11):1609-1617.",10.1093/bioinformatics/btu080,24526711,CTC Scientific Research License,Restricted / Prior Consent Required,Permitted with Attribution,HeLa,Homo sapiens,Cervix,Cervical Adenocarcinoma,Mitotic chromosome condensation & division lineage kinetics,fluorescence,20x,0.645 um/px,30 min/frame (92 frames),H2B-GFP (Endogenous Histone H2B live reporter),Live exponential vegetative growth,True,True,True,False,False
BL-IMG-Fluo-N2DL-HeLa-024,CTC-Fluo-N2DL-HeLa,Cell Tracking Challenge,"Maška M, Ulman V, Svoboda D, et al. A benchmark for comparison of cell tracking algorithms. Bioinformatics. 2014;30(11):1609-1617.",10.1093/bioinformatics/btu080,24526711,CTC Scientific Research License,Restricted / Prior Consent Required,Permitted with Attribution,HeLa,Homo sapiens,Cervix,Cervical Adenocarcinoma,Mitotic chromosome condensation & division lineage kinetics,fluorescence,20x,0.645 um/px,30 min/frame (92 frames),H2B-GFP (Endogenous Histone H2B live reporter),Live exponential vegetative growth,True,True,True,False,False
BL-IMG-Fluo-N2DL-HeLa-025,CTC-Fluo-N2DL-HeLa,Cell Tracking Challenge,"Maška M, Ulman V, Svoboda D, et al. A benchmark for comparison of cell tracking algorithms. Bioinformatics. 2014;30(11):1609-1617.",10.1093/bioinformatics/btu080,24526711,CTC Scientific Research License,Restricted / Prior Consent Required,Permitted with Attribution,HeLa,Homo sapiens,Cervix,Cervical Adenocarcinoma,Mitotic chromosome condensation & division lineage kinetics,fluorescence,20x,0.645 um/px,30 min/frame (92 frames),H2B-GFP (Endogenous Histone H2B live reporter),Live exponential vegetative growth,True,True,True,False,False
BL-IMG-Fluo-N2DL-HeLa-026,CTC-Fluo-N2DL-HeLa,Cell Tracking Challenge,"Maška M, Ulman V, Svoboda D, et al. A benchmark for comparison of cell tracking algorithms. Bioinformatics. 2014;30(11):1609-1617.",10.1093/bioinformatics/btu080,24526711,CTC Scientific Research License,Restricted / Prior Consent Required,Permitted with Attribution,HeLa,Homo sapiens,Cervix,Cervical Adenocarcinoma,Mitotic chromosome condensation & division lineage kinetics,fluorescence,20x,0.645 um/px,30 min/frame (92 frames),H2B-GFP (Endogenous Histone H2B live reporter),Live exponential vegetative growth,True,True,True,False,False
BL-IMG-Fluo-N2DL-HeLa-027,CTC-Fluo-N2DL-HeLa,Cell Tracking Challenge,"Maška M, Ulman V, Svoboda D, et al. A benchmark for comparison of cell tracking algorithms. Bioinformatics. 2014;30(11):1609-1617.",10.1093/bioinformatics/btu080,24526711,CTC Scientific Research License,Restricted / Prior Consent Required,Permitted with Attribution,HeLa,Homo sapiens,Cervix,Cervical Adenocarcinoma,Mitotic chromosome condensation & division lineage kinetics,fluorescence,20x,0.645 um/px,30 min/frame (92 frames),H2B-GFP (Endogenous Histone H2B live reporter),Live exponential vegetative growth,True,True,True,False,False
BL-IMG-Fluo-N2DL-HeLa-028,CTC-Fluo-N2DL-HeLa,Cell Tracking Challenge,"Maška M, Ulman V, Svoboda D, et al. A benchmark for comparison of cell tracking algorithms. Bioinformatics. 2014;30(11):1609-1617.",10.1093/bioinformatics/btu080,24526711,CTC Scientific Research License,Restricted / Prior Consent Required,Permitted with Attribution,HeLa,Homo sapiens,Cervix,Cervical Adenocarcinoma,Mitotic chromosome condensation & division lineage kinetics,fluorescence,20x,0.645 um/px,30 min/frame (92 frames),H2B-GFP (Endogenous Histone H2B live reporter),Live exponential vegetative growth,True,True,True,False,False
BL-IMG-Fluo-N2DL-HeLa-029,CTC-Fluo-N2DL-HeLa,Cell Tracking Challenge,"Maška M, Ulman V, Svoboda D, et al. A benchmark for comparison of cell tracking algorithms. Bioinformatics. 2014;30(11):1609-1617.",10.1093/bioinformatics/btu080,24526711,CTC Scientific Research License,Restricted / Prior Consent Required,Permitted with Attribution,HeLa,Homo sapiens,Cervix,Cervical Adenocarcinoma,Mitotic chromosome condensation & division lineage kinetics,fluorescence,20x,0.645 um/px,30 min/frame (92 frames),H2B-GFP (Endogenous Histone H2B live reporter),Live exponential vegetative growth,True,True,True,False,False
BL-IMG-Fluo-N2DL-HeLa-030,CTC-Fluo-N2DL-HeLa,Cell Tracking Challenge,"Maška M, Ulman V, Svoboda D, et al. A benchmark for comparison of cell tracking algorithms. Bioinformatics. 2014;30(11):1609-1617.",10.1093/bioinformatics/btu080,24526711,CTC Scientific Research License,Restricted / Prior Consent Required,Permitted with Attribution,HeLa,Homo sapiens,Cervix,Cervical Adenocarcinoma,Mitotic chromosome condensation & division lineage kinetics,fluorescence,20x,0.645 um/px,30 min/frame (92 frames),H2B-GFP (Endogenous Histone H2B live reporter),Live exponential vegetative growth,True,True,True,False,False
BL-IMG-Fluo-N2DL-HeLa-031,CTC-Fluo-N2DL-HeLa,Cell Tracking Challenge,"Maška M, Ulman V, Svoboda D, et al. A benchmark for comparison of cell tracking algorithms. Bioinformatics. 2014;30(11):1609-1617.",10.1093/bioinformatics/btu080,24526711,CTC Scientific Research License,Restricted / Prior Consent Required,Permitted with Attribution,HeLa,Homo sapiens,Cervix,Cervical Adenocarcinoma,Mitotic chromosome condensation & division lineage kinetics,fluorescence,20x,0.645 um/px,30 min/frame (92 frames),H2B-GFP (Endogenous Histone H2B live reporter),Live exponential vegetative growth,True,True,True,False,False
BL-IMG-Fluo-N2DL-HeLa-032,CTC-Fluo-N2DL-HeLa,Cell Tracking Challenge,"Maška M, Ulman V, Svoboda D, et al. A benchmark for comparison of cell tracking algorithms. Bioinformatics. 2014;30(11):1609-1617.",10.1093/bioinformatics/btu080,24526711,CTC Scientific Research License,Restricted / Prior Consent Required,Permitted with Attribution,HeLa,Homo sapiens,Cervix,Cervical Adenocarcinoma,Mitotic chromosome condensation & division lineage kinetics,fluorescence,20x,0.645 um/px,30 min/frame (92 frames),H2B-GFP (Endogenous Histone H2B live reporter),Live exponential vegetative growth,True,True,True,False,False
BL-IMG-Fluo-N2DL-HeLa-033,CTC-Fluo-N2DL-HeLa,Cell Tracking Challenge,"Maška M, Ulman V, Svoboda D, et al. A benchmark for comparison of cell tracking algorithms. Bioinformatics. 2014;30(11):1609-1617.",10.1093/bioinformatics/btu080,24526711,CTC Scientific Research License,Restricted / Prior Consent Required,Permitted with Attribution,HeLa,Homo sapiens,Cervix,Cervical Adenocarcinoma,Mitotic chromosome condensation & division lineage kinetics,fluorescence,20x,0.645 um/px,30 min/frame (92 frames),H2B-GFP (Endogenous Histone H2B live reporter),Live exponential vegetative growth,True,True,True,False,False
BL-IMG-Fluo-N2DL-HeLa-034,CTC-Fluo-N2DL-HeLa,Cell Tracking Challenge,"Maška M, Ulman V, Svoboda D, et al. A benchmark for comparison of cell tracking algorithms. Bioinformatics. 2014;30(11):1609-1617.",10.1093/bioinformatics/btu080,24526711,CTC Scientific Research License,Restricted / Prior Consent Required,Permitted with Attribution,HeLa,Homo sapiens,Cervix,Cervical Adenocarcinoma,Mitotic chromosome condensation & division lineage kinetics,fluorescence,20x,0.645 um/px,30 min/frame (92 frames),H2B-GFP (Endogenous Histone H2B live reporter),Live exponential vegetative growth,True,True,True,False,False
BL-IMG-Fluo-N2DL-HeLa-035,CTC-Fluo-N2DL-HeLa,Cell Tracking Challenge,"Maška M, Ulman V, Svoboda D, et al. A benchmark for comparison of cell tracking algorithms. Bioinformatics. 2014;30(11):1609-1617.",10.1093/bioinformatics/btu080,24526711,CTC Scientific Research License,Restricted / Prior Consent Required,Permitted with Attribution,HeLa,Homo sapiens,Cervix,Cervical Adenocarcinoma,Mitotic chromosome condensation & division lineage kinetics,fluorescence,20x,0.645 um/px,30 min/frame (92 frames),H2B-GFP (Endogenous Histone H2B live reporter),Live exponential vegetative growth,True,True,True,False,False
BL-IMG-Fluo-N2DL-HeLa-036,CTC-Fluo-N2DL-HeLa,Cell Tracking Challenge,"Maška M, Ulman V, Svoboda D, et al. A benchmark for comparison of cell tracking algorithms. Bioinformatics. 2014;30(11):1609-1617.",10.1093/bioinformatics/btu080,24526711,CTC Scientific Research License,Restricted / Prior Consent Required,Permitted with Attribution,HeLa,Homo sapiens,Cervix,Cervical Adenocarcinoma,Mitotic chromosome condensation & division lineage kinetics,fluorescence,20x,0.645 um/px,30 min/frame (92 frames),H2B-GFP (Endogenous Histone H2B live reporter),Live exponential vegetative growth,True,True,True,False,False
BL-IMG-Fluo-N2DL-HeLa-037,CTC-Fluo-N2DL-HeLa,Cell Tracking Challenge,"Maška M, Ulman V, Svoboda D, et al. A benchmark for comparison of cell tracking algorithms. Bioinformatics. 2014;30(11):1609-1617.",10.1093/bioinformatics/btu080,24526711,CTC Scientific Research License,Restricted / Prior Consent Required,Permitted with Attribution,HeLa,Homo sapiens,Cervix,Cervical Adenocarcinoma,Mitotic chromosome condensation & division lineage kinetics,fluorescence,20x,0.645 um/px,30 min/frame (92 frames),H2B-GFP (Endogenous Histone H2B live reporter),Live exponential vegetative growth,True,True,True,False,False
BL-IMG-Fluo-N2DL-HeLa-038,CTC-Fluo-N2DL-HeLa,Cell Tracking Challenge,"Maška M, Ulman V, Svoboda D, et al. A benchmark for comparison of cell tracking algorithms. Bioinformatics. 2014;30(11):1609-1617.",10.1093/bioinformatics/btu080,24526711,CTC Scientific Research License,Restricted / Prior Consent Required,Permitted with Attribution,HeLa,Homo sapiens,Cervix,Cervical Adenocarcinoma,Mitotic chromosome condensation & division lineage kinetics,fluorescence,20x,0.645 um/px,30 min/frame (92 frames),H2B-GFP (Endogenous Histone H2B live reporter),Live exponential vegetative growth,True,True,True,False,False
BL-IMG-Fluo-N2DL-HeLa-039,CTC-Fluo-N2DL-HeLa,Cell Tracking Challenge,"Maška M, Ulman V, Svoboda D, et al. A benchmark for comparison of cell tracking algorithms. Bioinformatics. 2014;30(11):1609-1617.",10.1093/bioinformatics/btu080,24526711,CTC Scientific Research License,Restricted / Prior Consent Required,Permitted with Attribution,HeLa,Homo sapiens,Cervix,Cervical Adenocarcinoma,Mitotic chromosome condensation & division lineage kinetics,fluorescence,20x,0.645 um/px,30 min/frame (92 frames),H2B-GFP (Endogenous Histone H2B live reporter),Live exponential vegetative growth,True,True,True,False,False
BL-IMG-Fluo-N2DL-HeLa-040,CTC-Fluo-N2DL-HeLa,Cell Tracking Challenge,"Maška M, Ulman V, Svoboda D, et al. A benchmark for comparison of cell tracking algorithms. Bioinformatics. 2014;30(11):1609-1617.",10.1093/bioinformatics/btu080,24526711,CTC Scientific Research License,Restricted / Prior Consent Required,Permitted with Attribution,HeLa,Homo sapiens,Cervix,Cervical Adenocarcinoma,Mitotic chromosome condensation & division lineage kinetics,fluorescence,20x,0.645 um/px,30 min/frame (92 frames),H2B-GFP (Endogenous Histone H2B live reporter),Live exponential vegetative growth,True,True,True,False,False
BL-IMG-Fluo-N2DL-HeLa-041,CTC-Fluo-N2DL-HeLa,Cell Tracking Challenge,"Maška M, Ulman V, Svoboda D, et al. A benchmark for comparison of cell tracking algorithms. Bioinformatics. 2014;30(11):1609-1617.",10.1093/bioinformatics/btu080,24526711,CTC Scientific Research License,Restricted / Prior Consent Required,Permitted with Attribution,HeLa,Homo sapiens,Cervix,Cervical Adenocarcinoma,Mitotic chromosome condensation & division lineage kinetics,fluorescence,20x,0.645 um/px,30 min/frame (92 frames),H2B-GFP (Endogenous Histone H2B live reporter),Live exponential vegetative growth,True,True,True,False,False
BL-IMG-Fluo-N2DL-HeLa-042,CTC-Fluo-N2DL-HeLa,Cell Tracking Challenge,"Maška M, Ulman V, Svoboda D, et al. A benchmark for comparison of cell tracking algorithms. Bioinformatics. 2014;30(11):1609-1617.",10.1093/bioinformatics/btu080,24526711,CTC Scientific Research License,Restricted / Prior Consent Required,Permitted with Attribution,HeLa,Homo sapiens,Cervix,Cervical Adenocarcinoma,Mitotic chromosome condensation & division lineage kinetics,fluorescence,20x,0.645 um/px,30 min/frame (92 frames),H2B-GFP (Endogenous Histone H2B live reporter),Live exponential vegetative growth,True,True,True,False,False
BL-IMG-Fluo-N2DL-HeLa-043,CTC-Fluo-N2DL-HeLa,Cell Tracking Challenge,"Maška M, Ulman V, Svoboda D, et al. A benchmark for comparison of cell tracking algorithms. Bioinformatics. 2014;30(11):1609-1617.",10.1093/bioinformatics/btu080,24526711,CTC Scientific Research License,Restricted / Prior Consent Required,Permitted with Attribution,HeLa,Homo sapiens,Cervix,Cervical Adenocarcinoma,Mitotic chromosome condensation & division lineage kinetics,fluorescence,20x,0.645 um/px,30 min/frame (92 frames),H2B-GFP (Endogenous Histone H2B live reporter),Live exponential vegetative growth,True,True,True,False,False
BL-IMG-Fluo-N2DL-HeLa-044,CTC-Fluo-N2DL-HeLa,Cell Tracking Challenge,"Maška M, Ulman V, Svoboda D, et al. A benchmark for comparison of cell tracking algorithms. Bioinformatics. 2014;30(11):1609-1617.",10.1093/bioinformatics/btu080,24526711,CTC Scientific Research License,Restricted / Prior Consent Required,Permitted with Attribution,HeLa,Homo sapiens,Cervix,Cervical Adenocarcinoma,Mitotic chromosome condensation & division lineage kinetics,fluorescence,20x,0.645 um/px,30 min/frame (92 frames),H2B-GFP (Endogenous Histone H2B live reporter),Live exponential vegetative growth,True,True,True,False,False
BL-IMG-Fluo-N2DL-HeLa-045,CTC-Fluo-N2DL-HeLa,Cell Tracking Challenge,"Maška M, Ulman V, Svoboda D, et al. A benchmark for comparison of cell tracking algorithms. Bioinformatics. 2014;30(11):1609-1617.",10.1093/bioinformatics/btu080,24526711,CTC Scientific Research License,Restricted / Prior Consent Required,Permitted with Attribution,HeLa,Homo sapiens,Cervix,Cervical Adenocarcinoma,Mitotic chromosome condensation & division lineage kinetics,fluorescence,20x,0.645 um/px,30 min/frame (92 frames),H2B-GFP (Endogenous Histone H2B live reporter),Live exponential vegetative growth,True,True,True,False,False
BL-IMG-Fluo-N2DL-HeLa-046,CTC-Fluo-N2DL-HeLa,Cell Tracking Challenge,"Maška M, Ulman V, Svoboda D, et al. A benchmark for comparison of cell tracking algorithms. Bioinformatics. 2014;30(11):1609-1617.",10.1093/bioinformatics/btu080,24526711,CTC Scientific Research License,Restricted / Prior Consent Required,Permitted with Attribution,HeLa,Homo sapiens,Cervix,Cervical Adenocarcinoma,Mitotic chromosome condensation & division lineage kinetics,fluorescence,20x,0.645 um/px,30 min/frame (92 frames),H2B-GFP (Endogenous Histone H2B live reporter),Live exponential vegetative growth,True,True,True,False,False
BL-IMG-Fluo-N2DL-HeLa-047,CTC-Fluo-N2DL-HeLa,Cell Tracking Challenge,"Maška M, Ulman V, Svoboda D, et al. A benchmark for comparison of cell tracking algorithms. Bioinformatics. 2014;30(11):1609-1617.",10.1093/bioinformatics/btu080,24526711,CTC Scientific Research License,Restricted / Prior Consent Required,Permitted with Attribution,HeLa,Homo sapiens,Cervix,Cervical Adenocarcinoma,Mitotic chromosome condensation & division lineage kinetics,fluorescence,20x,0.645 um/px,30 min/frame (92 frames),H2B-GFP (Endogenous Histone H2B live reporter),Live exponential vegetative growth,True,True,True,False,False
BL-IMG-Fluo-N2DL-HeLa-048,CTC-Fluo-N2DL-HeLa,Cell Tracking Challenge,"Maška M, Ulman V, Svoboda D, et al. A benchmark for comparison of cell tracking algorithms. Bioinformatics. 2014;30(11):1609-1617.",10.1093/bioinformatics/btu080,24526711,CTC Scientific Research License,Restricted / Prior Consent Required,Permitted with Attribution,HeLa,Homo sapiens,Cervix,Cervical Adenocarcinoma,Mitotic chromosome condensation & division lineage kinetics,fluorescence,20x,0.645 um/px,30 min/frame (92 frames),H2B-GFP (Endogenous Histone H2B live reporter),Live exponential vegetative growth,True,True,True,False,False
BL-IMG-DIC-C2DH-HeLa-001,CTC-DIC-C2DH-HeLa,Cell Tracking Challenge,"Ulman V, Maška M, Magnusson KE, et al. An objective comparison of cell-tracking algorithms. Nat Methods. 2017;14(12):1141-1152.",10.1038/nmeth.4473,29088188,CTC Scientific Research License,Restricted / Prior Consent Required,Permitted with Attribution,HeLa,Homo sapiens,Cervix,Cervical Adenocarcinoma,Label-free cell boundary deformation & monolayer crowding,dic,10x,0.580 um/px,10 min/frame (84 frames),Label-free Differential Interference Contrast (DIC),Live unperturbed monolayer culture,True,True,True,False,False
BL-IMG-DIC-C2DH-HeLa-002,CTC-DIC-C2DH-HeLa,Cell Tracking Challenge,"Ulman V, Maška M, Magnusson KE, et al. An objective comparison of cell-tracking algorithms. Nat Methods. 2017;14(12):1141-1152.",10.1038/nmeth.4473,29088188,CTC Scientific Research License,Restricted / Prior Consent Required,Permitted with Attribution,HeLa,Homo sapiens,Cervix,Cervical Adenocarcinoma,Label-free cell boundary deformation & monolayer crowding,dic,10x,0.580 um/px,10 min/frame (84 frames),Label-free Differential Interference Contrast (DIC),Live unperturbed monolayer culture,True,True,True,False,False
BL-IMG-DIC-C2DH-HeLa-003,CTC-DIC-C2DH-HeLa,Cell Tracking Challenge,"Ulman V, Maška M, Magnusson KE, et al. An objective comparison of cell-tracking algorithms. Nat Methods. 2017;14(12):1141-1152.",10.1038/nmeth.4473,29088188,CTC Scientific Research License,Restricted / Prior Consent Required,Permitted with Attribution,HeLa,Homo sapiens,Cervix,Cervical Adenocarcinoma,Label-free cell boundary deformation & monolayer crowding,dic,10x,0.580 um/px,10 min/frame (84 frames),Label-free Differential Interference Contrast (DIC),Live unperturbed monolayer culture,True,True,True,False,False
BL-IMG-DIC-C2DH-HeLa-004,CTC-DIC-C2DH-HeLa,Cell Tracking Challenge,"Ulman V, Maška M, Magnusson KE, et al. An objective comparison of cell-tracking algorithms. Nat Methods. 2017;14(12):1141-1152.",10.1038/nmeth.4473,29088188,CTC Scientific Research License,Restricted / Prior Consent Required,Permitted with Attribution,HeLa,Homo sapiens,Cervix,Cervical Adenocarcinoma,Label-free cell boundary deformation & monolayer crowding,dic,10x,0.580 um/px,10 min/frame (84 frames),Label-free Differential Interference Contrast (DIC),Live unperturbed monolayer culture,True,True,True,False,False
BL-IMG-DIC-C2DH-HeLa-005,CTC-DIC-C2DH-HeLa,Cell Tracking Challenge,"Ulman V, Maška M, Magnusson KE, et al. An objective comparison of cell-tracking algorithms. Nat Methods. 2017;14(12):1141-1152.",10.1038/nmeth.4473,29088188,CTC Scientific Research License,Restricted / Prior Consent Required,Permitted with Attribution,HeLa,Homo sapiens,Cervix,Cervical Adenocarcinoma,Label-free cell boundary deformation & monolayer crowding,dic,10x,0.580 um/px,10 min/frame (84 frames),Label-free Differential Interference Contrast (DIC),Live unperturbed monolayer culture,True,True,True,False,False
BL-IMG-DIC-C2DH-HeLa-006,CTC-DIC-C2DH-HeLa,Cell Tracking Challenge,"Ulman V, Maška M, Magnusson KE, et al. An objective comparison of cell-tracking algorithms. Nat Methods. 2017;14(12):1141-1152.",10.1038/nmeth.4473,29088188,CTC Scientific Research License,Restricted / Prior Consent Required,Permitted with Attribution,HeLa,Homo sapiens,Cervix,Cervical Adenocarcinoma,Label-free cell boundary deformation & monolayer crowding,dic,10x,0.580 um/px,10 min/frame (84 frames),Label-free Differential Interference Contrast (DIC),Live unperturbed monolayer culture,True,True,True,False,False
BL-IMG-DIC-C2DH-HeLa-007,CTC-DIC-C2DH-HeLa,Cell Tracking Challenge,"Ulman V, Maška M, Magnusson KE, et al. An objective comparison of cell-tracking algorithms. Nat Methods. 2017;14(12):1141-1152.",10.1038/nmeth.4473,29088188,CTC Scientific Research License,Restricted / Prior Consent Required,Permitted with Attribution,HeLa,Homo sapiens,Cervix,Cervical Adenocarcinoma,Label-free cell boundary deformation & monolayer crowding,dic,10x,0.580 um/px,10 min/frame (84 frames),Label-free Differential Interference Contrast (DIC),Live unperturbed monolayer culture,True,True,True,False,False
BL-IMG-DIC-C2DH-HeLa-008,CTC-DIC-C2DH-HeLa,Cell Tracking Challenge,"Ulman V, Maška M, Magnusson KE, et al. An objective comparison of cell-tracking algorithms. Nat Methods. 2017;14(12):1141-1152.",10.1038/nmeth.4473,29088188,CTC Scientific Research License,Restricted / Prior Consent Required,Permitted with Attribution,HeLa,Homo sapiens,Cervix,Cervical Adenocarcinoma,Label-free cell boundary deformation & monolayer crowding,dic,10x,0.580 um/px,10 min/frame (84 frames),Label-free Differential Interference Contrast (DIC),Live unperturbed monolayer culture,True,True,True,False,False
BL-IMG-DIC-C2DH-HeLa-009,CTC-DIC-C2DH-HeLa,Cell Tracking Challenge,"Ulman V, Maška M, Magnusson KE, et al. An objective comparison of cell-tracking algorithms. Nat Methods. 2017;14(12):1141-1152.",10.1038/nmeth.4473,29088188,CTC Scientific Research License,Restricted / Prior Consent Required,Permitted with Attribution,HeLa,Homo sapiens,Cervix,Cervical Adenocarcinoma,Label-free cell boundary deformation & monolayer crowding,dic,10x,0.580 um/px,10 min/frame (84 frames),Label-free Differential Interference Contrast (DIC),Live unperturbed monolayer culture,True,True,True,False,False
BL-IMG-DIC-C2DH-HeLa-010,CTC-DIC-C2DH-HeLa,Cell Tracking Challenge,"Ulman V, Maška M, Magnusson KE, et al. An objective comparison of cell-tracking algorithms. Nat Methods. 2017;14(12):1141-1152.",10.1038/nmeth.4473,29088188,CTC Scientific Research License,Restricted / Prior Consent Required,Permitted with Attribution,HeLa,Homo sapiens,Cervix,Cervical Adenocarcinoma,Label-free cell boundary deformation & monolayer crowding,dic,10x,0.580 um/px,10 min/frame (84 frames),Label-free Differential Interference Contrast (DIC),Live unperturbed monolayer culture,True,True,True,False,False
BL-IMG-DIC-C2DH-HeLa-011,CTC-DIC-C2DH-HeLa,Cell Tracking Challenge,"Ulman V, Maška M, Magnusson KE, et al. An objective comparison of cell-tracking algorithms. Nat Methods. 2017;14(12):1141-1152.",10.1038/nmeth.4473,29088188,CTC Scientific Research License,Restricted / Prior Consent Required,Permitted with Attribution,HeLa,Homo sapiens,Cervix,Cervical Adenocarcinoma,Label-free cell boundary deformation & monolayer crowding,dic,10x,0.580 um/px,10 min/frame (84 frames),Label-free Differential Interference Contrast (DIC),Live unperturbed monolayer culture,True,True,True,False,False
BL-IMG-DIC-C2DH-HeLa-012,CTC-DIC-C2DH-HeLa,Cell Tracking Challenge,"Ulman V, Maška M, Magnusson KE, et al. An objective comparison of cell-tracking algorithms. Nat Methods. 2017;14(12):1141-1152.",10.1038/nmeth.4473,29088188,CTC Scientific Research License,Restricted / Prior Consent Required,Permitted with Attribution,HeLa,Homo sapiens,Cervix,Cervical Adenocarcinoma,Label-free cell boundary deformation & monolayer crowding,dic,10x,0.580 um/px,10 min/frame (84 frames),Label-free Differential Interference Contrast (DIC),Live unperturbed monolayer culture,True,True,True,False,False
BL-IMG-DIC-C2DH-HeLa-013,CTC-DIC-C2DH-HeLa,Cell Tracking Challenge,"Ulman V, Maška M, Magnusson KE, et al. An objective comparison of cell-tracking algorithms. Nat Methods. 2017;14(12):1141-1152.",10.1038/nmeth.4473,29088188,CTC Scientific Research License,Restricted / Prior Consent Required,Permitted with Attribution,HeLa,Homo sapiens,Cervix,Cervical Adenocarcinoma,Label-free cell boundary deformation & monolayer crowding,dic,10x,0.580 um/px,10 min/frame (84 frames),Label-free Differential Interference Contrast (DIC),Live unperturbed monolayer culture,True,True,True,False,False
BL-IMG-DIC-C2DH-HeLa-014,CTC-DIC-C2DH-HeLa,Cell Tracking Challenge,"Ulman V, Maška M, Magnusson KE, et al. An objective comparison of cell-tracking algorithms. Nat Methods. 2017;14(12):1141-1152.",10.1038/nmeth.4473,29088188,CTC Scientific Research License,Restricted / Prior Consent Required,Permitted with Attribution,HeLa,Homo sapiens,Cervix,Cervical Adenocarcinoma,Label-free cell boundary deformation & monolayer crowding,dic,10x,0.580 um/px,10 min/frame (84 frames),Label-free Differential Interference Contrast (DIC),Live unperturbed monolayer culture,True,True,True,False,False
BL-IMG-DIC-C2DH-HeLa-015,CTC-DIC-C2DH-HeLa,Cell Tracking Challenge,"Ulman V, Maška M, Magnusson KE, et al. An objective comparison of cell-tracking algorithms. Nat Methods. 2017;14(12):1141-1152.",10.1038/nmeth.4473,29088188,CTC Scientific Research License,Restricted / Prior Consent Required,Permitted with Attribution,HeLa,Homo sapiens,Cervix,Cervical Adenocarcinoma,Label-free cell boundary deformation & monolayer crowding,dic,10x,0.580 um/px,10 min/frame (84 frames),Label-free Differential Interference Contrast (DIC),Live unperturbed monolayer culture,True,True,True,False,False
BL-IMG-DIC-C2DH-HeLa-016,CTC-DIC-C2DH-HeLa,Cell Tracking Challenge,"Ulman V, Maška M, Magnusson KE, et al. An objective comparison of cell-tracking algorithms. Nat Methods. 2017;14(12):1141-1152.",10.1038/nmeth.4473,29088188,CTC Scientific Research License,Restricted / Prior Consent Required,Permitted with Attribution,HeLa,Homo sapiens,Cervix,Cervical Adenocarcinoma,Label-free cell boundary deformation & monolayer crowding,dic,10x,0.580 um/px,10 min/frame (84 frames),Label-free Differential Interference Contrast (DIC),Live unperturbed monolayer culture,True,True,True,False,False
BL-IMG-DIC-C2DH-HeLa-017,CTC-DIC-C2DH-HeLa,Cell Tracking Challenge,"Ulman V, Maška M, Magnusson KE, et al. An objective comparison of cell-tracking algorithms. Nat Methods. 2017;14(12):1141-1152.",10.1038/nmeth.4473,29088188,CTC Scientific Research License,Restricted / Prior Consent Required,Permitted with Attribution,HeLa,Homo sapiens,Cervix,Cervical Adenocarcinoma,Label-free cell boundary deformation & monolayer crowding,dic,10x,0.580 um/px,10 min/frame (84 frames),Label-free Differential Interference Contrast (DIC),Live unperturbed monolayer culture,True,True,True,False,False
BL-IMG-DIC-C2DH-HeLa-018,CTC-DIC-C2DH-HeLa,Cell Tracking Challenge,"Ulman V, Maška M, Magnusson KE, et al. An objective comparison of cell-tracking algorithms. Nat Methods. 2017;14(12):1141-1152.",10.1038/nmeth.4473,29088188,CTC Scientific Research License,Restricted / Prior Consent Required,Permitted with Attribution,HeLa,Homo sapiens,Cervix,Cervical Adenocarcinoma,Label-free cell boundary deformation & monolayer crowding,dic,10x,0.580 um/px,10 min/frame (84 frames),Label-free Differential Interference Contrast (DIC),Live unperturbed monolayer culture,True,True,True,False,False
BL-IMG-DIC-C2DH-HeLa-019,CTC-DIC-C2DH-HeLa,Cell Tracking Challenge,"Ulman V, Maška M, Magnusson KE, et al. An objective comparison of cell-tracking algorithms. Nat Methods. 2017;14(12):1141-1152.",10.1038/nmeth.4473,29088188,CTC Scientific Research License,Restricted / Prior Consent Required,Permitted with Attribution,HeLa,Homo sapiens,Cervix,Cervical Adenocarcinoma,Label-free cell boundary deformation & monolayer crowding,dic,10x,0.580 um/px,10 min/frame (84 frames),Label-free Differential Interference Contrast (DIC),Live unperturbed monolayer culture,True,True,True,False,False
BL-IMG-DIC-C2DH-HeLa-020,CTC-DIC-C2DH-HeLa,Cell Tracking Challenge,"Ulman V, Maška M, Magnusson KE, et al. An objective comparison of cell-tracking algorithms. Nat Methods. 2017;14(12):1141-1152.",10.1038/nmeth.4473,29088188,CTC Scientific Research License,Restricted / Prior Consent Required,Permitted with Attribution,HeLa,Homo sapiens,Cervix,Cervical Adenocarcinoma,Label-free cell boundary deformation & monolayer crowding,dic,10x,0.580 um/px,10 min/frame (84 frames),Label-free Differential Interference Contrast (DIC),Live unperturbed monolayer culture,True,True,True,False,False
BL-IMG-DIC-C2DH-HeLa-021,CTC-DIC-C2DH-HeLa,Cell Tracking Challenge,"Ulman V, Maška M, Magnusson KE, et al. An objective comparison of cell-tracking algorithms. Nat Methods. 2017;14(12):1141-1152.",10.1038/nmeth.4473,29088188,CTC Scientific Research License,Restricted / Prior Consent Required,Permitted with Attribution,HeLa,Homo sapiens,Cervix,Cervical Adenocarcinoma,Label-free cell boundary deformation & monolayer crowding,dic,10x,0.580 um/px,10 min/frame (84 frames),Label-free Differential Interference Contrast (DIC),Live unperturbed monolayer culture,True,True,True,False,False
BL-IMG-DIC-C2DH-HeLa-022,CTC-DIC-C2DH-HeLa,Cell Tracking Challenge,"Ulman V, Maška M, Magnusson KE, et al. An objective comparison of cell-tracking algorithms. Nat Methods. 2017;14(12):1141-1152.",10.1038/nmeth.4473,29088188,CTC Scientific Research License,Restricted / Prior Consent Required,Permitted with Attribution,HeLa,Homo sapiens,Cervix,Cervical Adenocarcinoma,Label-free cell boundary deformation & monolayer crowding,dic,10x,0.580 um/px,10 min/frame (84 frames),Label-free Differential Interference Contrast (DIC),Live unperturbed monolayer culture,True,True,True,False,False
BL-IMG-DIC-C2DH-HeLa-023,CTC-DIC-C2DH-HeLa,Cell Tracking Challenge,"Ulman V, Maška M, Magnusson KE, et al. An objective comparison of cell-tracking algorithms. Nat Methods. 2017;14(12):1141-1152.",10.1038/nmeth.4473,29088188,CTC Scientific Research License,Restricted / Prior Consent Required,Permitted with Attribution,HeLa,Homo sapiens,Cervix,Cervical Adenocarcinoma,Label-free cell boundary deformation & monolayer crowding,dic,10x,0.580 um/px,10 min/frame (84 frames),Label-free Differential Interference Contrast (DIC),Live unperturbed monolayer culture,True,True,True,False,False
BL-IMG-DIC-C2DH-HeLa-024,CTC-DIC-C2DH-HeLa,Cell Tracking Challenge,"Ulman V, Maška M, Magnusson KE, et al. An objective comparison of cell-tracking algorithms. Nat Methods. 2017;14(12):1141-1152.",10.1038/nmeth.4473,29088188,CTC Scientific Research License,Restricted / Prior Consent Required,Permitted with Attribution,HeLa,Homo sapiens,Cervix,Cervical Adenocarcinoma,Label-free cell boundary deformation & monolayer crowding,dic,10x,0.580 um/px,10 min/frame (84 frames),Label-free Differential Interference Contrast (DIC),Live unperturbed monolayer culture,True,True,True,False,False
BL-IMG-DIC-C2DH-HeLa-025,CTC-DIC-C2DH-HeLa,Cell Tracking Challenge,"Ulman V, Maška M, Magnusson KE, et al. An objective comparison of cell-tracking algorithms. Nat Methods. 2017;14(12):1141-1152.",10.1038/nmeth.4473,29088188,CTC Scientific Research License,Restricted / Prior Consent Required,Permitted with Attribution,HeLa,Homo sapiens,Cervix,Cervical Adenocarcinoma,Label-free cell boundary deformation & monolayer crowding,dic,10x,0.580 um/px,10 min/frame (84 frames),Label-free Differential Interference Contrast (DIC),Live unperturbed monolayer culture,True,True,True,False,False
BL-IMG-DIC-C2DH-HeLa-026,CTC-DIC-C2DH-HeLa,Cell Tracking Challenge,"Ulman V, Maška M, Magnusson KE, et al. An objective comparison of cell-tracking algorithms. Nat Methods. 2017;14(12):1141-1152.",10.1038/nmeth.4473,29088188,CTC Scientific Research License,Restricted / Prior Consent Required,Permitted with Attribution,HeLa,Homo sapiens,Cervix,Cervical Adenocarcinoma,Label-free cell boundary deformation & monolayer crowding,dic,10x,0.580 um/px,10 min/frame (84 frames),Label-free Differential Interference Contrast (DIC),Live unperturbed monolayer culture,True,True,True,False,False
BL-IMG-DIC-C2DH-HeLa-027,CTC-DIC-C2DH-HeLa,Cell Tracking Challenge,"Ulman V, Maška M, Magnusson KE, et al. An objective comparison of cell-tracking algorithms. Nat Methods. 2017;14(12):1141-1152.",10.1038/nmeth.4473,29088188,CTC Scientific Research License,Restricted / Prior Consent Required,Permitted with Attribution,HeLa,Homo sapiens,Cervix,Cervical Adenocarcinoma,Label-free cell boundary deformation & monolayer crowding,dic,10x,0.580 um/px,10 min/frame (84 frames),Label-free Differential Interference Contrast (DIC),Live unperturbed monolayer culture,True,True,True,False,False
BL-IMG-DIC-C2DH-HeLa-028,CTC-DIC-C2DH-HeLa,Cell Tracking Challenge,"Ulman V, Maška M, Magnusson KE, et al. An objective comparison of cell-tracking algorithms. Nat Methods. 2017;14(12):1141-1152.",10.1038/nmeth.4473,29088188,CTC Scientific Research License,Restricted / Prior Consent Required,Permitted with Attribution,HeLa,Homo sapiens,Cervix,Cervical Adenocarcinoma,Label-free cell boundary deformation & monolayer crowding,dic,10x,0.580 um/px,10 min/frame (84 frames),Label-free Differential Interference Contrast (DIC),Live unperturbed monolayer culture,True,True,True,False,False
BL-IMG-DIC-C2DH-HeLa-029,CTC-DIC-C2DH-HeLa,Cell Tracking Challenge,"Ulman V, Maška M, Magnusson KE, et al. An objective comparison of cell-tracking algorithms. Nat Methods. 2017;14(12):1141-1152.",10.1038/nmeth.4473,29088188,CTC Scientific Research License,Restricted / Prior Consent Required,Permitted with Attribution,HeLa,Homo sapiens,Cervix,Cervical Adenocarcinoma,Label-free cell boundary deformation & monolayer crowding,dic,10x,0.580 um/px,10 min/frame (84 frames),Label-free Differential Interference Contrast (DIC),Live unperturbed monolayer culture,True,True,True,False,False
BL-IMG-DIC-C2DH-HeLa-030,CTC-DIC-C2DH-HeLa,Cell Tracking Challenge,"Ulman V, Maška M, Magnusson KE, et al. An objective comparison of cell-tracking algorithms. Nat Methods. 2017;14(12):1141-1152.",10.1038/nmeth.4473,29088188,CTC Scientific Research License,Restricted / Prior Consent Required,Permitted with Attribution,HeLa,Homo sapiens,Cervix,Cervical Adenocarcinoma,Label-free cell boundary deformation & monolayer crowding,dic,10x,0.580 um/px,10 min/frame (84 frames),Label-free Differential Interference Contrast (DIC),Live unperturbed monolayer culture,True,True,True,False,False
BL-IMG-Fluo-N2DH-GOWT1-001,CTC-Fluo-N2DH-GOWT1,Cell Tracking Challenge,"Schöler HR et al., Cell Tracking Challenge; Maška M et al. Bioinformatics. 2014.",10.1093/bioinformatics/btu080,24526711,CTC Scientific Research License,Restricted / Prior Consent Required,Permitted with Attribution,GOWT1,Mus musculus,Embryonic Inner Cell Mass,None / Pluripotent Stem Cells,Rapid embryonic stem cell cycle kinetics & nuclear rotation,fluorescence,20x,0.240 um/px,5 min/frame (92 frames),Oct4-GFP (Pluripotency transcription factor reporter),LIF-supplemented live environmental chamber,True,True,True,False,False
BL-IMG-Fluo-N2DH-GOWT1-002,CTC-Fluo-N2DH-GOWT1,Cell Tracking Challenge,"Schöler HR et al., Cell Tracking Challenge; Maška M et al. Bioinformatics. 2014.",10.1093/bioinformatics/btu080,24526711,CTC Scientific Research License,Restricted / Prior Consent Required,Permitted with Attribution,GOWT1,Mus musculus,Embryonic Inner Cell Mass,None / Pluripotent Stem Cells,Rapid embryonic stem cell cycle kinetics & nuclear rotation,fluorescence,20x,0.240 um/px,5 min/frame (92 frames),Oct4-GFP (Pluripotency transcription factor reporter),LIF-supplemented live environmental chamber,True,True,True,False,False
BL-IMG-Fluo-N2DH-GOWT1-003,CTC-Fluo-N2DH-GOWT1,Cell Tracking Challenge,"Schöler HR et al., Cell Tracking Challenge; Maška M et al. Bioinformatics. 2014.",10.1093/bioinformatics/btu080,24526711,CTC Scientific Research License,Restricted / Prior Consent Required,Permitted with Attribution,GOWT1,Mus musculus,Embryonic Inner Cell Mass,None / Pluripotent Stem Cells,Rapid embryonic stem cell cycle kinetics & nuclear rotation,fluorescence,20x,0.240 um/px,5 min/frame (92 frames),Oct4-GFP (Pluripotency transcription factor reporter),LIF-supplemented live environmental chamber,True,True,True,False,False
BL-IMG-Fluo-N2DH-GOWT1-004,CTC-Fluo-N2DH-GOWT1,Cell Tracking Challenge,"Schöler HR et al., Cell Tracking Challenge; Maška M et al. Bioinformatics. 2014.",10.1093/bioinformatics/btu080,24526711,CTC Scientific Research License,Restricted / Prior Consent Required,Permitted with Attribution,GOWT1,Mus musculus,Embryonic Inner Cell Mass,None / Pluripotent Stem Cells,Rapid embryonic stem cell cycle kinetics & nuclear rotation,fluorescence,20x,0.240 um/px,5 min/frame (92 frames),Oct4-GFP (Pluripotency transcription factor reporter),LIF-supplemented live environmental chamber,True,True,True,False,False
BL-IMG-Fluo-N2DH-GOWT1-005,CTC-Fluo-N2DH-GOWT1,Cell Tracking Challenge,"Schöler HR et al., Cell Tracking Challenge; Maška M et al. Bioinformatics. 2014.",10.1093/bioinformatics/btu080,24526711,CTC Scientific Research License,Restricted / Prior Consent Required,Permitted with Attribution,GOWT1,Mus musculus,Embryonic Inner Cell Mass,None / Pluripotent Stem Cells,Rapid embryonic stem cell cycle kinetics & nuclear rotation,fluorescence,20x,0.240 um/px,5 min/frame (92 frames),Oct4-GFP (Pluripotency transcription factor reporter),LIF-supplemented live environmental chamber,True,True,True,False,False
BL-IMG-Fluo-N2DH-GOWT1-006,CTC-Fluo-N2DH-GOWT1,Cell Tracking Challenge,"Schöler HR et al., Cell Tracking Challenge; Maška M et al. Bioinformatics. 2014.",10.1093/bioinformatics/btu080,24526711,CTC Scientific Research License,Restricted / Prior Consent Required,Permitted with Attribution,GOWT1,Mus musculus,Embryonic Inner Cell Mass,None / Pluripotent Stem Cells,Rapid embryonic stem cell cycle kinetics & nuclear rotation,fluorescence,20x,0.240 um/px,5 min/frame (92 frames),Oct4-GFP (Pluripotency transcription factor reporter),LIF-supplemented live environmental chamber,True,True,True,False,False
BL-IMG-Fluo-N2DH-GOWT1-007,CTC-Fluo-N2DH-GOWT1,Cell Tracking Challenge,"Schöler HR et al., Cell Tracking Challenge; Maška M et al. Bioinformatics. 2014.",10.1093/bioinformatics/btu080,24526711,CTC Scientific Research License,Restricted / Prior Consent Required,Permitted with Attribution,GOWT1,Mus musculus,Embryonic Inner Cell Mass,None / Pluripotent Stem Cells,Rapid embryonic stem cell cycle kinetics & nuclear rotation,fluorescence,20x,0.240 um/px,5 min/frame (92 frames),Oct4-GFP (Pluripotency transcription factor reporter),LIF-supplemented live environmental chamber,True,True,True,False,False
BL-IMG-Fluo-N2DH-GOWT1-008,CTC-Fluo-N2DH-GOWT1,Cell Tracking Challenge,"Schöler HR et al., Cell Tracking Challenge; Maška M et al. Bioinformatics. 2014.",10.1093/bioinformatics/btu080,24526711,CTC Scientific Research License,Restricted / Prior Consent Required,Permitted with Attribution,GOWT1,Mus musculus,Embryonic Inner Cell Mass,None / Pluripotent Stem Cells,Rapid embryonic stem cell cycle kinetics & nuclear rotation,fluorescence,20x,0.240 um/px,5 min/frame (92 frames),Oct4-GFP (Pluripotency transcription factor reporter),LIF-supplemented live environmental chamber,True,True,True,False,False
BL-IMG-Fluo-N2DH-GOWT1-009,CTC-Fluo-N2DH-GOWT1,Cell Tracking Challenge,"Schöler HR et al., Cell Tracking Challenge; Maška M et al. Bioinformatics. 2014.",10.1093/bioinformatics/btu080,24526711,CTC Scientific Research License,Restricted / Prior Consent Required,Permitted with Attribution,GOWT1,Mus musculus,Embryonic Inner Cell Mass,None / Pluripotent Stem Cells,Rapid embryonic stem cell cycle kinetics & nuclear rotation,fluorescence,20x,0.240 um/px,5 min/frame (92 frames),Oct4-GFP (Pluripotency transcription factor reporter),LIF-supplemented live environmental chamber,True,True,True,False,False
BL-IMG-Fluo-N2DH-GOWT1-010,CTC-Fluo-N2DH-GOWT1,Cell Tracking Challenge,"Schöler HR et al., Cell Tracking Challenge; Maška M et al. Bioinformatics. 2014.",10.1093/bioinformatics/btu080,24526711,CTC Scientific Research License,Restricted / Prior Consent Required,Permitted with Attribution,GOWT1,Mus musculus,Embryonic Inner Cell Mass,None / Pluripotent Stem Cells,Rapid embryonic stem cell cycle kinetics & nuclear rotation,fluorescence,20x,0.240 um/px,5 min/frame (92 frames),Oct4-GFP (Pluripotency transcription factor reporter),LIF-supplemented live environmental chamber,True,True,True,False,False
BL-IMG-Fluo-N2DH-GOWT1-011,CTC-Fluo-N2DH-GOWT1,Cell Tracking Challenge,"Schöler HR et al., Cell Tracking Challenge; Maška M et al. Bioinformatics. 2014.",10.1093/bioinformatics/btu080,24526711,CTC Scientific Research License,Restricted / Prior Consent Required,Permitted with Attribution,GOWT1,Mus musculus,Embryonic Inner Cell Mass,None / Pluripotent Stem Cells,Rapid embryonic stem cell cycle kinetics & nuclear rotation,fluorescence,20x,0.240 um/px,5 min/frame (92 frames),Oct4-GFP (Pluripotency transcription factor reporter),LIF-supplemented live environmental chamber,True,True,True,False,False
BL-IMG-Fluo-N2DH-GOWT1-012,CTC-Fluo-N2DH-GOWT1,Cell Tracking Challenge,"Schöler HR et al., Cell Tracking Challenge; Maška M et al. Bioinformatics. 2014.",10.1093/bioinformatics/btu080,24526711,CTC Scientific Research License,Restricted / Prior Consent Required,Permitted with Attribution,GOWT1,Mus musculus,Embryonic Inner Cell Mass,None / Pluripotent Stem Cells,Rapid embryonic stem cell cycle kinetics & nuclear rotation,fluorescence,20x,0.240 um/px,5 min/frame (92 frames),Oct4-GFP (Pluripotency transcription factor reporter),LIF-supplemented live environmental chamber,True,True,True,False,False
BL-IMG-Fluo-N2DH-GOWT1-013,CTC-Fluo-N2DH-GOWT1,Cell Tracking Challenge,"Schöler HR et al., Cell Tracking Challenge; Maška M et al. Bioinformatics. 2014.",10.1093/bioinformatics/btu080,24526711,CTC Scientific Research License,Restricted / Prior Consent Required,Permitted with Attribution,GOWT1,Mus musculus,Embryonic Inner Cell Mass,None / Pluripotent Stem Cells,Rapid embryonic stem cell cycle kinetics & nuclear rotation,fluorescence,20x,0.240 um/px,5 min/frame (92 frames),Oct4-GFP (Pluripotency transcription factor reporter),LIF-supplemented live environmental chamber,True,True,True,False,False
BL-IMG-Fluo-N2DH-GOWT1-014,CTC-Fluo-N2DH-GOWT1,Cell Tracking Challenge,"Schöler HR et al., Cell Tracking Challenge; Maška M et al. Bioinformatics. 2014.",10.1093/bioinformatics/btu080,24526711,CTC Scientific Research License,Restricted / Prior Consent Required,Permitted with Attribution,GOWT1,Mus musculus,Embryonic Inner Cell Mass,None / Pluripotent Stem Cells,Rapid embryonic stem cell cycle kinetics & nuclear rotation,fluorescence,20x,0.240 um/px,5 min/frame (92 frames),Oct4-GFP (Pluripotency transcription factor reporter),LIF-supplemented live environmental chamber,True,True,True,False,False
BL-IMG-Fluo-N2DH-GOWT1-015,CTC-Fluo-N2DH-GOWT1,Cell Tracking Challenge,"Schöler HR et al., Cell Tracking Challenge; Maška M et al. Bioinformatics. 2014.",10.1093/bioinformatics/btu080,24526711,CTC Scientific Research License,Restricted / Prior Consent Required,Permitted with Attribution,GOWT1,Mus musculus,Embryonic Inner Cell Mass,None / Pluripotent Stem Cells,Rapid embryonic stem cell cycle kinetics & nuclear rotation,fluorescence,20x,0.240 um/px,5 min/frame (92 frames),Oct4-GFP (Pluripotency transcription factor reporter),LIF-supplemented live environmental chamber,True,True,True,False,False
BL-IMG-Fluo-N2DH-GOWT1-016,CTC-Fluo-N2DH-GOWT1,Cell Tracking Challenge,"Schöler HR et al., Cell Tracking Challenge; Maška M et al. Bioinformatics. 2014.",10.1093/bioinformatics/btu080,24526711,CTC Scientific Research License,Restricted / Prior Consent Required,Permitted with Attribution,GOWT1,Mus musculus,Embryonic Inner Cell Mass,None / Pluripotent Stem Cells,Rapid embryonic stem cell cycle kinetics & nuclear rotation,fluorescence,20x,0.240 um/px,5 min/frame (92 frames),Oct4-GFP (Pluripotency transcription factor reporter),LIF-supplemented live environmental chamber,True,True,True,False,False
BL-IMG-Fluo-N2DH-GOWT1-017,CTC-Fluo-N2DH-GOWT1,Cell Tracking Challenge,"Schöler HR et al., Cell Tracking Challenge; Maška M et al. Bioinformatics. 2014.",10.1093/bioinformatics/btu080,24526711,CTC Scientific Research License,Restricted / Prior Consent Required,Permitted with Attribution,GOWT1,Mus musculus,Embryonic Inner Cell Mass,None / Pluripotent Stem Cells,Rapid embryonic stem cell cycle kinetics & nuclear rotation,fluorescence,20x,0.240 um/px,5 min/frame (92 frames),Oct4-GFP (Pluripotency transcription factor reporter),LIF-supplemented live environmental chamber,True,True,True,False,False
BL-IMG-Fluo-N2DH-GOWT1-018,CTC-Fluo-N2DH-GOWT1,Cell Tracking Challenge,"Schöler HR et al., Cell Tracking Challenge; Maška M et al. Bioinformatics. 2014.",10.1093/bioinformatics/btu080,24526711,CTC Scientific Research License,Restricted / Prior Consent Required,Permitted with Attribution,GOWT1,Mus musculus,Embryonic Inner Cell Mass,None / Pluripotent Stem Cells,Rapid embryonic stem cell cycle kinetics & nuclear rotation,fluorescence,20x,0.240 um/px,5 min/frame (92 frames),Oct4-GFP (Pluripotency transcription factor reporter),LIF-supplemented live environmental chamber,True,True,True,False,False
BL-IMG-Fluo-N2DH-GOWT1-019,CTC-Fluo-N2DH-GOWT1,Cell Tracking Challenge,"Schöler HR et al., Cell Tracking Challenge; Maška M et al. Bioinformatics. 2014.",10.1093/bioinformatics/btu080,24526711,CTC Scientific Research License,Restricted / Prior Consent Required,Permitted with Attribution,GOWT1,Mus musculus,Embryonic Inner Cell Mass,None / Pluripotent Stem Cells,Rapid embryonic stem cell cycle kinetics & nuclear rotation,fluorescence,20x,0.240 um/px,5 min/frame (92 frames),Oct4-GFP (Pluripotency transcription factor reporter),LIF-supplemented live environmental chamber,True,True,True,False,False
BL-IMG-Fluo-N2DH-GOWT1-020,CTC-Fluo-N2DH-GOWT1,Cell Tracking Challenge,"Schöler HR et al., Cell Tracking Challenge; Maška M et al. Bioinformatics. 2014.",10.1093/bioinformatics/btu080,24526711,CTC Scientific Research License,Restricted / Prior Consent Required,Permitted with Attribution,GOWT1,Mus musculus,Embryonic Inner Cell Mass,None / Pluripotent Stem Cells,Rapid embryonic stem cell cycle kinetics & nuclear rotation,fluorescence,20x,0.240 um/px,5 min/frame (92 frames),Oct4-GFP (Pluripotency transcription factor reporter),LIF-supplemented live environmental chamber,True,True,True,False,False
BL-IMG-Fluo-N2DH-GOWT1-021,CTC-Fluo-N2DH-GOWT1,Cell Tracking Challenge,"Schöler HR et al., Cell Tracking Challenge; Maška M et al. Bioinformatics. 2014.",10.1093/bioinformatics/btu080,24526711,CTC Scientific Research License,Restricted / Prior Consent Required,Permitted with Attribution,GOWT1,Mus musculus,Embryonic Inner Cell Mass,None / Pluripotent Stem Cells,Rapid embryonic stem cell cycle kinetics & nuclear rotation,fluorescence,20x,0.240 um/px,5 min/frame (92 frames),Oct4-GFP (Pluripotency transcription factor reporter),LIF-supplemented live environmental chamber,True,True,True,False,False
BL-IMG-Fluo-N2DH-GOWT1-022,CTC-Fluo-N2DH-GOWT1,Cell Tracking Challenge,"Schöler HR et al., Cell Tracking Challenge; Maška M et al. Bioinformatics. 2014.",10.1093/bioinformatics/btu080,24526711,CTC Scientific Research License,Restricted / Prior Consent Required,Permitted with Attribution,GOWT1,Mus musculus,Embryonic Inner Cell Mass,None / Pluripotent Stem Cells,Rapid embryonic stem cell cycle kinetics & nuclear rotation,fluorescence,20x,0.240 um/px,5 min/frame (92 frames),Oct4-GFP (Pluripotency transcription factor reporter),LIF-supplemented live environmental chamber,True,True,True,False,False
BL-IMG-Fluo-N2DH-GOWT1-023,CTC-Fluo-N2DH-GOWT1,Cell Tracking Challenge,"Schöler HR et al., Cell Tracking Challenge; Maška M et al. Bioinformatics. 2014.",10.1093/bioinformatics/btu080,24526711,CTC Scientific Research License,Restricted / Prior Consent Required,Permitted with Attribution,GOWT1,Mus musculus,Embryonic Inner Cell Mass,None / Pluripotent Stem Cells,Rapid embryonic stem cell cycle kinetics & nuclear rotation,fluorescence,20x,0.240 um/px,5 min/frame (92 frames),Oct4-GFP (Pluripotency transcription factor reporter),LIF-supplemented live environmental chamber,True,True,True,False,False
BL-IMG-Fluo-N2DH-GOWT1-024,CTC-Fluo-N2DH-GOWT1,Cell Tracking Challenge,"Schöler HR et al., Cell Tracking Challenge; Maška M et al. Bioinformatics. 2014.",10.1093/bioinformatics/btu080,24526711,CTC Scientific Research License,Restricted / Prior Consent Required,Permitted with Attribution,GOWT1,Mus musculus,Embryonic Inner Cell Mass,None / Pluripotent Stem Cells,Rapid embryonic stem cell cycle kinetics & nuclear rotation,fluorescence,20x,0.240 um/px,5 min/frame (92 frames),Oct4-GFP (Pluripotency transcription factor reporter),LIF-supplemented live environmental chamber,True,True,True,False,False
BL-IMG-Fluo-N2DH-GOWT1-025,CTC-Fluo-N2DH-GOWT1,Cell Tracking Challenge,"Schöler HR et al., Cell Tracking Challenge; Maška M et al. Bioinformatics. 2014.",10.1093/bioinformatics/btu080,24526711,CTC Scientific Research License,Restricted / Prior Consent Required,Permitted with Attribution,GOWT1,Mus musculus,Embryonic Inner Cell Mass,None / Pluripotent Stem Cells,Rapid embryonic stem cell cycle kinetics & nuclear rotation,fluorescence,20x,0.240 um/px,5 min/frame (92 frames),Oct4-GFP (Pluripotency transcription factor reporter),LIF-supplemented live environmental chamber,True,True,True,False,False
BL-IMG-Fluo-N2DH-GOWT1-026,CTC-Fluo-N2DH-GOWT1,Cell Tracking Challenge,"Schöler HR et al., Cell Tracking Challenge; Maška M et al. Bioinformatics. 2014.",10.1093/bioinformatics/btu080,24526711,CTC Scientific Research License,Restricted / Prior Consent Required,Permitted with Attribution,GOWT1,Mus musculus,Embryonic Inner Cell Mass,None / Pluripotent Stem Cells,Rapid embryonic stem cell cycle kinetics & nuclear rotation,fluorescence,20x,0.240 um/px,5 min/frame (92 frames),Oct4-GFP (Pluripotency transcription factor reporter),LIF-supplemented live environmental chamber,True,True,True,False,False
BL-IMG-Fluo-N2DH-GOWT1-027,CTC-Fluo-N2DH-GOWT1,Cell Tracking Challenge,"Schöler HR et al., Cell Tracking Challenge; Maška M et al. Bioinformatics. 2014.",10.1093/bioinformatics/btu080,24526711,CTC Scientific Research License,Restricted / Prior Consent Required,Permitted with Attribution,GOWT1,Mus musculus,Embryonic Inner Cell Mass,None / Pluripotent Stem Cells,Rapid embryonic stem cell cycle kinetics & nuclear rotation,fluorescence,20x,0.240 um/px,5 min/frame (92 frames),Oct4-GFP (Pluripotency transcription factor reporter),LIF-supplemented live environmental chamber,True,True,True,False,False
BL-IMG-Fluo-N2DH-GOWT1-028,CTC-Fluo-N2DH-GOWT1,Cell Tracking Challenge,"Schöler HR et al., Cell Tracking Challenge; Maška M et al. Bioinformatics. 2014.",10.1093/bioinformatics/btu080,24526711,CTC Scientific Research License,Restricted / Prior Consent Required,Permitted with Attribution,GOWT1,Mus musculus,Embryonic Inner Cell Mass,None / Pluripotent Stem Cells,Rapid embryonic stem cell cycle kinetics & nuclear rotation,fluorescence,20x,0.240 um/px,5 min/frame (92 frames),Oct4-GFP (Pluripotency transcription factor reporter),LIF-supplemented live environmental chamber,True,True,True,False,False
BL-IMG-Fluo-N2DH-GOWT1-029,CTC-Fluo-N2DH-GOWT1,Cell Tracking Challenge,"Schöler HR et al., Cell Tracking Challenge; Maška M et al. Bioinformatics. 2014.",10.1093/bioinformatics/btu080,24526711,CTC Scientific Research License,Restricted / Prior Consent Required,Permitted with Attribution,GOWT1,Mus musculus,Embryonic Inner Cell Mass,None / Pluripotent Stem Cells,Rapid embryonic stem cell cycle kinetics & nuclear rotation,fluorescence,20x,0.240 um/px,5 min/frame (92 frames),Oct4-GFP (Pluripotency transcription factor reporter),LIF-supplemented live environmental chamber,True,True,True,False,False
BL-IMG-Fluo-N2DH-GOWT1-030,CTC-Fluo-N2DH-GOWT1,Cell Tracking Challenge,"Schöler HR et al., Cell Tracking Challenge; Maška M et al. Bioinformatics. 2014.",10.1093/bioinformatics/btu080,24526711,CTC Scientific Research License,Restricted / Prior Consent Required,Permitted with Attribution,GOWT1,Mus musculus,Embryonic Inner Cell Mass,None / Pluripotent Stem Cells,Rapid embryonic stem cell cycle kinetics & nuclear rotation,fluorescence,20x,0.240 um/px,5 min/frame (92 frames),Oct4-GFP (Pluripotency transcription factor reporter),LIF-supplemented live environmental chamber,True,True,True,False,False
BL-IMG-Fluo-C2DL-Huh7-001,CTC-Fluo-C2DL-Huh7,Cell Tracking Challenge,"Ulman V, Maška M, Magnusson KE, et al. An objective comparison of cell-tracking algorithms. Nat Methods. 2017.",10.1038/nmeth.4473,29088188,CTC Scientific Research License,Restricted / Prior Consent Required,Permitted with Attribution,Huh7,Homo sapiens,Liver,Hepatocellular Carcinoma,Cohesive cell sheet displacement & cluster movement,fluorescence,10x,0.850 um/px,15 min/frame (60 frames),Cytoplasmic fluorophore tracker,Monolayer gap displacement assay,True,True,True,False,False
BL-IMG-Fluo-C2DL-Huh7-002,CTC-Fluo-C2DL-Huh7,Cell Tracking Challenge,"Ulman V, Maška M, Magnusson KE, et al. An objective comparison of cell-tracking algorithms. Nat Methods. 2017.",10.1038/nmeth.4473,29088188,CTC Scientific Research License,Restricted / Prior Consent Required,Permitted with Attribution,Huh7,Homo sapiens,Liver,Hepatocellular Carcinoma,Cohesive cell sheet displacement & cluster movement,fluorescence,10x,0.850 um/px,15 min/frame (60 frames),Cytoplasmic fluorophore tracker,Monolayer gap displacement assay,True,True,True,False,False
BL-IMG-Fluo-C2DL-Huh7-003,CTC-Fluo-C2DL-Huh7,Cell Tracking Challenge,"Ulman V, Maška M, Magnusson KE, et al. An objective comparison of cell-tracking algorithms. Nat Methods. 2017.",10.1038/nmeth.4473,29088188,CTC Scientific Research License,Restricted / Prior Consent Required,Permitted with Attribution,Huh7,Homo sapiens,Liver,Hepatocellular Carcinoma,Cohesive cell sheet displacement & cluster movement,fluorescence,10x,0.850 um/px,15 min/frame (60 frames),Cytoplasmic fluorophore tracker,Monolayer gap displacement assay,True,True,True,False,False
BL-IMG-Fluo-C2DL-Huh7-004,CTC-Fluo-C2DL-Huh7,Cell Tracking Challenge,"Ulman V, Maška M, Magnusson KE, et al. An objective comparison of cell-tracking algorithms. Nat Methods. 2017.",10.1038/nmeth.4473,29088188,CTC Scientific Research License,Restricted / Prior Consent Required,Permitted with Attribution,Huh7,Homo sapiens,Liver,Hepatocellular Carcinoma,Cohesive cell sheet displacement & cluster movement,fluorescence,10x,0.850 um/px,15 min/frame (60 frames),Cytoplasmic fluorophore tracker,Monolayer gap displacement assay,True,True,True,False,False
BL-IMG-Fluo-C2DL-Huh7-005,CTC-Fluo-C2DL-Huh7,Cell Tracking Challenge,"Ulman V, Maška M, Magnusson KE, et al. An objective comparison of cell-tracking algorithms. Nat Methods. 2017.",10.1038/nmeth.4473,29088188,CTC Scientific Research License,Restricted / Prior Consent Required,Permitted with Attribution,Huh7,Homo sapiens,Liver,Hepatocellular Carcinoma,Cohesive cell sheet displacement & cluster movement,fluorescence,10x,0.850 um/px,15 min/frame (60 frames),Cytoplasmic fluorophore tracker,Monolayer gap displacement assay,True,True,True,False,False
BL-IMG-Fluo-C2DL-Huh7-006,CTC-Fluo-C2DL-Huh7,Cell Tracking Challenge,"Ulman V, Maška M, Magnusson KE, et al. An objective comparison of cell-tracking algorithms. Nat Methods. 2017.",10.1038/nmeth.4473,29088188,CTC Scientific Research License,Restricted / Prior Consent Required,Permitted with Attribution,Huh7,Homo sapiens,Liver,Hepatocellular Carcinoma,Cohesive cell sheet displacement & cluster movement,fluorescence,10x,0.850 um/px,15 min/frame (60 frames),Cytoplasmic fluorophore tracker,Monolayer gap displacement assay,True,True,True,False,False
BL-IMG-Fluo-C2DL-Huh7-007,CTC-Fluo-C2DL-Huh7,Cell Tracking Challenge,"Ulman V, Maška M, Magnusson KE, et al. An objective comparison of cell-tracking algorithms. Nat Methods. 2017.",10.1038/nmeth.4473,29088188,CTC Scientific Research License,Restricted / Prior Consent Required,Permitted with Attribution,Huh7,Homo sapiens,Liver,Hepatocellular Carcinoma,Cohesive cell sheet displacement & cluster movement,fluorescence,10x,0.850 um/px,15 min/frame (60 frames),Cytoplasmic fluorophore tracker,Monolayer gap displacement assay,True,True,True,False,False
BL-IMG-Fluo-C2DL-Huh7-008,CTC-Fluo-C2DL-Huh7,Cell Tracking Challenge,"Ulman V, Maška M, Magnusson KE, et al. An objective comparison of cell-tracking algorithms. Nat Methods. 2017.",10.1038/nmeth.4473,29088188,CTC Scientific Research License,Restricted / Prior Consent Required,Permitted with Attribution,Huh7,Homo sapiens,Liver,Hepatocellular Carcinoma,Cohesive cell sheet displacement & cluster movement,fluorescence,10x,0.850 um/px,15 min/frame (60 frames),Cytoplasmic fluorophore tracker,Monolayer gap displacement assay,True,True,True,False,False
BL-IMG-Fluo-C2DL-Huh7-009,CTC-Fluo-C2DL-Huh7,Cell Tracking Challenge,"Ulman V, Maška M, Magnusson KE, et al. An objective comparison of cell-tracking algorithms. Nat Methods. 2017.",10.1038/nmeth.4473,29088188,CTC Scientific Research License,Restricted / Prior Consent Required,Permitted with Attribution,Huh7,Homo sapiens,Liver,Hepatocellular Carcinoma,Cohesive cell sheet displacement & cluster movement,fluorescence,10x,0.850 um/px,15 min/frame (60 frames),Cytoplasmic fluorophore tracker,Monolayer gap displacement assay,True,True,True,False,False
BL-IMG-Fluo-C2DL-Huh7-010,CTC-Fluo-C2DL-Huh7,Cell Tracking Challenge,"Ulman V, Maška M, Magnusson KE, et al. An objective comparison of cell-tracking algorithms. Nat Methods. 2017.",10.1038/nmeth.4473,29088188,CTC Scientific Research License,Restricted / Prior Consent Required,Permitted with Attribution,Huh7,Homo sapiens,Liver,Hepatocellular Carcinoma,Cohesive cell sheet displacement & cluster movement,fluorescence,10x,0.850 um/px,15 min/frame (60 frames),Cytoplasmic fluorophore tracker,Monolayer gap displacement assay,True,True,True,False,False
BL-IMG-Fluo-C2DL-Huh7-011,CTC-Fluo-C2DL-Huh7,Cell Tracking Challenge,"Ulman V, Maška M, Magnusson KE, et al. An objective comparison of cell-tracking algorithms. Nat Methods. 2017.",10.1038/nmeth.4473,29088188,CTC Scientific Research License,Restricted / Prior Consent Required,Permitted with Attribution,Huh7,Homo sapiens,Liver,Hepatocellular Carcinoma,Cohesive cell sheet displacement & cluster movement,fluorescence,10x,0.850 um/px,15 min/frame (60 frames),Cytoplasmic fluorophore tracker,Monolayer gap displacement assay,True,True,True,False,False
BL-IMG-Fluo-C2DL-Huh7-012,CTC-Fluo-C2DL-Huh7,Cell Tracking Challenge,"Ulman V, Maška M, Magnusson KE, et al. An objective comparison of cell-tracking algorithms. Nat Methods. 2017.",10.1038/nmeth.4473,29088188,CTC Scientific Research License,Restricted / Prior Consent Required,Permitted with Attribution,Huh7,Homo sapiens,Liver,Hepatocellular Carcinoma,Cohesive cell sheet displacement & cluster movement,fluorescence,10x,0.850 um/px,15 min/frame (60 frames),Cytoplasmic fluorophore tracker,Monolayer gap displacement assay,True,True,True,False,False
BL-IMG-Fluo-C2DL-Huh7-013,CTC-Fluo-C2DL-Huh7,Cell Tracking Challenge,"Ulman V, Maška M, Magnusson KE, et al. An objective comparison of cell-tracking algorithms. Nat Methods. 2017.",10.1038/nmeth.4473,29088188,CTC Scientific Research License,Restricted / Prior Consent Required,Permitted with Attribution,Huh7,Homo sapiens,Liver,Hepatocellular Carcinoma,Cohesive cell sheet displacement & cluster movement,fluorescence,10x,0.850 um/px,15 min/frame (60 frames),Cytoplasmic fluorophore tracker,Monolayer gap displacement assay,True,True,True,False,False
BL-IMG-Fluo-C2DL-Huh7-014,CTC-Fluo-C2DL-Huh7,Cell Tracking Challenge,"Ulman V, Maška M, Magnusson KE, et al. An objective comparison of cell-tracking algorithms. Nat Methods. 2017.",10.1038/nmeth.4473,29088188,CTC Scientific Research License,Restricted / Prior Consent Required,Permitted with Attribution,Huh7,Homo sapiens,Liver,Hepatocellular Carcinoma,Cohesive cell sheet displacement & cluster movement,fluorescence,10x,0.850 um/px,15 min/frame (60 frames),Cytoplasmic fluorophore tracker,Monolayer gap displacement assay,True,True,True,False,False
BL-IMG-Fluo-C2DL-Huh7-015,CTC-Fluo-C2DL-Huh7,Cell Tracking Challenge,"Ulman V, Maška M, Magnusson KE, et al. An objective comparison of cell-tracking algorithms. Nat Methods. 2017.",10.1038/nmeth.4473,29088188,CTC Scientific Research License,Restricted / Prior Consent Required,Permitted with Attribution,Huh7,Homo sapiens,Liver,Hepatocellular Carcinoma,Cohesive cell sheet displacement & cluster movement,fluorescence,10x,0.850 um/px,15 min/frame (60 frames),Cytoplasmic fluorophore tracker,Monolayer gap displacement assay,True,True,True,False,False
BL-IMG-Fluo-C2DL-Huh7-016,CTC-Fluo-C2DL-Huh7,Cell Tracking Challenge,"Ulman V, Maška M, Magnusson KE, et al. An objective comparison of cell-tracking algorithms. Nat Methods. 2017.",10.1038/nmeth.4473,29088188,CTC Scientific Research License,Restricted / Prior Consent Required,Permitted with Attribution,Huh7,Homo sapiens,Liver,Hepatocellular Carcinoma,Cohesive cell sheet displacement & cluster movement,fluorescence,10x,0.850 um/px,15 min/frame (60 frames),Cytoplasmic fluorophore tracker,Monolayer gap displacement assay,True,True,True,False,False
BL-IMG-Fluo-C2DL-Huh7-017,CTC-Fluo-C2DL-Huh7,Cell Tracking Challenge,"Ulman V, Maška M, Magnusson KE, et al. An objective comparison of cell-tracking algorithms. Nat Methods. 2017.",10.1038/nmeth.4473,29088188,CTC Scientific Research License,Restricted / Prior Consent Required,Permitted with Attribution,Huh7,Homo sapiens,Liver,Hepatocellular Carcinoma,Cohesive cell sheet displacement & cluster movement,fluorescence,10x,0.850 um/px,15 min/frame (60 frames),Cytoplasmic fluorophore tracker,Monolayer gap displacement assay,True,True,True,False,False
BL-IMG-Fluo-C2DL-Huh7-018,CTC-Fluo-C2DL-Huh7,Cell Tracking Challenge,"Ulman V, Maška M, Magnusson KE, et al. An objective comparison of cell-tracking algorithms. Nat Methods. 2017.",10.1038/nmeth.4473,29088188,CTC Scientific Research License,Restricted / Prior Consent Required,Permitted with Attribution,Huh7,Homo sapiens,Liver,Hepatocellular Carcinoma,Cohesive cell sheet displacement & cluster movement,fluorescence,10x,0.850 um/px,15 min/frame (60 frames),Cytoplasmic fluorophore tracker,Monolayer gap displacement assay,True,True,True,False,False
BL-IMG-Fluo-C2DL-Huh7-019,CTC-Fluo-C2DL-Huh7,Cell Tracking Challenge,"Ulman V, Maška M, Magnusson KE, et al. An objective comparison of cell-tracking algorithms. Nat Methods. 2017.",10.1038/nmeth.4473,29088188,CTC Scientific Research License,Restricted / Prior Consent Required,Permitted with Attribution,Huh7,Homo sapiens,Liver,Hepatocellular Carcinoma,Cohesive cell sheet displacement & cluster movement,fluorescence,10x,0.850 um/px,15 min/frame (60 frames),Cytoplasmic fluorophore tracker,Monolayer gap displacement assay,True,True,True,False,False
BL-IMG-Fluo-C2DL-Huh7-020,CTC-Fluo-C2DL-Huh7,Cell Tracking Challenge,"Ulman V, Maška M, Magnusson KE, et al. An objective comparison of cell-tracking algorithms. Nat Methods. 2017.",10.1038/nmeth.4473,29088188,CTC Scientific Research License,Restricted / Prior Consent Required,Permitted with Attribution,Huh7,Homo sapiens,Liver,Hepatocellular Carcinoma,Cohesive cell sheet displacement & cluster movement,fluorescence,10x,0.850 um/px,15 min/frame (60 frames),Cytoplasmic fluorophore tracker,Monolayer gap displacement assay,True,True,True,False,False
BL-IMG-Fluo-C2DL-Huh7-021,CTC-Fluo-C2DL-Huh7,Cell Tracking Challenge,"Ulman V, Maška M, Magnusson KE, et al. An objective comparison of cell-tracking algorithms. Nat Methods. 2017.",10.1038/nmeth.4473,29088188,CTC Scientific Research License,Restricted / Prior Consent Required,Permitted with Attribution,Huh7,Homo sapiens,Liver,Hepatocellular Carcinoma,Cohesive cell sheet displacement & cluster movement,fluorescence,10x,0.850 um/px,15 min/frame (60 frames),Cytoplasmic fluorophore tracker,Monolayer gap displacement assay,True,True,True,False,False
BL-IMG-Fluo-C2DL-Huh7-022,CTC-Fluo-C2DL-Huh7,Cell Tracking Challenge,"Ulman V, Maška M, Magnusson KE, et al. An objective comparison of cell-tracking algorithms. Nat Methods. 2017.",10.1038/nmeth.4473,29088188,CTC Scientific Research License,Restricted / Prior Consent Required,Permitted with Attribution,Huh7,Homo sapiens,Liver,Hepatocellular Carcinoma,Cohesive cell sheet displacement & cluster movement,fluorescence,10x,0.850 um/px,15 min/frame (60 frames),Cytoplasmic fluorophore tracker,Monolayer gap displacement assay,True,True,True,False,False
BL-IMG-Fluo-C2DL-Huh7-023,CTC-Fluo-C2DL-Huh7,Cell Tracking Challenge,"Ulman V, Maška M, Magnusson KE, et al. An objective comparison of cell-tracking algorithms. Nat Methods. 2017.",10.1038/nmeth.4473,29088188,CTC Scientific Research License,Restricted / Prior Consent Required,Permitted with Attribution,Huh7,Homo sapiens,Liver,Hepatocellular Carcinoma,Cohesive cell sheet displacement & cluster movement,fluorescence,10x,0.850 um/px,15 min/frame (60 frames),Cytoplasmic fluorophore tracker,Monolayer gap displacement assay,True,True,True,False,False
BL-IMG-Fluo-C2DL-Huh7-024,CTC-Fluo-C2DL-Huh7,Cell Tracking Challenge,"Ulman V, Maška M, Magnusson KE, et al. An objective comparison of cell-tracking algorithms. Nat Methods. 2017.",10.1038/nmeth.4473,29088188,CTC Scientific Research License,Restricted / Prior Consent Required,Permitted with Attribution,Huh7,Homo sapiens,Liver,Hepatocellular Carcinoma,Cohesive cell sheet displacement & cluster movement,fluorescence,10x,0.850 um/px,15 min/frame (60 frames),Cytoplasmic fluorophore tracker,Monolayer gap displacement assay,True,True,True,False,False
BL-IMG-Fluo-C2DL-Huh7-025,CTC-Fluo-C2DL-Huh7,Cell Tracking Challenge,"Ulman V, Maška M, Magnusson KE, et al. An objective comparison of cell-tracking algorithms. Nat Methods. 2017.",10.1038/nmeth.4473,29088188,CTC Scientific Research License,Restricted / Prior Consent Required,Permitted with Attribution,Huh7,Homo sapiens,Liver,Hepatocellular Carcinoma,Cohesive cell sheet displacement & cluster movement,fluorescence,10x,0.850 um/px,15 min/frame (60 frames),Cytoplasmic fluorophore tracker,Monolayer gap displacement assay,True,True,True,False,False
BL-IMG-MDA-MB-231-001,CTC-MDA-MB-231,Cell Tracking Challenge / BioImage Archive,"Simpson KJ, Selfors LM, Bui J, et al. Identification of genes that regulate epithelial cell migration using an siRNA screening approach. Nat Cell Biol. 2008;10(9):1027-1038.",10.1038/ncb1762,18719632,CC-BY 4.0 International,Permitted,Permitted with Attribution,MDA-MB-231,Homo sapiens,Mammary Gland,Triple-Negative Breast Carcinoma (TNBC),Amoeboid/mesenchymal invasion & directional chemotaxis,phase_contrast,20x,0.645 um/px,10 min/frame (48 frames),Phase Contrast + Hoechst Live,Ibidi chemotactic gradient chamber (+100 ng/mL CXCL12 vs vehicle),True,True,True,False,False
BL-IMG-MDA-MB-231-002,CTC-MDA-MB-231,Cell Tracking Challenge / BioImage Archive,"Simpson KJ, Selfors LM, Bui J, et al. Identification of genes that regulate epithelial cell migration using an siRNA screening approach. Nat Cell Biol. 2008;10(9):1027-1038.",10.1038/ncb1762,18719632,CC-BY 4.0 International,Permitted,Permitted with Attribution,MDA-MB-231,Homo sapiens,Mammary Gland,Triple-Negative Breast Carcinoma (TNBC),Amoeboid/mesenchymal invasion & directional chemotaxis,phase_contrast,20x,0.645 um/px,10 min/frame (48 frames),Phase Contrast + Hoechst Live,Ibidi chemotactic gradient chamber (+100 ng/mL CXCL12 vs vehicle),True,True,True,False,False
BL-IMG-MDA-MB-231-003,CTC-MDA-MB-231,Cell Tracking Challenge / BioImage Archive,"Simpson KJ, Selfors LM, Bui J, et al. Identification of genes that regulate epithelial cell migration using an siRNA screening approach. Nat Cell Biol. 2008;10(9):1027-1038.",10.1038/ncb1762,18719632,CC-BY 4.0 International,Permitted,Permitted with Attribution,MDA-MB-231,Homo sapiens,Mammary Gland,Triple-Negative Breast Carcinoma (TNBC),Amoeboid/mesenchymal invasion & directional chemotaxis,phase_contrast,20x,0.645 um/px,10 min/frame (48 frames),Phase Contrast + Hoechst Live,Ibidi chemotactic gradient chamber (+100 ng/mL CXCL12 vs vehicle),True,True,True,False,False
BL-IMG-MDA-MB-231-004,CTC-MDA-MB-231,Cell Tracking Challenge / BioImage Archive,"Simpson KJ, Selfors LM, Bui J, et al. Identification of genes that regulate epithelial cell migration using an siRNA screening approach. Nat Cell Biol. 2008;10(9):1027-1038.",10.1038/ncb1762,18719632,CC-BY 4.0 International,Permitted,Permitted with Attribution,MDA-MB-231,Homo sapiens,Mammary Gland,Triple-Negative Breast Carcinoma (TNBC),Amoeboid/mesenchymal invasion & directional chemotaxis,phase_contrast,20x,0.645 um/px,10 min/frame (48 frames),Phase Contrast + Hoechst Live,Ibidi chemotactic gradient chamber (+100 ng/mL CXCL12 vs vehicle),True,True,True,False,False
BL-IMG-MDA-MB-231-005,CTC-MDA-MB-231,Cell Tracking Challenge / BioImage Archive,"Simpson KJ, Selfors LM, Bui J, et al. Identification of genes that regulate epithelial cell migration using an siRNA screening approach. Nat Cell Biol. 2008;10(9):1027-1038.",10.1038/ncb1762,18719632,CC-BY 4.0 International,Permitted,Permitted with Attribution,MDA-MB-231,Homo sapiens,Mammary Gland,Triple-Negative Breast Carcinoma (TNBC),Amoeboid/mesenchymal invasion & directional chemotaxis,phase_contrast,20x,0.645 um/px,10 min/frame (48 frames),Phase Contrast + Hoechst Live,Ibidi chemotactic gradient chamber (+100 ng/mL CXCL12 vs vehicle),True,True,True,False,False
BL-IMG-MDA-MB-231-006,CTC-MDA-MB-231,Cell Tracking Challenge / BioImage Archive,"Simpson KJ, Selfors LM, Bui J, et al. Identification of genes that regulate epithelial cell migration using an siRNA screening approach. Nat Cell Biol. 2008;10(9):1027-1038.",10.1038/ncb1762,18719632,CC-BY 4.0 International,Permitted,Permitted with Attribution,MDA-MB-231,Homo sapiens,Mammary Gland,Triple-Negative Breast Carcinoma (TNBC),Amoeboid/mesenchymal invasion & directional chemotaxis,phase_contrast,20x,0.645 um/px,10 min/frame (48 frames),Phase Contrast + Hoechst Live,Ibidi chemotactic gradient chamber (+100 ng/mL CXCL12 vs vehicle),True,True,True,False,False
BL-IMG-MDA-MB-231-007,CTC-MDA-MB-231,Cell Tracking Challenge / BioImage Archive,"Simpson KJ, Selfors LM, Bui J, et al. Identification of genes that regulate epithelial cell migration using an siRNA screening approach. Nat Cell Biol. 2008;10(9):1027-1038.",10.1038/ncb1762,18719632,CC-BY 4.0 International,Permitted,Permitted with Attribution,MDA-MB-231,Homo sapiens,Mammary Gland,Triple-Negative Breast Carcinoma (TNBC),Amoeboid/mesenchymal invasion & directional chemotaxis,phase_contrast,20x,0.645 um/px,10 min/frame (48 frames),Phase Contrast + Hoechst Live,Ibidi chemotactic gradient chamber (+100 ng/mL CXCL12 vs vehicle),True,True,True,False,False
BL-IMG-MDA-MB-231-008,CTC-MDA-MB-231,Cell Tracking Challenge / BioImage Archive,"Simpson KJ, Selfors LM, Bui J, et al. Identification of genes that regulate epithelial cell migration using an siRNA screening approach. Nat Cell Biol. 2008;10(9):1027-1038.",10.1038/ncb1762,18719632,CC-BY 4.0 International,Permitted,Permitted with Attribution,MDA-MB-231,Homo sapiens,Mammary Gland,Triple-Negative Breast Carcinoma (TNBC),Amoeboid/mesenchymal invasion & directional chemotaxis,phase_contrast,20x,0.645 um/px,10 min/frame (48 frames),Phase Contrast + Hoechst Live,Ibidi chemotactic gradient chamber (+100 ng/mL CXCL12 vs vehicle),True,True,True,False,False
BL-IMG-MDA-MB-231-009,CTC-MDA-MB-231,Cell Tracking Challenge / BioImage Archive,"Simpson KJ, Selfors LM, Bui J, et al. Identification of genes that regulate epithelial cell migration using an siRNA screening approach. Nat Cell Biol. 2008;10(9):1027-1038.",10.1038/ncb1762,18719632,CC-BY 4.0 International,Permitted,Permitted with Attribution,MDA-MB-231,Homo sapiens,Mammary Gland,Triple-Negative Breast Carcinoma (TNBC),Amoeboid/mesenchymal invasion & directional chemotaxis,phase_contrast,20x,0.645 um/px,10 min/frame (48 frames),Phase Contrast + Hoechst Live,Ibidi chemotactic gradient chamber (+100 ng/mL CXCL12 vs vehicle),True,True,True,False,False
BL-IMG-MDA-MB-231-010,CTC-MDA-MB-231,Cell Tracking Challenge / BioImage Archive,"Simpson KJ, Selfors LM, Bui J, et al. Identification of genes that regulate epithelial cell migration using an siRNA screening approach. Nat Cell Biol. 2008;10(9):1027-1038.",10.1038/ncb1762,18719632,CC-BY 4.0 International,Permitted,Permitted with Attribution,MDA-MB-231,Homo sapiens,Mammary Gland,Triple-Negative Breast Carcinoma (TNBC),Amoeboid/mesenchymal invasion & directional chemotaxis,phase_contrast,20x,0.645 um/px,10 min/frame (48 frames),Phase Contrast + Hoechst Live,Ibidi chemotactic gradient chamber (+100 ng/mL CXCL12 vs vehicle),True,True,True,False,False
BL-IMG-MDA-MB-231-011,CTC-MDA-MB-231,Cell Tracking Challenge / BioImage Archive,"Simpson KJ, Selfors LM, Bui J, et al. Identification of genes that regulate epithelial cell migration using an siRNA screening approach. Nat Cell Biol. 2008;10(9):1027-1038.",10.1038/ncb1762,18719632,CC-BY 4.0 International,Permitted,Permitted with Attribution,MDA-MB-231,Homo sapiens,Mammary Gland,Triple-Negative Breast Carcinoma (TNBC),Amoeboid/mesenchymal invasion & directional chemotaxis,phase_contrast,20x,0.645 um/px,10 min/frame (48 frames),Phase Contrast + Hoechst Live,Ibidi chemotactic gradient chamber (+100 ng/mL CXCL12 vs vehicle),True,True,True,False,False
BL-IMG-MDA-MB-231-012,CTC-MDA-MB-231,Cell Tracking Challenge / BioImage Archive,"Simpson KJ, Selfors LM, Bui J, et al. Identification of genes that regulate epithelial cell migration using an siRNA screening approach. Nat Cell Biol. 2008;10(9):1027-1038.",10.1038/ncb1762,18719632,CC-BY 4.0 International,Permitted,Permitted with Attribution,MDA-MB-231,Homo sapiens,Mammary Gland,Triple-Negative Breast Carcinoma (TNBC),Amoeboid/mesenchymal invasion & directional chemotaxis,phase_contrast,20x,0.645 um/px,10 min/frame (48 frames),Phase Contrast + Hoechst Live,Ibidi chemotactic gradient chamber (+100 ng/mL CXCL12 vs vehicle),True,True,True,False,False
BL-IMG-MDA-MB-231-013,CTC-MDA-MB-231,Cell Tracking Challenge / BioImage Archive,"Simpson KJ, Selfors LM, Bui J, et al. Identification of genes that regulate epithelial cell migration using an siRNA screening approach. Nat Cell Biol. 2008;10(9):1027-1038.",10.1038/ncb1762,18719632,CC-BY 4.0 International,Permitted,Permitted with Attribution,MDA-MB-231,Homo sapiens,Mammary Gland,Triple-Negative Breast Carcinoma (TNBC),Amoeboid/mesenchymal invasion & directional chemotaxis,phase_contrast,20x,0.645 um/px,10 min/frame (48 frames),Phase Contrast + Hoechst Live,Ibidi chemotactic gradient chamber (+100 ng/mL CXCL12 vs vehicle),True,True,True,False,False
BL-IMG-MDA-MB-231-014,CTC-MDA-MB-231,Cell Tracking Challenge / BioImage Archive,"Simpson KJ, Selfors LM, Bui J, et al. Identification of genes that regulate epithelial cell migration using an siRNA screening approach. Nat Cell Biol. 2008;10(9):1027-1038.",10.1038/ncb1762,18719632,CC-BY 4.0 International,Permitted,Permitted with Attribution,MDA-MB-231,Homo sapiens,Mammary Gland,Triple-Negative Breast Carcinoma (TNBC),Amoeboid/mesenchymal invasion & directional chemotaxis,phase_contrast,20x,0.645 um/px,10 min/frame (48 frames),Phase Contrast + Hoechst Live,Ibidi chemotactic gradient chamber (+100 ng/mL CXCL12 vs vehicle),True,True,True,False,False
BL-IMG-MDA-MB-231-015,CTC-MDA-MB-231,Cell Tracking Challenge / BioImage Archive,"Simpson KJ, Selfors LM, Bui J, et al. Identification of genes that regulate epithelial cell migration using an siRNA screening approach. Nat Cell Biol. 2008;10(9):1027-1038.",10.1038/ncb1762,18719632,CC-BY 4.0 International,Permitted,Permitted with Attribution,MDA-MB-231,Homo sapiens,Mammary Gland,Triple-Negative Breast Carcinoma (TNBC),Amoeboid/mesenchymal invasion & directional chemotaxis,phase_contrast,20x,0.645 um/px,10 min/frame (48 frames),Phase Contrast + Hoechst Live,Ibidi chemotactic gradient chamber (+100 ng/mL CXCL12 vs vehicle),True,True,True,False,False
BL-IMG-MDA-MB-231-016,CTC-MDA-MB-231,Cell Tracking Challenge / BioImage Archive,"Simpson KJ, Selfors LM, Bui J, et al. Identification of genes that regulate epithelial cell migration using an siRNA screening approach. Nat Cell Biol. 2008;10(9):1027-1038.",10.1038/ncb1762,18719632,CC-BY 4.0 International,Permitted,Permitted with Attribution,MDA-MB-231,Homo sapiens,Mammary Gland,Triple-Negative Breast Carcinoma (TNBC),Amoeboid/mesenchymal invasion & directional chemotaxis,phase_contrast,20x,0.645 um/px,10 min/frame (48 frames),Phase Contrast + Hoechst Live,Ibidi chemotactic gradient chamber (+100 ng/mL CXCL12 vs vehicle),True,True,True,False,False
BL-IMG-MDA-MB-231-017,CTC-MDA-MB-231,Cell Tracking Challenge / BioImage Archive,"Simpson KJ, Selfors LM, Bui J, et al. Identification of genes that regulate epithelial cell migration using an siRNA screening approach. Nat Cell Biol. 2008;10(9):1027-1038.",10.1038/ncb1762,18719632,CC-BY 4.0 International,Permitted,Permitted with Attribution,MDA-MB-231,Homo sapiens,Mammary Gland,Triple-Negative Breast Carcinoma (TNBC),Amoeboid/mesenchymal invasion & directional chemotaxis,phase_contrast,20x,0.645 um/px,10 min/frame (48 frames),Phase Contrast + Hoechst Live,Ibidi chemotactic gradient chamber (+100 ng/mL CXCL12 vs vehicle),True,True,True,False,False
BL-IMG-MDA-MB-231-018,CTC-MDA-MB-231,Cell Tracking Challenge / BioImage Archive,"Simpson KJ, Selfors LM, Bui J, et al. Identification of genes that regulate epithelial cell migration using an siRNA screening approach. Nat Cell Biol. 2008;10(9):1027-1038.",10.1038/ncb1762,18719632,CC-BY 4.0 International,Permitted,Permitted with Attribution,MDA-MB-231,Homo sapiens,Mammary Gland,Triple-Negative Breast Carcinoma (TNBC),Amoeboid/mesenchymal invasion & directional chemotaxis,phase_contrast,20x,0.645 um/px,10 min/frame (48 frames),Phase Contrast + Hoechst Live,Ibidi chemotactic gradient chamber (+100 ng/mL CXCL12 vs vehicle),True,True,True,False,False
BL-IMG-MDA-MB-231-019,CTC-MDA-MB-231,Cell Tracking Challenge / BioImage Archive,"Simpson KJ, Selfors LM, Bui J, et al. Identification of genes that regulate epithelial cell migration using an siRNA screening approach. Nat Cell Biol. 2008;10(9):1027-1038.",10.1038/ncb1762,18719632,CC-BY 4.0 International,Permitted,Permitted with Attribution,MDA-MB-231,Homo sapiens,Mammary Gland,Triple-Negative Breast Carcinoma (TNBC),Amoeboid/mesenchymal invasion & directional chemotaxis,phase_contrast,20x,0.645 um/px,10 min/frame (48 frames),Phase Contrast + Hoechst Live,Ibidi chemotactic gradient chamber (+100 ng/mL CXCL12 vs vehicle),True,True,True,False,False
BL-IMG-MDA-MB-231-020,CTC-MDA-MB-231,Cell Tracking Challenge / BioImage Archive,"Simpson KJ, Selfors LM, Bui J, et al. Identification of genes that regulate epithelial cell migration using an siRNA screening approach. Nat Cell Biol. 2008;10(9):1027-1038.",10.1038/ncb1762,18719632,CC-BY 4.0 International,Permitted,Permitted with Attribution,MDA-MB-231,Homo sapiens,Mammary Gland,Triple-Negative Breast Carcinoma (TNBC),Amoeboid/mesenchymal invasion & directional chemotaxis,phase_contrast,20x,0.645 um/px,10 min/frame (48 frames),Phase Contrast + Hoechst Live,Ibidi chemotactic gradient chamber (+100 ng/mL CXCL12 vs vehicle),True,True,True,False,False
BL-IMG-MDA-MB-231-021,CTC-MDA-MB-231,Cell Tracking Challenge / BioImage Archive,"Simpson KJ, Selfors LM, Bui J, et al. Identification of genes that regulate epithelial cell migration using an siRNA screening approach. Nat Cell Biol. 2008;10(9):1027-1038.",10.1038/ncb1762,18719632,CC-BY 4.0 International,Permitted,Permitted with Attribution,MDA-MB-231,Homo sapiens,Mammary Gland,Triple-Negative Breast Carcinoma (TNBC),Amoeboid/mesenchymal invasion & directional chemotaxis,phase_contrast,20x,0.645 um/px,10 min/frame (48 frames),Phase Contrast + Hoechst Live,Ibidi chemotactic gradient chamber (+100 ng/mL CXCL12 vs vehicle),True,True,True,False,False
BL-IMG-MDA-MB-231-022,CTC-MDA-MB-231,Cell Tracking Challenge / BioImage Archive,"Simpson KJ, Selfors LM, Bui J, et al. Identification of genes that regulate epithelial cell migration using an siRNA screening approach. Nat Cell Biol. 2008;10(9):1027-1038.",10.1038/ncb1762,18719632,CC-BY 4.0 International,Permitted,Permitted with Attribution,MDA-MB-231,Homo sapiens,Mammary Gland,Triple-Negative Breast Carcinoma (TNBC),Amoeboid/mesenchymal invasion & directional chemotaxis,phase_contrast,20x,0.645 um/px,10 min/frame (48 frames),Phase Contrast + Hoechst Live,Ibidi chemotactic gradient chamber (+100 ng/mL CXCL12 vs vehicle),True,True,True,False,False
BL-IMG-MDA-MB-231-023,CTC-MDA-MB-231,Cell Tracking Challenge / BioImage Archive,"Simpson KJ, Selfors LM, Bui J, et al. Identification of genes that regulate epithelial cell migration using an siRNA screening approach. Nat Cell Biol. 2008;10(9):1027-1038.",10.1038/ncb1762,18719632,CC-BY 4.0 International,Permitted,Permitted with Attribution,MDA-MB-231,Homo sapiens,Mammary Gland,Triple-Negative Breast Carcinoma (TNBC),Amoeboid/mesenchymal invasion & directional chemotaxis,phase_contrast,20x,0.645 um/px,10 min/frame (48 frames),Phase Contrast + Hoechst Live,Ibidi chemotactic gradient chamber (+100 ng/mL CXCL12 vs vehicle),True,True,True,False,False
BL-IMG-MDA-MB-231-024,CTC-MDA-MB-231,Cell Tracking Challenge / BioImage Archive,"Simpson KJ, Selfors LM, Bui J, et al. Identification of genes that regulate epithelial cell migration using an siRNA screening approach. Nat Cell Biol. 2008;10(9):1027-1038.",10.1038/ncb1762,18719632,CC-BY 4.0 International,Permitted,Permitted with Attribution,MDA-MB-231,Homo sapiens,Mammary Gland,Triple-Negative Breast Carcinoma (TNBC),Amoeboid/mesenchymal invasion & directional chemotaxis,phase_contrast,20x,0.645 um/px,10 min/frame (48 frames),Phase Contrast + Hoechst Live,Ibidi chemotactic gradient chamber (+100 ng/mL CXCL12 vs vehicle),True,True,True,False,False
BL-IMG-MDA-MB-231-025,CTC-MDA-MB-231,Cell Tracking Challenge / BioImage Archive,"Simpson KJ, Selfors LM, Bui J, et al. Identification of genes that regulate epithelial cell migration using an siRNA screening approach. Nat Cell Biol. 2008;10(9):1027-1038.",10.1038/ncb1762,18719632,CC-BY 4.0 International,Permitted,Permitted with Attribution,MDA-MB-231,Homo sapiens,Mammary Gland,Triple-Negative Breast Carcinoma (TNBC),Amoeboid/mesenchymal invasion & directional chemotaxis,phase_contrast,20x,0.645 um/px,10 min/frame (48 frames),Phase Contrast + Hoechst Live,Ibidi chemotactic gradient chamber (+100 ng/mL CXCL12 vs vehicle),True,True,True,False,False
BL-IMG-MDA-MB-231-026,CTC-MDA-MB-231,Cell Tracking Challenge / BioImage Archive,"Simpson KJ, Selfors LM, Bui J, et al. Identification of genes that regulate epithelial cell migration using an siRNA screening approach. Nat Cell Biol. 2008;10(9):1027-1038.",10.1038/ncb1762,18719632,CC-BY 4.0 International,Permitted,Permitted with Attribution,MDA-MB-231,Homo sapiens,Mammary Gland,Triple-Negative Breast Carcinoma (TNBC),Amoeboid/mesenchymal invasion & directional chemotaxis,phase_contrast,20x,0.645 um/px,10 min/frame (48 frames),Phase Contrast + Hoechst Live,Ibidi chemotactic gradient chamber (+100 ng/mL CXCL12 vs vehicle),True,True,True,False,False
BL-IMG-MDA-MB-231-027,CTC-MDA-MB-231,Cell Tracking Challenge / BioImage Archive,"Simpson KJ, Selfors LM, Bui J, et al. Identification of genes that regulate epithelial cell migration using an siRNA screening approach. Nat Cell Biol. 2008;10(9):1027-1038.",10.1038/ncb1762,18719632,CC-BY 4.0 International,Permitted,Permitted with Attribution,MDA-MB-231,Homo sapiens,Mammary Gland,Triple-Negative Breast Carcinoma (TNBC),Amoeboid/mesenchymal invasion & directional chemotaxis,phase_contrast,20x,0.645 um/px,10 min/frame (48 frames),Phase Contrast + Hoechst Live,Ibidi chemotactic gradient chamber (+100 ng/mL CXCL12 vs vehicle),True,True,True,False,False
BL-IMG-MDA-MB-231-028,CTC-MDA-MB-231,Cell Tracking Challenge / BioImage Archive,"Simpson KJ, Selfors LM, Bui J, et al. Identification of genes that regulate epithelial cell migration using an siRNA screening approach. Nat Cell Biol. 2008;10(9):1027-1038.",10.1038/ncb1762,18719632,CC-BY 4.0 International,Permitted,Permitted with Attribution,MDA-MB-231,Homo sapiens,Mammary Gland,Triple-Negative Breast Carcinoma (TNBC),Amoeboid/mesenchymal invasion & directional chemotaxis,phase_contrast,20x,0.645 um/px,10 min/frame (48 frames),Phase Contrast + Hoechst Live,Ibidi chemotactic gradient chamber (+100 ng/mL CXCL12 vs vehicle),True,True,True,False,False
BL-IMG-MDA-MB-231-029,CTC-MDA-MB-231,Cell Tracking Challenge / BioImage Archive,"Simpson KJ, Selfors LM, Bui J, et al. Identification of genes that regulate epithelial cell migration using an siRNA screening approach. Nat Cell Biol. 2008;10(9):1027-1038.",10.1038/ncb1762,18719632,CC-BY 4.0 International,Permitted,Permitted with Attribution,MDA-MB-231,Homo sapiens,Mammary Gland,Triple-Negative Breast Carcinoma (TNBC),Amoeboid/mesenchymal invasion & directional chemotaxis,phase_contrast,20x,0.645 um/px,10 min/frame (48 frames),Phase Contrast + Hoechst Live,Ibidi chemotactic gradient chamber (+100 ng/mL CXCL12 vs vehicle),True,True,True,False,False
BL-IMG-MDA-MB-231-030,CTC-MDA-MB-231,Cell Tracking Challenge / BioImage Archive,"Simpson KJ, Selfors LM, Bui J, et al. Identification of genes that regulate epithelial cell migration using an siRNA screening approach. Nat Cell Biol. 2008;10(9):1027-1038.",10.1038/ncb1762,18719632,CC-BY 4.0 International,Permitted,Permitted with Attribution,MDA-MB-231,Homo sapiens,Mammary Gland,Triple-Negative Breast Carcinoma (TNBC),Amoeboid/mesenchymal invasion & directional chemotaxis,phase_contrast,20x,0.645 um/px,10 min/frame (48 frames),Phase Contrast + Hoechst Live,Ibidi chemotactic gradient chamber (+100 ng/mL CXCL12 vs vehicle),True,True,True,False,False
BL-IMG-MDA-MB-231-031,CTC-MDA-MB-231,Cell Tracking Challenge / BioImage Archive,"Simpson KJ, Selfors LM, Bui J, et al. Identification of genes that regulate epithelial cell migration using an siRNA screening approach. Nat Cell Biol. 2008;10(9):1027-1038.",10.1038/ncb1762,18719632,CC-BY 4.0 International,Permitted,Permitted with Attribution,MDA-MB-231,Homo sapiens,Mammary Gland,Triple-Negative Breast Carcinoma (TNBC),Amoeboid/mesenchymal invasion & directional chemotaxis,phase_contrast,20x,0.645 um/px,10 min/frame (48 frames),Phase Contrast + Hoechst Live,Ibidi chemotactic gradient chamber (+100 ng/mL CXCL12 vs vehicle),True,True,True,False,False
BL-IMG-MDA-MB-231-032,CTC-MDA-MB-231,Cell Tracking Challenge / BioImage Archive,"Simpson KJ, Selfors LM, Bui J, et al. Identification of genes that regulate epithelial cell migration using an siRNA screening approach. Nat Cell Biol. 2008;10(9):1027-1038.",10.1038/ncb1762,18719632,CC-BY 4.0 International,Permitted,Permitted with Attribution,MDA-MB-231,Homo sapiens,Mammary Gland,Triple-Negative Breast Carcinoma (TNBC),Amoeboid/mesenchymal invasion & directional chemotaxis,phase_contrast,20x,0.645 um/px,10 min/frame (48 frames),Phase Contrast + Hoechst Live,Ibidi chemotactic gradient chamber (+100 ng/mL CXCL12 vs vehicle),True,True,True,False,False
BL-IMG-MDA-MB-231-033,CTC-MDA-MB-231,Cell Tracking Challenge / BioImage Archive,"Simpson KJ, Selfors LM, Bui J, et al. Identification of genes that regulate epithelial cell migration using an siRNA screening approach. Nat Cell Biol. 2008;10(9):1027-1038.",10.1038/ncb1762,18719632,CC-BY 4.0 International,Permitted,Permitted with Attribution,MDA-MB-231,Homo sapiens,Mammary Gland,Triple-Negative Breast Carcinoma (TNBC),Amoeboid/mesenchymal invasion & directional chemotaxis,phase_contrast,20x,0.645 um/px,10 min/frame (48 frames),Phase Contrast + Hoechst Live,Ibidi chemotactic gradient chamber (+100 ng/mL CXCL12 vs vehicle),True,True,True,False,False
BL-IMG-MDA-MB-231-034,CTC-MDA-MB-231,Cell Tracking Challenge / BioImage Archive,"Simpson KJ, Selfors LM, Bui J, et al. Identification of genes that regulate epithelial cell migration using an siRNA screening approach. Nat Cell Biol. 2008;10(9):1027-1038.",10.1038/ncb1762,18719632,CC-BY 4.0 International,Permitted,Permitted with Attribution,MDA-MB-231,Homo sapiens,Mammary Gland,Triple-Negative Breast Carcinoma (TNBC),Amoeboid/mesenchymal invasion & directional chemotaxis,phase_contrast,20x,0.645 um/px,10 min/frame (48 frames),Phase Contrast + Hoechst Live,Ibidi chemotactic gradient chamber (+100 ng/mL CXCL12 vs vehicle),True,True,True,False,False
BL-IMG-MDA-MB-231-035,CTC-MDA-MB-231,Cell Tracking Challenge / BioImage Archive,"Simpson KJ, Selfors LM, Bui J, et al. Identification of genes that regulate epithelial cell migration using an siRNA screening approach. Nat Cell Biol. 2008;10(9):1027-1038.",10.1038/ncb1762,18719632,CC-BY 4.0 International,Permitted,Permitted with Attribution,MDA-MB-231,Homo sapiens,Mammary Gland,Triple-Negative Breast Carcinoma (TNBC),Amoeboid/mesenchymal invasion & directional chemotaxis,phase_contrast,20x,0.645 um/px,10 min/frame (48 frames),Phase Contrast + Hoechst Live,Ibidi chemotactic gradient chamber (+100 ng/mL CXCL12 vs vehicle),True,True,True,False,False
BL-IMG-MDA-MB-231-036,CTC-MDA-MB-231,Cell Tracking Challenge / BioImage Archive,"Simpson KJ, Selfors LM, Bui J, et al. Identification of genes that regulate epithelial cell migration using an siRNA screening approach. Nat Cell Biol. 2008;10(9):1027-1038.",10.1038/ncb1762,18719632,CC-BY 4.0 International,Permitted,Permitted with Attribution,MDA-MB-231,Homo sapiens,Mammary Gland,Triple-Negative Breast Carcinoma (TNBC),Amoeboid/mesenchymal invasion & directional chemotaxis,phase_contrast,20x,0.645 um/px,10 min/frame (48 frames),Phase Contrast + Hoechst Live,Ibidi chemotactic gradient chamber (+100 ng/mL CXCL12 vs vehicle),True,True,True,False,False
BL-IMG-MDA-MB-231-037,CTC-MDA-MB-231,Cell Tracking Challenge / BioImage Archive,"Simpson KJ, Selfors LM, Bui J, et al. Identification of genes that regulate epithelial cell migration using an siRNA screening approach. Nat Cell Biol. 2008;10(9):1027-1038.",10.1038/ncb1762,18719632,CC-BY 4.0 International,Permitted,Permitted with Attribution,MDA-MB-231,Homo sapiens,Mammary Gland,Triple-Negative Breast Carcinoma (TNBC),Amoeboid/mesenchymal invasion & directional chemotaxis,phase_contrast,20x,0.645 um/px,10 min/frame (48 frames),Phase Contrast + Hoechst Live,Ibidi chemotactic gradient chamber (+100 ng/mL CXCL12 vs vehicle),True,True,True,False,False
BL-IMG-MDA-MB-231-038,CTC-MDA-MB-231,Cell Tracking Challenge / BioImage Archive,"Simpson KJ, Selfors LM, Bui J, et al. Identification of genes that regulate epithelial cell migration using an siRNA screening approach. Nat Cell Biol. 2008;10(9):1027-1038.",10.1038/ncb1762,18719632,CC-BY 4.0 International,Permitted,Permitted with Attribution,MDA-MB-231,Homo sapiens,Mammary Gland,Triple-Negative Breast Carcinoma (TNBC),Amoeboid/mesenchymal invasion & directional chemotaxis,phase_contrast,20x,0.645 um/px,10 min/frame (48 frames),Phase Contrast + Hoechst Live,Ibidi chemotactic gradient chamber (+100 ng/mL CXCL12 vs vehicle),True,True,True,False,False
BL-IMG-MDA-MB-231-039,CTC-MDA-MB-231,Cell Tracking Challenge / BioImage Archive,"Simpson KJ, Selfors LM, Bui J, et al. Identification of genes that regulate epithelial cell migration using an siRNA screening approach. Nat Cell Biol. 2008;10(9):1027-1038.",10.1038/ncb1762,18719632,CC-BY 4.0 International,Permitted,Permitted with Attribution,MDA-MB-231,Homo sapiens,Mammary Gland,Triple-Negative Breast Carcinoma (TNBC),Amoeboid/mesenchymal invasion & directional chemotaxis,phase_contrast,20x,0.645 um/px,10 min/frame (48 frames),Phase Contrast + Hoechst Live,Ibidi chemotactic gradient chamber (+100 ng/mL CXCL12 vs vehicle),True,True,True,False,False
BL-IMG-MDA-MB-231-040,CTC-MDA-MB-231,Cell Tracking Challenge / BioImage Archive,"Simpson KJ, Selfors LM, Bui J, et al. Identification of genes that regulate epithelial cell migration using an siRNA screening approach. Nat Cell Biol. 2008;10(9):1027-1038.",10.1038/ncb1762,18719632,CC-BY 4.0 International,Permitted,Permitted with Attribution,MDA-MB-231,Homo sapiens,Mammary Gland,Triple-Negative Breast Carcinoma (TNBC),Amoeboid/mesenchymal invasion & directional chemotaxis,phase_contrast,20x,0.645 um/px,10 min/frame (48 frames),Phase Contrast + Hoechst Live,Ibidi chemotactic gradient chamber (+100 ng/mL CXCL12 vs vehicle),True,True,True,False,False
BL-IMG-MDA-MB-231-041,CTC-MDA-MB-231,Cell Tracking Challenge / BioImage Archive,"Simpson KJ, Selfors LM, Bui J, et al. Identification of genes that regulate epithelial cell migration using an siRNA screening approach. Nat Cell Biol. 2008;10(9):1027-1038.",10.1038/ncb1762,18719632,CC-BY 4.0 International,Permitted,Permitted with Attribution,MDA-MB-231,Homo sapiens,Mammary Gland,Triple-Negative Breast Carcinoma (TNBC),Amoeboid/mesenchymal invasion & directional chemotaxis,phase_contrast,20x,0.645 um/px,10 min/frame (48 frames),Phase Contrast + Hoechst Live,Ibidi chemotactic gradient chamber (+100 ng/mL CXCL12 vs vehicle),True,True,True,False,False
BL-IMG-MDA-MB-231-042,CTC-MDA-MB-231,Cell Tracking Challenge / BioImage Archive,"Simpson KJ, Selfors LM, Bui J, et al. Identification of genes that regulate epithelial cell migration using an siRNA screening approach. Nat Cell Biol. 2008;10(9):1027-1038.",10.1038/ncb1762,18719632,CC-BY 4.0 International,Permitted,Permitted with Attribution,MDA-MB-231,Homo sapiens,Mammary Gland,Triple-Negative Breast Carcinoma (TNBC),Amoeboid/mesenchymal invasion & directional chemotaxis,phase_contrast,20x,0.645 um/px,10 min/frame (48 frames),Phase Contrast + Hoechst Live,Ibidi chemotactic gradient chamber (+100 ng/mL CXCL12 vs vehicle),True,True,True,False,False
BL-IMG-MDA-MB-231-043,CTC-MDA-MB-231,Cell Tracking Challenge / BioImage Archive,"Simpson KJ, Selfors LM, Bui J, et al. Identification of genes that regulate epithelial cell migration using an siRNA screening approach. Nat Cell Biol. 2008;10(9):1027-1038.",10.1038/ncb1762,18719632,CC-BY 4.0 International,Permitted,Permitted with Attribution,MDA-MB-231,Homo sapiens,Mammary Gland,Triple-Negative Breast Carcinoma (TNBC),Amoeboid/mesenchymal invasion & directional chemotaxis,phase_contrast,20x,0.645 um/px,10 min/frame (48 frames),Phase Contrast + Hoechst Live,Ibidi chemotactic gradient chamber (+100 ng/mL CXCL12 vs vehicle),True,True,True,False,False
BL-IMG-MDA-MB-231-044,CTC-MDA-MB-231,Cell Tracking Challenge / BioImage Archive,"Simpson KJ, Selfors LM, Bui J, et al. Identification of genes that regulate epithelial cell migration using an siRNA screening approach. Nat Cell Biol. 2008;10(9):1027-1038.",10.1038/ncb1762,18719632,CC-BY 4.0 International,Permitted,Permitted with Attribution,MDA-MB-231,Homo sapiens,Mammary Gland,Triple-Negative Breast Carcinoma (TNBC),Amoeboid/mesenchymal invasion & directional chemotaxis,phase_contrast,20x,0.645 um/px,10 min/frame (48 frames),Phase Contrast + Hoechst Live,Ibidi chemotactic gradient chamber (+100 ng/mL CXCL12 vs vehicle),True,True,True,False,False
BL-IMG-MDA-MB-231-045,CTC-MDA-MB-231,Cell Tracking Challenge / BioImage Archive,"Simpson KJ, Selfors LM, Bui J, et al. Identification of genes that regulate epithelial cell migration using an siRNA screening approach. Nat Cell Biol. 2008;10(9):1027-1038.",10.1038/ncb1762,18719632,CC-BY 4.0 International,Permitted,Permitted with Attribution,MDA-MB-231,Homo sapiens,Mammary Gland,Triple-Negative Breast Carcinoma (TNBC),Amoeboid/mesenchymal invasion & directional chemotaxis,phase_contrast,20x,0.645 um/px,10 min/frame (48 frames),Phase Contrast + Hoechst Live,Ibidi chemotactic gradient chamber (+100 ng/mL CXCL12 vs vehicle),True,True,True,False,False
BL-IMG-MDA-MB-231-046,CTC-MDA-MB-231,Cell Tracking Challenge / BioImage Archive,"Simpson KJ, Selfors LM, Bui J, et al. Identification of genes that regulate epithelial cell migration using an siRNA screening approach. Nat Cell Biol. 2008;10(9):1027-1038.",10.1038/ncb1762,18719632,CC-BY 4.0 International,Permitted,Permitted with Attribution,MDA-MB-231,Homo sapiens,Mammary Gland,Triple-Negative Breast Carcinoma (TNBC),Amoeboid/mesenchymal invasion & directional chemotaxis,phase_contrast,20x,0.645 um/px,10 min/frame (48 frames),Phase Contrast + Hoechst Live,Ibidi chemotactic gradient chamber (+100 ng/mL CXCL12 vs vehicle),True,True,True,False,False
BL-IMG-MDA-MB-231-047,CTC-MDA-MB-231,Cell Tracking Challenge / BioImage Archive,"Simpson KJ, Selfors LM, Bui J, et al. Identification of genes that regulate epithelial cell migration using an siRNA screening approach. Nat Cell Biol. 2008;10(9):1027-1038.",10.1038/ncb1762,18719632,CC-BY 4.0 International,Permitted,Permitted with Attribution,MDA-MB-231,Homo sapiens,Mammary Gland,Triple-Negative Breast Carcinoma (TNBC),Amoeboid/mesenchymal invasion & directional chemotaxis,phase_contrast,20x,0.645 um/px,10 min/frame (48 frames),Phase Contrast + Hoechst Live,Ibidi chemotactic gradient chamber (+100 ng/mL CXCL12 vs vehicle),True,True,True,False,False
BL-IMG-MDA-MB-231-048,CTC-MDA-MB-231,Cell Tracking Challenge / BioImage Archive,"Simpson KJ, Selfors LM, Bui J, et al. Identification of genes that regulate epithelial cell migration using an siRNA screening approach. Nat Cell Biol. 2008;10(9):1027-1038.",10.1038/ncb1762,18719632,CC-BY 4.0 International,Permitted,Permitted with Attribution,MDA-MB-231,Homo sapiens,Mammary Gland,Triple-Negative Breast Carcinoma (TNBC),Amoeboid/mesenchymal invasion & directional chemotaxis,phase_contrast,20x,0.645 um/px,10 min/frame (48 frames),Phase Contrast + Hoechst Live,Ibidi chemotactic gradient chamber (+100 ng/mL CXCL12 vs vehicle),True,True,True,False,False
BL-IMG-WTC11-3D-001,ACS-WTC11-3D,Allen Cell Explorer / Allen Institute for Cell Science,"Viana MP, Chen J, Zheng S, et al. Integrated intracellular organization and its variations in human iPS cells. Nature. 2023;613(7943):345-354.",10.1038/s41586-022-05563-7,36599988,CC-BY-NC 4.0 International,Non-Commercial Only,Permitted with Attribution,WTC-11 (CRISPR-Cas9 gene-edited hiPSC),Homo sapiens,Inner Cell Mass / Pluripotent,None / Healthy Human Reference,High-fidelity 3D spatial organelle organization & nuclear lamina,confocal,100x,0.1084 um/px (Z-step: 0.29 um),Fixed & Live 3D Z-stacks,"mEGFP-tagged organelles (LMNB1, ACTN1, TUBA1B, SEC61B) / Membrane / DNA",Standard feeder-free mTeSR1 culture on Matrigel,True,True,False,False,False
BL-IMG-WTC11-3D-002,ACS-WTC11-3D,Allen Cell Explorer / Allen Institute for Cell Science,"Viana MP, Chen J, Zheng S, et al. Integrated intracellular organization and its variations in human iPS cells. Nature. 2023;613(7943):345-354.",10.1038/s41586-022-05563-7,36599988,CC-BY-NC 4.0 International,Non-Commercial Only,Permitted with Attribution,WTC-11 (CRISPR-Cas9 gene-edited hiPSC),Homo sapiens,Inner Cell Mass / Pluripotent,None / Healthy Human Reference,High-fidelity 3D spatial organelle organization & nuclear lamina,confocal,100x,0.1084 um/px (Z-step: 0.29 um),Fixed & Live 3D Z-stacks,"mEGFP-tagged organelles (LMNB1, ACTN1, TUBA1B, SEC61B) / Membrane / DNA",Standard feeder-free mTeSR1 culture on Matrigel,True,True,False,False,False
BL-IMG-WTC11-3D-003,ACS-WTC11-3D,Allen Cell Explorer / Allen Institute for Cell Science,"Viana MP, Chen J, Zheng S, et al. Integrated intracellular organization and its variations in human iPS cells. Nature. 2023;613(7943):345-354.",10.1038/s41586-022-05563-7,36599988,CC-BY-NC 4.0 International,Non-Commercial Only,Permitted with Attribution,WTC-11 (CRISPR-Cas9 gene-edited hiPSC),Homo sapiens,Inner Cell Mass / Pluripotent,None / Healthy Human Reference,High-fidelity 3D spatial organelle organization & nuclear lamina,confocal,100x,0.1084 um/px (Z-step: 0.29 um),Fixed & Live 3D Z-stacks,"mEGFP-tagged organelles (LMNB1, ACTN1, TUBA1B, SEC61B) / Membrane / DNA",Standard feeder-free mTeSR1 culture on Matrigel,True,True,False,False,False
BL-IMG-WTC11-3D-004,ACS-WTC11-3D,Allen Cell Explorer / Allen Institute for Cell Science,"Viana MP, Chen J, Zheng S, et al. Integrated intracellular organization and its variations in human iPS cells. Nature. 2023;613(7943):345-354.",10.1038/s41586-022-05563-7,36599988,CC-BY-NC 4.0 International,Non-Commercial Only,Permitted with Attribution,WTC-11 (CRISPR-Cas9 gene-edited hiPSC),Homo sapiens,Inner Cell Mass / Pluripotent,None / Healthy Human Reference,High-fidelity 3D spatial organelle organization & nuclear lamina,confocal,100x,0.1084 um/px (Z-step: 0.29 um),Fixed & Live 3D Z-stacks,"mEGFP-tagged organelles (LMNB1, ACTN1, TUBA1B, SEC61B) / Membrane / DNA",Standard feeder-free mTeSR1 culture on Matrigel,True,True,False,False,False
BL-IMG-WTC11-3D-005,ACS-WTC11-3D,Allen Cell Explorer / Allen Institute for Cell Science,"Viana MP, Chen J, Zheng S, et al. Integrated intracellular organization and its variations in human iPS cells. Nature. 2023;613(7943):345-354.",10.1038/s41586-022-05563-7,36599988,CC-BY-NC 4.0 International,Non-Commercial Only,Permitted with Attribution,WTC-11 (CRISPR-Cas9 gene-edited hiPSC),Homo sapiens,Inner Cell Mass / Pluripotent,None / Healthy Human Reference,High-fidelity 3D spatial organelle organization & nuclear lamina,confocal,100x,0.1084 um/px (Z-step: 0.29 um),Fixed & Live 3D Z-stacks,"mEGFP-tagged organelles (LMNB1, ACTN1, TUBA1B, SEC61B) / Membrane / DNA",Standard feeder-free mTeSR1 culture on Matrigel,True,True,False,False,False
BL-IMG-WTC11-3D-006,ACS-WTC11-3D,Allen Cell Explorer / Allen Institute for Cell Science,"Viana MP, Chen J, Zheng S, et al. Integrated intracellular organization and its variations in human iPS cells. Nature. 2023;613(7943):345-354.",10.1038/s41586-022-05563-7,36599988,CC-BY-NC 4.0 International,Non-Commercial Only,Permitted with Attribution,WTC-11 (CRISPR-Cas9 gene-edited hiPSC),Homo sapiens,Inner Cell Mass / Pluripotent,None / Healthy Human Reference,High-fidelity 3D spatial organelle organization & nuclear lamina,confocal,100x,0.1084 um/px (Z-step: 0.29 um),Fixed & Live 3D Z-stacks,"mEGFP-tagged organelles (LMNB1, ACTN1, TUBA1B, SEC61B) / Membrane / DNA",Standard feeder-free mTeSR1 culture on Matrigel,True,True,False,False,False
BL-IMG-WTC11-3D-007,ACS-WTC11-3D,Allen Cell Explorer / Allen Institute for Cell Science,"Viana MP, Chen J, Zheng S, et al. Integrated intracellular organization and its variations in human iPS cells. Nature. 2023;613(7943):345-354.",10.1038/s41586-022-05563-7,36599988,CC-BY-NC 4.0 International,Non-Commercial Only,Permitted with Attribution,WTC-11 (CRISPR-Cas9 gene-edited hiPSC),Homo sapiens,Inner Cell Mass / Pluripotent,None / Healthy Human Reference,High-fidelity 3D spatial organelle organization & nuclear lamina,confocal,100x,0.1084 um/px (Z-step: 0.29 um),Fixed & Live 3D Z-stacks,"mEGFP-tagged organelles (LMNB1, ACTN1, TUBA1B, SEC61B) / Membrane / DNA",Standard feeder-free mTeSR1 culture on Matrigel,True,True,False,False,False
BL-IMG-WTC11-3D-008,ACS-WTC11-3D,Allen Cell Explorer / Allen Institute for Cell Science,"Viana MP, Chen J, Zheng S, et al. Integrated intracellular organization and its variations in human iPS cells. Nature. 2023;613(7943):345-354.",10.1038/s41586-022-05563-7,36599988,CC-BY-NC 4.0 International,Non-Commercial Only,Permitted with Attribution,WTC-11 (CRISPR-Cas9 gene-edited hiPSC),Homo sapiens,Inner Cell Mass / Pluripotent,None / Healthy Human Reference,High-fidelity 3D spatial organelle organization & nuclear lamina,confocal,100x,0.1084 um/px (Z-step: 0.29 um),Fixed & Live 3D Z-stacks,"mEGFP-tagged organelles (LMNB1, ACTN1, TUBA1B, SEC61B) / Membrane / DNA",Standard feeder-free mTeSR1 culture on Matrigel,True,True,False,False,False
BL-IMG-WTC11-3D-009,ACS-WTC11-3D,Allen Cell Explorer / Allen Institute for Cell Science,"Viana MP, Chen J, Zheng S, et al. Integrated intracellular organization and its variations in human iPS cells. Nature. 2023;613(7943):345-354.",10.1038/s41586-022-05563-7,36599988,CC-BY-NC 4.0 International,Non-Commercial Only,Permitted with Attribution,WTC-11 (CRISPR-Cas9 gene-edited hiPSC),Homo sapiens,Inner Cell Mass / Pluripotent,None / Healthy Human Reference,High-fidelity 3D spatial organelle organization & nuclear lamina,confocal,100x,0.1084 um/px (Z-step: 0.29 um),Fixed & Live 3D Z-stacks,"mEGFP-tagged organelles (LMNB1, ACTN1, TUBA1B, SEC61B) / Membrane / DNA",Standard feeder-free mTeSR1 culture on Matrigel,True,True,False,False,False
BL-IMG-WTC11-3D-010,ACS-WTC11-3D,Allen Cell Explorer / Allen Institute for Cell Science,"Viana MP, Chen J, Zheng S, et al. Integrated intracellular organization and its variations in human iPS cells. Nature. 2023;613(7943):345-354.",10.1038/s41586-022-05563-7,36599988,CC-BY-NC 4.0 International,Non-Commercial Only,Permitted with Attribution,WTC-11 (CRISPR-Cas9 gene-edited hiPSC),Homo sapiens,Inner Cell Mass / Pluripotent,None / Healthy Human Reference,High-fidelity 3D spatial organelle organization & nuclear lamina,confocal,100x,0.1084 um/px (Z-step: 0.29 um),Fixed & Live 3D Z-stacks,"mEGFP-tagged organelles (LMNB1, ACTN1, TUBA1B, SEC61B) / Membrane / DNA",Standard feeder-free mTeSR1 culture on Matrigel,True,True,False,False,False
BL-IMG-WTC11-3D-011,ACS-WTC11-3D,Allen Cell Explorer / Allen Institute for Cell Science,"Viana MP, Chen J, Zheng S, et al. Integrated intracellular organization and its variations in human iPS cells. Nature. 2023;613(7943):345-354.",10.1038/s41586-022-05563-7,36599988,CC-BY-NC 4.0 International,Non-Commercial Only,Permitted with Attribution,WTC-11 (CRISPR-Cas9 gene-edited hiPSC),Homo sapiens,Inner Cell Mass / Pluripotent,None / Healthy Human Reference,High-fidelity 3D spatial organelle organization & nuclear lamina,confocal,100x,0.1084 um/px (Z-step: 0.29 um),Fixed & Live 3D Z-stacks,"mEGFP-tagged organelles (LMNB1, ACTN1, TUBA1B, SEC61B) / Membrane / DNA",Standard feeder-free mTeSR1 culture on Matrigel,True,True,False,False,False
BL-IMG-WTC11-3D-012,ACS-WTC11-3D,Allen Cell Explorer / Allen Institute for Cell Science,"Viana MP, Chen J, Zheng S, et al. Integrated intracellular organization and its variations in human iPS cells. Nature. 2023;613(7943):345-354.",10.1038/s41586-022-05563-7,36599988,CC-BY-NC 4.0 International,Non-Commercial Only,Permitted with Attribution,WTC-11 (CRISPR-Cas9 gene-edited hiPSC),Homo sapiens,Inner Cell Mass / Pluripotent,None / Healthy Human Reference,High-fidelity 3D spatial organelle organization & nuclear lamina,confocal,100x,0.1084 um/px (Z-step: 0.29 um),Fixed & Live 3D Z-stacks,"mEGFP-tagged organelles (LMNB1, ACTN1, TUBA1B, SEC61B) / Membrane / DNA",Standard feeder-free mTeSR1 culture on Matrigel,True,True,False,False,False
BL-IMG-WTC11-3D-013,ACS-WTC11-3D,Allen Cell Explorer / Allen Institute for Cell Science,"Viana MP, Chen J, Zheng S, et al. Integrated intracellular organization and its variations in human iPS cells. Nature. 2023;613(7943):345-354.",10.1038/s41586-022-05563-7,36599988,CC-BY-NC 4.0 International,Non-Commercial Only,Permitted with Attribution,WTC-11 (CRISPR-Cas9 gene-edited hiPSC),Homo sapiens,Inner Cell Mass / Pluripotent,None / Healthy Human Reference,High-fidelity 3D spatial organelle organization & nuclear lamina,confocal,100x,0.1084 um/px (Z-step: 0.29 um),Fixed & Live 3D Z-stacks,"mEGFP-tagged organelles (LMNB1, ACTN1, TUBA1B, SEC61B) / Membrane / DNA",Standard feeder-free mTeSR1 culture on Matrigel,True,True,False,False,False
BL-IMG-WTC11-3D-014,ACS-WTC11-3D,Allen Cell Explorer / Allen Institute for Cell Science,"Viana MP, Chen J, Zheng S, et al. Integrated intracellular organization and its variations in human iPS cells. Nature. 2023;613(7943):345-354.",10.1038/s41586-022-05563-7,36599988,CC-BY-NC 4.0 International,Non-Commercial Only,Permitted with Attribution,WTC-11 (CRISPR-Cas9 gene-edited hiPSC),Homo sapiens,Inner Cell Mass / Pluripotent,None / Healthy Human Reference,High-fidelity 3D spatial organelle organization & nuclear lamina,confocal,100x,0.1084 um/px (Z-step: 0.29 um),Fixed & Live 3D Z-stacks,"mEGFP-tagged organelles (LMNB1, ACTN1, TUBA1B, SEC61B) / Membrane / DNA",Standard feeder-free mTeSR1 culture on Matrigel,True,True,False,False,False
BL-IMG-WTC11-3D-015,ACS-WTC11-3D,Allen Cell Explorer / Allen Institute for Cell Science,"Viana MP, Chen J, Zheng S, et al. Integrated intracellular organization and its variations in human iPS cells. Nature. 2023;613(7943):345-354.",10.1038/s41586-022-05563-7,36599988,CC-BY-NC 4.0 International,Non-Commercial Only,Permitted with Attribution,WTC-11 (CRISPR-Cas9 gene-edited hiPSC),Homo sapiens,Inner Cell Mass / Pluripotent,None / Healthy Human Reference,High-fidelity 3D spatial organelle organization & nuclear lamina,confocal,100x,0.1084 um/px (Z-step: 0.29 um),Fixed & Live 3D Z-stacks,"mEGFP-tagged organelles (LMNB1, ACTN1, TUBA1B, SEC61B) / Membrane / DNA",Standard feeder-free mTeSR1 culture on Matrigel,True,True,False,False,False
BL-IMG-HPA-Atlas-v23-001,HPA-Atlas-v23,Human Protein Atlas (Cell Atlas),"Thul PJ, Åkesson L, Wiking M, et al. A subcellular map of the human proteome. Science. 2017;356(6340):eaal3321.",10.1126/science.aal3321,28495876,CC-BY-SA 4.0 International,Permitted,Permitted with Attribution,U-2 OS / A-431 / MCF-7,Homo sapiens,Multi-organ oncology panel,Various human solid carcinomas,"Subcellular protein localization (plasma membrane, cytoskeleton, nucleus, Golgi)",confocal,63x,0.080 um/px,Fixed / Static,4-Color Confocal: DAPI / Target Antibody / anti-Tubulin / anti-Calreticulin,Standard validated immunofluorescence assay,True,True,False,False,False
BL-IMG-HPA-Atlas-v23-002,HPA-Atlas-v23,Human Protein Atlas (Cell Atlas),"Thul PJ, Åkesson L, Wiking M, et al. A subcellular map of the human proteome. Science. 2017;356(6340):eaal3321.",10.1126/science.aal3321,28495876,CC-BY-SA 4.0 International,Permitted,Permitted with Attribution,U-2 OS / A-431 / MCF-7,Homo sapiens,Multi-organ oncology panel,Various human solid carcinomas,"Subcellular protein localization (plasma membrane, cytoskeleton, nucleus, Golgi)",confocal,63x,0.080 um/px,Fixed / Static,4-Color Confocal: DAPI / Target Antibody / anti-Tubulin / anti-Calreticulin,Standard validated immunofluorescence assay,True,True,False,False,False
BL-IMG-HPA-Atlas-v23-003,HPA-Atlas-v23,Human Protein Atlas (Cell Atlas),"Thul PJ, Åkesson L, Wiking M, et al. A subcellular map of the human proteome. Science. 2017;356(6340):eaal3321.",10.1126/science.aal3321,28495876,CC-BY-SA 4.0 International,Permitted,Permitted with Attribution,U-2 OS / A-431 / MCF-7,Homo sapiens,Multi-organ oncology panel,Various human solid carcinomas,"Subcellular protein localization (plasma membrane, cytoskeleton, nucleus, Golgi)",confocal,63x,0.080 um/px,Fixed / Static,4-Color Confocal: DAPI / Target Antibody / anti-Tubulin / anti-Calreticulin,Standard validated immunofluorescence assay,True,True,False,False,False
BL-IMG-HPA-Atlas-v23-004,HPA-Atlas-v23,Human Protein Atlas (Cell Atlas),"Thul PJ, Åkesson L, Wiking M, et al. A subcellular map of the human proteome. Science. 2017;356(6340):eaal3321.",10.1126/science.aal3321,28495876,CC-BY-SA 4.0 International,Permitted,Permitted with Attribution,U-2 OS / A-431 / MCF-7,Homo sapiens,Multi-organ oncology panel,Various human solid carcinomas,"Subcellular protein localization (plasma membrane, cytoskeleton, nucleus, Golgi)",confocal,63x,0.080 um/px,Fixed / Static,4-Color Confocal: DAPI / Target Antibody / anti-Tubulin / anti-Calreticulin,Standard validated immunofluorescence assay,True,True,False,False,False
BL-IMG-HPA-Atlas-v23-005,HPA-Atlas-v23,Human Protein Atlas (Cell Atlas),"Thul PJ, Åkesson L, Wiking M, et al. A subcellular map of the human proteome. Science. 2017;356(6340):eaal3321.",10.1126/science.aal3321,28495876,CC-BY-SA 4.0 International,Permitted,Permitted with Attribution,U-2 OS / A-431 / MCF-7,Homo sapiens,Multi-organ oncology panel,Various human solid carcinomas,"Subcellular protein localization (plasma membrane, cytoskeleton, nucleus, Golgi)",confocal,63x,0.080 um/px,Fixed / Static,4-Color Confocal: DAPI / Target Antibody / anti-Tubulin / anti-Calreticulin,Standard validated immunofluorescence assay,True,True,False,False,False
BL-IMG-HPA-Atlas-v23-006,HPA-Atlas-v23,Human Protein Atlas (Cell Atlas),"Thul PJ, Åkesson L, Wiking M, et al. A subcellular map of the human proteome. Science. 2017;356(6340):eaal3321.",10.1126/science.aal3321,28495876,CC-BY-SA 4.0 International,Permitted,Permitted with Attribution,U-2 OS / A-431 / MCF-7,Homo sapiens,Multi-organ oncology panel,Various human solid carcinomas,"Subcellular protein localization (plasma membrane, cytoskeleton, nucleus, Golgi)",confocal,63x,0.080 um/px,Fixed / Static,4-Color Confocal: DAPI / Target Antibody / anti-Tubulin / anti-Calreticulin,Standard validated immunofluorescence assay,True,True,False,False,False
BL-IMG-HPA-Atlas-v23-007,HPA-Atlas-v23,Human Protein Atlas (Cell Atlas),"Thul PJ, Åkesson L, Wiking M, et al. A subcellular map of the human proteome. Science. 2017;356(6340):eaal3321.",10.1126/science.aal3321,28495876,CC-BY-SA 4.0 International,Permitted,Permitted with Attribution,U-2 OS / A-431 / MCF-7,Homo sapiens,Multi-organ oncology panel,Various human solid carcinomas,"Subcellular protein localization (plasma membrane, cytoskeleton, nucleus, Golgi)",confocal,63x,0.080 um/px,Fixed / Static,4-Color Confocal: DAPI / Target Antibody / anti-Tubulin / anti-Calreticulin,Standard validated immunofluorescence assay,True,True,False,False,False
BL-IMG-HPA-Atlas-v23-008,HPA-Atlas-v23,Human Protein Atlas (Cell Atlas),"Thul PJ, Åkesson L, Wiking M, et al. A subcellular map of the human proteome. Science. 2017;356(6340):eaal3321.",10.1126/science.aal3321,28495876,CC-BY-SA 4.0 International,Permitted,Permitted with Attribution,U-2 OS / A-431 / MCF-7,Homo sapiens,Multi-organ oncology panel,Various human solid carcinomas,"Subcellular protein localization (plasma membrane, cytoskeleton, nucleus, Golgi)",confocal,63x,0.080 um/px,Fixed / Static,4-Color Confocal: DAPI / Target Antibody / anti-Tubulin / anti-Calreticulin,Standard validated immunofluorescence assay,True,True,False,False,False
BL-IMG-HPA-Atlas-v23-009,HPA-Atlas-v23,Human Protein Atlas (Cell Atlas),"Thul PJ, Åkesson L, Wiking M, et al. A subcellular map of the human proteome. Science. 2017;356(6340):eaal3321.",10.1126/science.aal3321,28495876,CC-BY-SA 4.0 International,Permitted,Permitted with Attribution,U-2 OS / A-431 / MCF-7,Homo sapiens,Multi-organ oncology panel,Various human solid carcinomas,"Subcellular protein localization (plasma membrane, cytoskeleton, nucleus, Golgi)",confocal,63x,0.080 um/px,Fixed / Static,4-Color Confocal: DAPI / Target Antibody / anti-Tubulin / anti-Calreticulin,Standard validated immunofluorescence assay,True,True,False,False,False
BL-IMG-HPA-Atlas-v23-010,HPA-Atlas-v23,Human Protein Atlas (Cell Atlas),"Thul PJ, Åkesson L, Wiking M, et al. A subcellular map of the human proteome. Science. 2017;356(6340):eaal3321.",10.1126/science.aal3321,28495876,CC-BY-SA 4.0 International,Permitted,Permitted with Attribution,U-2 OS / A-431 / MCF-7,Homo sapiens,Multi-organ oncology panel,Various human solid carcinomas,"Subcellular protein localization (plasma membrane, cytoskeleton, nucleus, Golgi)",confocal,63x,0.080 um/px,Fixed / Static,4-Color Confocal: DAPI / Target Antibody / anti-Tubulin / anti-Calreticulin,Standard validated immunofluorescence assay,True,True,False,False,False
BL-IMG-HPA-Atlas-v23-011,HPA-Atlas-v23,Human Protein Atlas (Cell Atlas),"Thul PJ, Åkesson L, Wiking M, et al. A subcellular map of the human proteome. Science. 2017;356(6340):eaal3321.",10.1126/science.aal3321,28495876,CC-BY-SA 4.0 International,Permitted,Permitted with Attribution,U-2 OS / A-431 / MCF-7,Homo sapiens,Multi-organ oncology panel,Various human solid carcinomas,"Subcellular protein localization (plasma membrane, cytoskeleton, nucleus, Golgi)",confocal,63x,0.080 um/px,Fixed / Static,4-Color Confocal: DAPI / Target Antibody / anti-Tubulin / anti-Calreticulin,Standard validated immunofluorescence assay,True,True,False,False,False
BL-IMG-HPA-Atlas-v23-012,HPA-Atlas-v23,Human Protein Atlas (Cell Atlas),"Thul PJ, Åkesson L, Wiking M, et al. A subcellular map of the human proteome. Science. 2017;356(6340):eaal3321.",10.1126/science.aal3321,28495876,CC-BY-SA 4.0 International,Permitted,Permitted with Attribution,U-2 OS / A-431 / MCF-7,Homo sapiens,Multi-organ oncology panel,Various human solid carcinomas,"Subcellular protein localization (plasma membrane, cytoskeleton, nucleus, Golgi)",confocal,63x,0.080 um/px,Fixed / Static,4-Color Confocal: DAPI / Target Antibody / anti-Tubulin / anti-Calreticulin,Standard validated immunofluorescence assay,True,True,False,False,False
BL-IMG-HPA-Atlas-v23-013,HPA-Atlas-v23,Human Protein Atlas (Cell Atlas),"Thul PJ, Åkesson L, Wiking M, et al. A subcellular map of the human proteome. Science. 2017;356(6340):eaal3321.",10.1126/science.aal3321,28495876,CC-BY-SA 4.0 International,Permitted,Permitted with Attribution,U-2 OS / A-431 / MCF-7,Homo sapiens,Multi-organ oncology panel,Various human solid carcinomas,"Subcellular protein localization (plasma membrane, cytoskeleton, nucleus, Golgi)",confocal,63x,0.080 um/px,Fixed / Static,4-Color Confocal: DAPI / Target Antibody / anti-Tubulin / anti-Calreticulin,Standard validated immunofluorescence assay,True,True,False,False,False
BL-IMG-HPA-Atlas-v23-014,HPA-Atlas-v23,Human Protein Atlas (Cell Atlas),"Thul PJ, Åkesson L, Wiking M, et al. A subcellular map of the human proteome. Science. 2017;356(6340):eaal3321.",10.1126/science.aal3321,28495876,CC-BY-SA 4.0 International,Permitted,Permitted with Attribution,U-2 OS / A-431 / MCF-7,Homo sapiens,Multi-organ oncology panel,Various human solid carcinomas,"Subcellular protein localization (plasma membrane, cytoskeleton, nucleus, Golgi)",confocal,63x,0.080 um/px,Fixed / Static,4-Color Confocal: DAPI / Target Antibody / anti-Tubulin / anti-Calreticulin,Standard validated immunofluorescence assay,True,True,False,False,False
BL-IMG-HPA-Atlas-v23-015,HPA-Atlas-v23,Human Protein Atlas (Cell Atlas),"Thul PJ, Åkesson L, Wiking M, et al. A subcellular map of the human proteome. Science. 2017;356(6340):eaal3321.",10.1126/science.aal3321,28495876,CC-BY-SA 4.0 International,Permitted,Permitted with Attribution,U-2 OS / A-431 / MCF-7,Homo sapiens,Multi-organ oncology panel,Various human solid carcinomas,"Subcellular protein localization (plasma membrane, cytoskeleton, nucleus, Golgi)",confocal,63x,0.080 um/px,Fixed / Static,4-Color Confocal: DAPI / Target Antibody / anti-Tubulin / anti-Calreticulin,Standard validated immunofluorescence assay,True,True,False,False,False
BL-IMG-HPA-Atlas-v23-016,HPA-Atlas-v23,Human Protein Atlas (Cell Atlas),"Thul PJ, Åkesson L, Wiking M, et al. A subcellular map of the human proteome. Science. 2017;356(6340):eaal3321.",10.1126/science.aal3321,28495876,CC-BY-SA 4.0 International,Permitted,Permitted with Attribution,U-2 OS / A-431 / MCF-7,Homo sapiens,Multi-organ oncology panel,Various human solid carcinomas,"Subcellular protein localization (plasma membrane, cytoskeleton, nucleus, Golgi)",confocal,63x,0.080 um/px,Fixed / Static,4-Color Confocal: DAPI / Target Antibody / anti-Tubulin / anti-Calreticulin,Standard validated immunofluorescence assay,True,True,False,False,False
BL-IMG-HPA-Atlas-v23-017,HPA-Atlas-v23,Human Protein Atlas (Cell Atlas),"Thul PJ, Åkesson L, Wiking M, et al. A subcellular map of the human proteome. Science. 2017;356(6340):eaal3321.",10.1126/science.aal3321,28495876,CC-BY-SA 4.0 International,Permitted,Permitted with Attribution,U-2 OS / A-431 / MCF-7,Homo sapiens,Multi-organ oncology panel,Various human solid carcinomas,"Subcellular protein localization (plasma membrane, cytoskeleton, nucleus, Golgi)",confocal,63x,0.080 um/px,Fixed / Static,4-Color Confocal: DAPI / Target Antibody / anti-Tubulin / anti-Calreticulin,Standard validated immunofluorescence assay,True,True,False,False,False
BL-IMG-HPA-Atlas-v23-018,HPA-Atlas-v23,Human Protein Atlas (Cell Atlas),"Thul PJ, Åkesson L, Wiking M, et al. A subcellular map of the human proteome. Science. 2017;356(6340):eaal3321.",10.1126/science.aal3321,28495876,CC-BY-SA 4.0 International,Permitted,Permitted with Attribution,U-2 OS / A-431 / MCF-7,Homo sapiens,Multi-organ oncology panel,Various human solid carcinomas,"Subcellular protein localization (plasma membrane, cytoskeleton, nucleus, Golgi)",confocal,63x,0.080 um/px,Fixed / Static,4-Color Confocal: DAPI / Target Antibody / anti-Tubulin / anti-Calreticulin,Standard validated immunofluorescence assay,True,True,False,False,False
BL-IMG-HPA-Atlas-v23-019,HPA-Atlas-v23,Human Protein Atlas (Cell Atlas),"Thul PJ, Åkesson L, Wiking M, et al. A subcellular map of the human proteome. Science. 2017;356(6340):eaal3321.",10.1126/science.aal3321,28495876,CC-BY-SA 4.0 International,Permitted,Permitted with Attribution,U-2 OS / A-431 / MCF-7,Homo sapiens,Multi-organ oncology panel,Various human solid carcinomas,"Subcellular protein localization (plasma membrane, cytoskeleton, nucleus, Golgi)",confocal,63x,0.080 um/px,Fixed / Static,4-Color Confocal: DAPI / Target Antibody / anti-Tubulin / anti-Calreticulin,Standard validated immunofluorescence assay,True,True,False,False,False
BL-IMG-HPA-Atlas-v23-020,HPA-Atlas-v23,Human Protein Atlas (Cell Atlas),"Thul PJ, Åkesson L, Wiking M, et al. A subcellular map of the human proteome. Science. 2017;356(6340):eaal3321.",10.1126/science.aal3321,28495876,CC-BY-SA 4.0 International,Permitted,Permitted with Attribution,U-2 OS / A-431 / MCF-7,Homo sapiens,Multi-organ oncology panel,Various human solid carcinomas,"Subcellular protein localization (plasma membrane, cytoskeleton, nucleus, Golgi)",confocal,63x,0.080 um/px,Fixed / Static,4-Color Confocal: DAPI / Target Antibody / anti-Tubulin / anti-Calreticulin,Standard validated immunofluorescence assay,True,True,False,False,False
BL-IMG-CAF-CXCL12-001,BL-CASE-CAF-CXCL12,BioLayers Benchmark / BioImage Archive S-BIAD823,"Orimo A, Gupta PB, Sgroi DC, et al. Cell. 2005;121(3):335-348; Feig C et al. PNAS. 2013;110(50):20212-20217.",10.1016/j.cell.2005.02.034,15882617,CC-BY 4.0 International,Permitted,Permitted with Attribution,Primary Pancreatic CAF / MDA-MB-231 Co-culture,Homo sapiens,Pancreas / Mammary Stroma,Pancreatic Ductal Adenocarcinoma / TNBC,CAF alpha-SMA stress fiber activation & CXCR4-directed cancer cell migration,confocal,63x (Confocal) / 20x (Time-Lapse),0.1084 um/px (Confocal) / 0.645 um/px (Time-Lapse),10 min/frame (48 consecutive frames = 8.0 hours),DAPI / Alexa 488 (alpha-SMA) / Cy5 (CXCL12) & Live Phase Contrast,+10 ng/mL TGF-beta1 (48h CAF induction) / 100 ng/mL CXCL12 Chemotactic Gradient,True,True,True,True,False
BL-IMG-CAF-CXCL12-002,BL-CASE-CAF-CXCL12,BioLayers Benchmark / BioImage Archive S-BIAD823,"Orimo A, Gupta PB, Sgroi DC, et al. Cell. 2005;121(3):335-348; Feig C et al. PNAS. 2013;110(50):20212-20217.",10.1016/j.cell.2005.02.034,15882617,CC-BY 4.0 International,Permitted,Permitted with Attribution,Primary Pancreatic CAF / MDA-MB-231 Co-culture,Homo sapiens,Pancreas / Mammary Stroma,Pancreatic Ductal Adenocarcinoma / TNBC,CAF alpha-SMA stress fiber activation & CXCR4-directed cancer cell migration,confocal,63x (Confocal) / 20x (Time-Lapse),0.1084 um/px (Confocal) / 0.645 um/px (Time-Lapse),10 min/frame (48 consecutive frames = 8.0 hours),DAPI / Alexa 488 (alpha-SMA) / Cy5 (CXCL12) & Live Phase Contrast,+10 ng/mL TGF-beta1 (48h CAF induction) / 100 ng/mL CXCL12 Chemotactic Gradient,True,True,True,True,False
BL-IMG-CAF-CXCL12-003,BL-CASE-CAF-CXCL12,BioLayers Benchmark / BioImage Archive S-BIAD823,"Orimo A, Gupta PB, Sgroi DC, et al. Cell. 2005;121(3):335-348; Feig C et al. PNAS. 2013;110(50):20212-20217.",10.1016/j.cell.2005.02.034,15882617,CC-BY 4.0 International,Permitted,Permitted with Attribution,Primary Pancreatic CAF / MDA-MB-231 Co-culture,Homo sapiens,Pancreas / Mammary Stroma,Pancreatic Ductal Adenocarcinoma / TNBC,CAF alpha-SMA stress fiber activation & CXCR4-directed cancer cell migration,confocal,63x (Confocal) / 20x (Time-Lapse),0.1084 um/px (Confocal) / 0.645 um/px (Time-Lapse),10 min/frame (48 consecutive frames = 8.0 hours),DAPI / Alexa 488 (alpha-SMA) / Cy5 (CXCL12) & Live Phase Contrast,+10 ng/mL TGF-beta1 (48h CAF induction) / 100 ng/mL CXCL12 Chemotactic Gradient,True,True,True,True,False
BL-IMG-CAF-CXCL12-004,BL-CASE-CAF-CXCL12,BioLayers Benchmark / BioImage Archive S-BIAD823,"Orimo A, Gupta PB, Sgroi DC, et al. Cell. 2005;121(3):335-348; Feig C et al. PNAS. 2013;110(50):20212-20217.",10.1016/j.cell.2005.02.034,15882617,CC-BY 4.0 International,Permitted,Permitted with Attribution,Primary Pancreatic CAF / MDA-MB-231 Co-culture,Homo sapiens,Pancreas / Mammary Stroma,Pancreatic Ductal Adenocarcinoma / TNBC,CAF alpha-SMA stress fiber activation & CXCR4-directed cancer cell migration,confocal,63x (Confocal) / 20x (Time-Lapse),0.1084 um/px (Confocal) / 0.645 um/px (Time-Lapse),10 min/frame (48 consecutive frames = 8.0 hours),DAPI / Alexa 488 (alpha-SMA) / Cy5 (CXCL12) & Live Phase Contrast,+10 ng/mL TGF-beta1 (48h CAF induction) / 100 ng/mL CXCL12 Chemotactic Gradient,True,True,True,True,False
BL-IMG-CAF-CXCL12-005,BL-CASE-CAF-CXCL12,BioLayers Benchmark / BioImage Archive S-BIAD823,"Orimo A, Gupta PB, Sgroi DC, et al. Cell. 2005;121(3):335-348; Feig C et al. PNAS. 2013;110(50):20212-20217.",10.1016/j.cell.2005.02.034,15882617,CC-BY 4.0 International,Permitted,Permitted with Attribution,Primary Pancreatic CAF / MDA-MB-231 Co-culture,Homo sapiens,Pancreas / Mammary Stroma,Pancreatic Ductal Adenocarcinoma / TNBC,CAF alpha-SMA stress fiber activation & CXCR4-directed cancer cell migration,confocal,63x (Confocal) / 20x (Time-Lapse),0.1084 um/px (Confocal) / 0.645 um/px (Time-Lapse),10 min/frame (48 consecutive frames = 8.0 hours),DAPI / Alexa 488 (alpha-SMA) / Cy5 (CXCL12) & Live Phase Contrast,+10 ng/mL TGF-beta1 (48h CAF induction) / 100 ng/mL CXCL12 Chemotactic Gradient,True,True,True,True,False
BL-IMG-CAF-CXCL12-006,BL-CASE-CAF-CXCL12,BioLayers Benchmark / BioImage Archive S-BIAD823,"Orimo A, Gupta PB, Sgroi DC, et al. Cell. 2005;121(3):335-348; Feig C et al. PNAS. 2013;110(50):20212-20217.",10.1016/j.cell.2005.02.034,15882617,CC-BY 4.0 International,Permitted,Permitted with Attribution,Primary Pancreatic CAF / MDA-MB-231 Co-culture,Homo sapiens,Pancreas / Mammary Stroma,Pancreatic Ductal Adenocarcinoma / TNBC,CAF alpha-SMA stress fiber activation & CXCR4-directed cancer cell migration,confocal,63x (Confocal) / 20x (Time-Lapse),0.1084 um/px (Confocal) / 0.645 um/px (Time-Lapse),10 min/frame (48 consecutive frames = 8.0 hours),DAPI / Alexa 488 (alpha-SMA) / Cy5 (CXCL12) & Live Phase Contrast,+10 ng/mL TGF-beta1 (48h CAF induction) / 100 ng/mL CXCL12 Chemotactic Gradient,True,True,True,True,False
BL-IMG-CAF-CXCL12-007,BL-CASE-CAF-CXCL12,BioLayers Benchmark / BioImage Archive S-BIAD823,"Orimo A, Gupta PB, Sgroi DC, et al. Cell. 2005;121(3):335-348; Feig C et al. PNAS. 2013;110(50):20212-20217.",10.1016/j.cell.2005.02.034,15882617,CC-BY 4.0 International,Permitted,Permitted with Attribution,Primary Pancreatic CAF / MDA-MB-231 Co-culture,Homo sapiens,Pancreas / Mammary Stroma,Pancreatic Ductal Adenocarcinoma / TNBC,CAF alpha-SMA stress fiber activation & CXCR4-directed cancer cell migration,confocal,63x (Confocal) / 20x (Time-Lapse),0.1084 um/px (Confocal) / 0.645 um/px (Time-Lapse),10 min/frame (48 consecutive frames = 8.0 hours),DAPI / Alexa 488 (alpha-SMA) / Cy5 (CXCL12) & Live Phase Contrast,+10 ng/mL TGF-beta1 (48h CAF induction) / 100 ng/mL CXCL12 Chemotactic Gradient,True,True,True,True,False
BL-IMG-CAF-CXCL12-008,BL-CASE-CAF-CXCL12,BioLayers Benchmark / BioImage Archive S-BIAD823,"Orimo A, Gupta PB, Sgroi DC, et al. Cell. 2005;121(3):335-348; Feig C et al. PNAS. 2013;110(50):20212-20217.",10.1016/j.cell.2005.02.034,15882617,CC-BY 4.0 International,Permitted,Permitted with Attribution,Primary Pancreatic CAF / MDA-MB-231 Co-culture,Homo sapiens,Pancreas / Mammary Stroma,Pancreatic Ductal Adenocarcinoma / TNBC,CAF alpha-SMA stress fiber activation & CXCR4-directed cancer cell migration,confocal,63x (Confocal) / 20x (Time-Lapse),0.1084 um/px (Confocal) / 0.645 um/px (Time-Lapse),10 min/frame (48 consecutive frames = 8.0 hours),DAPI / Alexa 488 (alpha-SMA) / Cy5 (CXCL12) & Live Phase Contrast,+10 ng/mL TGF-beta1 (48h CAF induction) / 100 ng/mL CXCL12 Chemotactic Gradient,True,True,True,True,False
BL-IMG-CAF-CXCL12-009,BL-CASE-CAF-CXCL12,BioLayers Benchmark / BioImage Archive S-BIAD823,"Orimo A, Gupta PB, Sgroi DC, et al. Cell. 2005;121(3):335-348; Feig C et al. PNAS. 2013;110(50):20212-20217.",10.1016/j.cell.2005.02.034,15882617,CC-BY 4.0 International,Permitted,Permitted with Attribution,Primary Pancreatic CAF / MDA-MB-231 Co-culture,Homo sapiens,Pancreas / Mammary Stroma,Pancreatic Ductal Adenocarcinoma / TNBC,CAF alpha-SMA stress fiber activation & CXCR4-directed cancer cell migration,confocal,63x (Confocal) / 20x (Time-Lapse),0.1084 um/px (Confocal) / 0.645 um/px (Time-Lapse),10 min/frame (48 consecutive frames = 8.0 hours),DAPI / Alexa 488 (alpha-SMA) / Cy5 (CXCL12) & Live Phase Contrast,+10 ng/mL TGF-beta1 (48h CAF induction) / 100 ng/mL CXCL12 Chemotactic Gradient,True,True,True,True,False
BL-IMG-CAF-CXCL12-010,BL-CASE-CAF-CXCL12,BioLayers Benchmark / BioImage Archive S-BIAD823,"Orimo A, Gupta PB, Sgroi DC, et al. Cell. 2005;121(3):335-348; Feig C et al. PNAS. 2013;110(50):20212-20217.",10.1016/j.cell.2005.02.034,15882617,CC-BY 4.0 International,Permitted,Permitted with Attribution,Primary Pancreatic CAF / MDA-MB-231 Co-culture,Homo sapiens,Pancreas / Mammary Stroma,Pancreatic Ductal Adenocarcinoma / TNBC,CAF alpha-SMA stress fiber activation & CXCR4-directed cancer cell migration,confocal,63x (Confocal) / 20x (Time-Lapse),0.1084 um/px (Confocal) / 0.645 um/px (Time-Lapse),10 min/frame (48 consecutive frames = 8.0 hours),DAPI / Alexa 488 (alpha-SMA) / Cy5 (CXCL12) & Live Phase Contrast,+10 ng/mL TGF-beta1 (48h CAF induction) / 100 ng/mL CXCL12 Chemotactic Gradient,True,True,True,True,False
BL-IMG-CAF-CXCL12-011,BL-CASE-CAF-CXCL12,BioLayers Benchmark / BioImage Archive S-BIAD823,"Orimo A, Gupta PB, Sgroi DC, et al. Cell. 2005;121(3):335-348; Feig C et al. PNAS. 2013;110(50):20212-20217.",10.1016/j.cell.2005.02.034,15882617,CC-BY 4.0 International,Permitted,Permitted with Attribution,Primary Pancreatic CAF / MDA-MB-231 Co-culture,Homo sapiens,Pancreas / Mammary Stroma,Pancreatic Ductal Adenocarcinoma / TNBC,CAF alpha-SMA stress fiber activation & CXCR4-directed cancer cell migration,confocal,63x (Confocal) / 20x (Time-Lapse),0.1084 um/px (Confocal) / 0.645 um/px (Time-Lapse),10 min/frame (48 consecutive frames = 8.0 hours),DAPI / Alexa 488 (alpha-SMA) / Cy5 (CXCL12) & Live Phase Contrast,+10 ng/mL TGF-beta1 (48h CAF induction) / 100 ng/mL CXCL12 Chemotactic Gradient,True,True,True,True,False
BL-IMG-CAF-CXCL12-012,BL-CASE-CAF-CXCL12,BioLayers Benchmark / BioImage Archive S-BIAD823,"Orimo A, Gupta PB, Sgroi DC, et al. Cell. 2005;121(3):335-348; Feig C et al. PNAS. 2013;110(50):20212-20217.",10.1016/j.cell.2005.02.034,15882617,CC-BY 4.0 International,Permitted,Permitted with Attribution,Primary Pancreatic CAF / MDA-MB-231 Co-culture,Homo sapiens,Pancreas / Mammary Stroma,Pancreatic Ductal Adenocarcinoma / TNBC,CAF alpha-SMA stress fiber activation & CXCR4-directed cancer cell migration,confocal,63x (Confocal) / 20x (Time-Lapse),0.1084 um/px (Confocal) / 0.645 um/px (Time-Lapse),10 min/frame (48 consecutive frames = 8.0 hours),DAPI / Alexa 488 (alpha-SMA) / Cy5 (CXCL12) & Live Phase Contrast,+10 ng/mL TGF-beta1 (48h CAF induction) / 100 ng/mL CXCL12 Chemotactic Gradient,True,True,True,True,False
BL-IMG-CAF-CXCL12-013,BL-CASE-CAF-CXCL12,BioLayers Benchmark / BioImage Archive S-BIAD823,"Orimo A, Gupta PB, Sgroi DC, et al. Cell. 2005;121(3):335-348; Feig C et al. PNAS. 2013;110(50):20212-20217.",10.1016/j.cell.2005.02.034,15882617,CC-BY 4.0 International,Permitted,Permitted with Attribution,Primary Pancreatic CAF / MDA-MB-231 Co-culture,Homo sapiens,Pancreas / Mammary Stroma,Pancreatic Ductal Adenocarcinoma / TNBC,CAF alpha-SMA stress fiber activation & CXCR4-directed cancer cell migration,confocal,63x (Confocal) / 20x (Time-Lapse),0.1084 um/px (Confocal) / 0.645 um/px (Time-Lapse),10 min/frame (48 consecutive frames = 8.0 hours),DAPI / Alexa 488 (alpha-SMA) / Cy5 (CXCL12) & Live Phase Contrast,+10 ng/mL TGF-beta1 (48h CAF induction) / 100 ng/mL CXCL12 Chemotactic Gradient,True,True,True,True,False
BL-IMG-CAF-CXCL12-014,BL-CASE-CAF-CXCL12,BioLayers Benchmark / BioImage Archive S-BIAD823,"Orimo A, Gupta PB, Sgroi DC, et al. Cell. 2005;121(3):335-348; Feig C et al. PNAS. 2013;110(50):20212-20217.",10.1016/j.cell.2005.02.034,15882617,CC-BY 4.0 International,Permitted,Permitted with Attribution,Primary Pancreatic CAF / MDA-MB-231 Co-culture,Homo sapiens,Pancreas / Mammary Stroma,Pancreatic Ductal Adenocarcinoma / TNBC,CAF alpha-SMA stress fiber activation & CXCR4-directed cancer cell migration,confocal,63x (Confocal) / 20x (Time-Lapse),0.1084 um/px (Confocal) / 0.645 um/px (Time-Lapse),10 min/frame (48 consecutive frames = 8.0 hours),DAPI / Alexa 488 (alpha-SMA) / Cy5 (CXCL12) & Live Phase Contrast,+10 ng/mL TGF-beta1 (48h CAF induction) / 100 ng/mL CXCL12 Chemotactic Gradient,True,True,True,True,False
BL-IMG-CAF-CXCL12-015,BL-CASE-CAF-CXCL12,BioLayers Benchmark / BioImage Archive S-BIAD823,"Orimo A, Gupta PB, Sgroi DC, et al. Cell. 2005;121(3):335-348; Feig C et al. PNAS. 2013;110(50):20212-20217.",10.1016/j.cell.2005.02.034,15882617,CC-BY 4.0 International,Permitted,Permitted with Attribution,Primary Pancreatic CAF / MDA-MB-231 Co-culture,Homo sapiens,Pancreas / Mammary Stroma,Pancreatic Ductal Adenocarcinoma / TNBC,CAF alpha-SMA stress fiber activation & CXCR4-directed cancer cell migration,confocal,63x (Confocal) / 20x (Time-Lapse),0.1084 um/px (Confocal) / 0.645 um/px (Time-Lapse),10 min/frame (48 consecutive frames = 8.0 hours),DAPI / Alexa 488 (alpha-SMA) / Cy5 (CXCL12) & Live Phase Contrast,+10 ng/mL TGF-beta1 (48h CAF induction) / 100 ng/mL CXCL12 Chemotactic Gradient,True,True,True,True,False
BL-IMG-CAF-CXCL12-016,BL-CASE-CAF-CXCL12,BioLayers Benchmark / BioImage Archive S-BIAD823,"Orimo A, Gupta PB, Sgroi DC, et al. Cell. 2005;121(3):335-348; Feig C et al. PNAS. 2013;110(50):20212-20217.",10.1016/j.cell.2005.02.034,15882617,CC-BY 4.0 International,Permitted,Permitted with Attribution,Primary Pancreatic CAF / MDA-MB-231 Co-culture,Homo sapiens,Pancreas / Mammary Stroma,Pancreatic Ductal Adenocarcinoma / TNBC,CAF alpha-SMA stress fiber activation & CXCR4-directed cancer cell migration,confocal,63x (Confocal) / 20x (Time-Lapse),0.1084 um/px (Confocal) / 0.645 um/px (Time-Lapse),10 min/frame (48 consecutive frames = 8.0 hours),DAPI / Alexa 488 (alpha-SMA) / Cy5 (CXCL12) & Live Phase Contrast,+10 ng/mL TGF-beta1 (48h CAF induction) / 100 ng/mL CXCL12 Chemotactic Gradient,True,True,True,True,False
BL-IMG-CAF-CXCL12-017,BL-CASE-CAF-CXCL12,BioLayers Benchmark / BioImage Archive S-BIAD823,"Orimo A, Gupta PB, Sgroi DC, et al. Cell. 2005;121(3):335-348; Feig C et al. PNAS. 2013;110(50):20212-20217.",10.1016/j.cell.2005.02.034,15882617,CC-BY 4.0 International,Permitted,Permitted with Attribution,Primary Pancreatic CAF / MDA-MB-231 Co-culture,Homo sapiens,Pancreas / Mammary Stroma,Pancreatic Ductal Adenocarcinoma / TNBC,CAF alpha-SMA stress fiber activation & CXCR4-directed cancer cell migration,confocal,63x (Confocal) / 20x (Time-Lapse),0.1084 um/px (Confocal) / 0.645 um/px (Time-Lapse),10 min/frame (48 consecutive frames = 8.0 hours),DAPI / Alexa 488 (alpha-SMA) / Cy5 (CXCL12) & Live Phase Contrast,+10 ng/mL TGF-beta1 (48h CAF induction) / 100 ng/mL CXCL12 Chemotactic Gradient,True,True,True,True,False
BL-IMG-CAF-CXCL12-018,BL-CASE-CAF-CXCL12,BioLayers Benchmark / BioImage Archive S-BIAD823,"Orimo A, Gupta PB, Sgroi DC, et al. Cell. 2005;121(3):335-348; Feig C et al. PNAS. 2013;110(50):20212-20217.",10.1016/j.cell.2005.02.034,15882617,CC-BY 4.0 International,Permitted,Permitted with Attribution,Primary Pancreatic CAF / MDA-MB-231 Co-culture,Homo sapiens,Pancreas / Mammary Stroma,Pancreatic Ductal Adenocarcinoma / TNBC,CAF alpha-SMA stress fiber activation & CXCR4-directed cancer cell migration,confocal,63x (Confocal) / 20x (Time-Lapse),0.1084 um/px (Confocal) / 0.645 um/px (Time-Lapse),10 min/frame (48 consecutive frames = 8.0 hours),DAPI / Alexa 488 (alpha-SMA) / Cy5 (CXCL12) & Live Phase Contrast,+10 ng/mL TGF-beta1 (48h CAF induction) / 100 ng/mL CXCL12 Chemotactic Gradient,True,True,True,True,False
BL-IMG-CAF-CXCL12-019,BL-CASE-CAF-CXCL12,BioLayers Benchmark / BioImage Archive S-BIAD823,"Orimo A, Gupta PB, Sgroi DC, et al. Cell. 2005;121(3):335-348; Feig C et al. PNAS. 2013;110(50):20212-20217.",10.1016/j.cell.2005.02.034,15882617,CC-BY 4.0 International,Permitted,Permitted with Attribution,Primary Pancreatic CAF / MDA-MB-231 Co-culture,Homo sapiens,Pancreas / Mammary Stroma,Pancreatic Ductal Adenocarcinoma / TNBC,CAF alpha-SMA stress fiber activation & CXCR4-directed cancer cell migration,confocal,63x (Confocal) / 20x (Time-Lapse),0.1084 um/px (Confocal) / 0.645 um/px (Time-Lapse),10 min/frame (48 consecutive frames = 8.0 hours),DAPI / Alexa 488 (alpha-SMA) / Cy5 (CXCL12) & Live Phase Contrast,+10 ng/mL TGF-beta1 (48h CAF induction) / 100 ng/mL CXCL12 Chemotactic Gradient,True,True,True,True,False
BL-IMG-CAF-CXCL12-020,BL-CASE-CAF-CXCL12,BioLayers Benchmark / BioImage Archive S-BIAD823,"Orimo A, Gupta PB, Sgroi DC, et al. Cell. 2005;121(3):335-348; Feig C et al. PNAS. 2013;110(50):20212-20217.",10.1016/j.cell.2005.02.034,15882617,CC-BY 4.0 International,Permitted,Permitted with Attribution,Primary Pancreatic CAF / MDA-MB-231 Co-culture,Homo sapiens,Pancreas / Mammary Stroma,Pancreatic Ductal Adenocarcinoma / TNBC,CAF alpha-SMA stress fiber activation & CXCR4-directed cancer cell migration,confocal,63x (Confocal) / 20x (Time-Lapse),0.1084 um/px (Confocal) / 0.645 um/px (Time-Lapse),10 min/frame (48 consecutive frames = 8.0 hours),DAPI / Alexa 488 (alpha-SMA) / Cy5 (CXCL12) & Live Phase Contrast,+10 ng/mL TGF-beta1 (48h CAF induction) / 100 ng/mL CXCL12 Chemotactic Gradient,True,True,True,True,False
BL-IMG-CAF-CXCL12-021,BL-CASE-CAF-CXCL12,BioLayers Benchmark / BioImage Archive S-BIAD823,"Orimo A, Gupta PB, Sgroi DC, et al. Cell. 2005;121(3):335-348; Feig C et al. PNAS. 2013;110(50):20212-20217.",10.1016/j.cell.2005.02.034,15882617,CC-BY 4.0 International,Permitted,Permitted with Attribution,Primary Pancreatic CAF / MDA-MB-231 Co-culture,Homo sapiens,Pancreas / Mammary Stroma,Pancreatic Ductal Adenocarcinoma / TNBC,CAF alpha-SMA stress fiber activation & CXCR4-directed cancer cell migration,confocal,63x (Confocal) / 20x (Time-Lapse),0.1084 um/px (Confocal) / 0.645 um/px (Time-Lapse),10 min/frame (48 consecutive frames = 8.0 hours),DAPI / Alexa 488 (alpha-SMA) / Cy5 (CXCL12) & Live Phase Contrast,+10 ng/mL TGF-beta1 (48h CAF induction) / 100 ng/mL CXCL12 Chemotactic Gradient,True,True,True,True,False
BL-IMG-CAF-CXCL12-022,BL-CASE-CAF-CXCL12,BioLayers Benchmark / BioImage Archive S-BIAD823,"Orimo A, Gupta PB, Sgroi DC, et al. Cell. 2005;121(3):335-348; Feig C et al. PNAS. 2013;110(50):20212-20217.",10.1016/j.cell.2005.02.034,15882617,CC-BY 4.0 International,Permitted,Permitted with Attribution,Primary Pancreatic CAF / MDA-MB-231 Co-culture,Homo sapiens,Pancreas / Mammary Stroma,Pancreatic Ductal Adenocarcinoma / TNBC,CAF alpha-SMA stress fiber activation & CXCR4-directed cancer cell migration,confocal,63x (Confocal) / 20x (Time-Lapse),0.1084 um/px (Confocal) / 0.645 um/px (Time-Lapse),10 min/frame (48 consecutive frames = 8.0 hours),DAPI / Alexa 488 (alpha-SMA) / Cy5 (CXCL12) & Live Phase Contrast,+10 ng/mL TGF-beta1 (48h CAF induction) / 100 ng/mL CXCL12 Chemotactic Gradient,True,True,True,True,False
BL-IMG-CAF-CXCL12-023,BL-CASE-CAF-CXCL12,BioLayers Benchmark / BioImage Archive S-BIAD823,"Orimo A, Gupta PB, Sgroi DC, et al. Cell. 2005;121(3):335-348; Feig C et al. PNAS. 2013;110(50):20212-20217.",10.1016/j.cell.2005.02.034,15882617,CC-BY 4.0 International,Permitted,Permitted with Attribution,Primary Pancreatic CAF / MDA-MB-231 Co-culture,Homo sapiens,Pancreas / Mammary Stroma,Pancreatic Ductal Adenocarcinoma / TNBC,CAF alpha-SMA stress fiber activation & CXCR4-directed cancer cell migration,confocal,63x (Confocal) / 20x (Time-Lapse),0.1084 um/px (Confocal) / 0.645 um/px (Time-Lapse),10 min/frame (48 consecutive frames = 8.0 hours),DAPI / Alexa 488 (alpha-SMA) / Cy5 (CXCL12) & Live Phase Contrast,+10 ng/mL TGF-beta1 (48h CAF induction) / 100 ng/mL CXCL12 Chemotactic Gradient,True,True,True,True,False
BL-IMG-CAF-CXCL12-024,BL-CASE-CAF-CXCL12,BioLayers Benchmark / BioImage Archive S-BIAD823,"Orimo A, Gupta PB, Sgroi DC, et al. Cell. 2005;121(3):335-348; Feig C et al. PNAS. 2013;110(50):20212-20217.",10.1016/j.cell.2005.02.034,15882617,CC-BY 4.0 International,Permitted,Permitted with Attribution,Primary Pancreatic CAF / MDA-MB-231 Co-culture,Homo sapiens,Pancreas / Mammary Stroma,Pancreatic Ductal Adenocarcinoma / TNBC,CAF alpha-SMA stress fiber activation & CXCR4-directed cancer cell migration,confocal,63x (Confocal) / 20x (Time-Lapse),0.1084 um/px (Confocal) / 0.645 um/px (Time-Lapse),10 min/frame (48 consecutive frames = 8.0 hours),DAPI / Alexa 488 (alpha-SMA) / Cy5 (CXCL12) & Live Phase Contrast,+10 ng/mL TGF-beta1 (48h CAF induction) / 100 ng/mL CXCL12 Chemotactic Gradient,True,True,True,True,False
BL-IMG-CAF-CXCL12-025,BL-CASE-CAF-CXCL12,BioLayers Benchmark / BioImage Archive S-BIAD823,"Orimo A, Gupta PB, Sgroi DC, et al. Cell. 2005;121(3):335-348; Feig C et al. PNAS. 2013;110(50):20212-20217.",10.1016/j.cell.2005.02.034,15882617,CC-BY 4.0 International,Permitted,Permitted with Attribution,Primary Pancreatic CAF / MDA-MB-231 Co-culture,Homo sapiens,Pancreas / Mammary Stroma,Pancreatic Ductal Adenocarcinoma / TNBC,CAF alpha-SMA stress fiber activation & CXCR4-directed cancer cell migration,confocal,63x (Confocal) / 20x (Time-Lapse),0.1084 um/px (Confocal) / 0.645 um/px (Time-Lapse),10 min/frame (48 consecutive frames = 8.0 hours),DAPI / Alexa 488 (alpha-SMA) / Cy5 (CXCL12) & Live Phase Contrast,+10 ng/mL TGF-beta1 (48h CAF induction) / 100 ng/mL CXCL12 Chemotactic Gradient,True,True,True,True,False
BL-IMG-CAF-CXCL12-026,BL-CASE-CAF-CXCL12,BioLayers Benchmark / BioImage Archive S-BIAD823,"Orimo A, Gupta PB, Sgroi DC, et al. Cell. 2005;121(3):335-348; Feig C et al. PNAS. 2013;110(50):20212-20217.",10.1016/j.cell.2005.02.034,15882617,CC-BY 4.0 International,Permitted,Permitted with Attribution,Primary Pancreatic CAF / MDA-MB-231 Co-culture,Homo sapiens,Pancreas / Mammary Stroma,Pancreatic Ductal Adenocarcinoma / TNBC,CAF alpha-SMA stress fiber activation & CXCR4-directed cancer cell migration,confocal,63x (Confocal) / 20x (Time-Lapse),0.1084 um/px (Confocal) / 0.645 um/px (Time-Lapse),10 min/frame (48 consecutive frames = 8.0 hours),DAPI / Alexa 488 (alpha-SMA) / Cy5 (CXCL12) & Live Phase Contrast,+10 ng/mL TGF-beta1 (48h CAF induction) / 100 ng/mL CXCL12 Chemotactic Gradient,True,True,True,True,False
BL-IMG-CAF-CXCL12-027,BL-CASE-CAF-CXCL12,BioLayers Benchmark / BioImage Archive S-BIAD823,"Orimo A, Gupta PB, Sgroi DC, et al. Cell. 2005;121(3):335-348; Feig C et al. PNAS. 2013;110(50):20212-20217.",10.1016/j.cell.2005.02.034,15882617,CC-BY 4.0 International,Permitted,Permitted with Attribution,Primary Pancreatic CAF / MDA-MB-231 Co-culture,Homo sapiens,Pancreas / Mammary Stroma,Pancreatic Ductal Adenocarcinoma / TNBC,CAF alpha-SMA stress fiber activation & CXCR4-directed cancer cell migration,confocal,63x (Confocal) / 20x (Time-Lapse),0.1084 um/px (Confocal) / 0.645 um/px (Time-Lapse),10 min/frame (48 consecutive frames = 8.0 hours),DAPI / Alexa 488 (alpha-SMA) / Cy5 (CXCL12) & Live Phase Contrast,+10 ng/mL TGF-beta1 (48h CAF induction) / 100 ng/mL CXCL12 Chemotactic Gradient,True,True,True,True,False
BL-IMG-CAF-CXCL12-028,BL-CASE-CAF-CXCL12,BioLayers Benchmark / BioImage Archive S-BIAD823,"Orimo A, Gupta PB, Sgroi DC, et al. Cell. 2005;121(3):335-348; Feig C et al. PNAS. 2013;110(50):20212-20217.",10.1016/j.cell.2005.02.034,15882617,CC-BY 4.0 International,Permitted,Permitted with Attribution,Primary Pancreatic CAF / MDA-MB-231 Co-culture,Homo sapiens,Pancreas / Mammary Stroma,Pancreatic Ductal Adenocarcinoma / TNBC,CAF alpha-SMA stress fiber activation & CXCR4-directed cancer cell migration,confocal,63x (Confocal) / 20x (Time-Lapse),0.1084 um/px (Confocal) / 0.645 um/px (Time-Lapse),10 min/frame (48 consecutive frames = 8.0 hours),DAPI / Alexa 488 (alpha-SMA) / Cy5 (CXCL12) & Live Phase Contrast,+10 ng/mL TGF-beta1 (48h CAF induction) / 100 ng/mL CXCL12 Chemotactic Gradient,True,True,True,True,False
BL-IMG-CAF-CXCL12-029,BL-CASE-CAF-CXCL12,BioLayers Benchmark / BioImage Archive S-BIAD823,"Orimo A, Gupta PB, Sgroi DC, et al. Cell. 2005;121(3):335-348; Feig C et al. PNAS. 2013;110(50):20212-20217.",10.1016/j.cell.2005.02.034,15882617,CC-BY 4.0 International,Permitted,Permitted with Attribution,Primary Pancreatic CAF / MDA-MB-231 Co-culture,Homo sapiens,Pancreas / Mammary Stroma,Pancreatic Ductal Adenocarcinoma / TNBC,CAF alpha-SMA stress fiber activation & CXCR4-directed cancer cell migration,confocal,63x (Confocal) / 20x (Time-Lapse),0.1084 um/px (Confocal) / 0.645 um/px (Time-Lapse),10 min/frame (48 consecutive frames = 8.0 hours),DAPI / Alexa 488 (alpha-SMA) / Cy5 (CXCL12) & Live Phase Contrast,+10 ng/mL TGF-beta1 (48h CAF induction) / 100 ng/mL CXCL12 Chemotactic Gradient,True,True,True,True,False
BL-IMG-CAF-CXCL12-030,BL-CASE-CAF-CXCL12,BioLayers Benchmark / BioImage Archive S-BIAD823,"Orimo A, Gupta PB, Sgroi DC, et al. Cell. 2005;121(3):335-348; Feig C et al. PNAS. 2013;110(50):20212-20217.",10.1016/j.cell.2005.02.034,15882617,CC-BY 4.0 International,Permitted,Permitted with Attribution,Primary Pancreatic CAF / MDA-MB-231 Co-culture,Homo sapiens,Pancreas / Mammary Stroma,Pancreatic Ductal Adenocarcinoma / TNBC,CAF alpha-SMA stress fiber activation & CXCR4-directed cancer cell migration,confocal,63x (Confocal) / 20x (Time-Lapse),0.1084 um/px (Confocal) / 0.645 um/px (Time-Lapse),10 min/frame (48 consecutive frames = 8.0 hours),DAPI / Alexa 488 (alpha-SMA) / Cy5 (CXCL12) & Live Phase Contrast,+10 ng/mL TGF-beta1 (48h CAF induction) / 100 ng/mL CXCL12 Chemotactic Gradient,True,True,True,True,False
BL-IMG-CAF-CXCL12-031,BL-CASE-CAF-CXCL12,BioLayers Benchmark / BioImage Archive S-BIAD823,"Orimo A, Gupta PB, Sgroi DC, et al. Cell. 2005;121(3):335-348; Feig C et al. PNAS. 2013;110(50):20212-20217.",10.1016/j.cell.2005.02.034,15882617,CC-BY 4.0 International,Permitted,Permitted with Attribution,Primary Pancreatic CAF / MDA-MB-231 Co-culture,Homo sapiens,Pancreas / Mammary Stroma,Pancreatic Ductal Adenocarcinoma / TNBC,CAF alpha-SMA stress fiber activation & CXCR4-directed cancer cell migration,confocal,63x (Confocal) / 20x (Time-Lapse),0.1084 um/px (Confocal) / 0.645 um/px (Time-Lapse),10 min/frame (48 consecutive frames = 8.0 hours),DAPI / Alexa 488 (alpha-SMA) / Cy5 (CXCL12) & Live Phase Contrast,+10 ng/mL TGF-beta1 (48h CAF induction) / 100 ng/mL CXCL12 Chemotactic Gradient,True,True,True,True,False
BL-IMG-CAF-CXCL12-032,BL-CASE-CAF-CXCL12,BioLayers Benchmark / BioImage Archive S-BIAD823,"Orimo A, Gupta PB, Sgroi DC, et al. Cell. 2005;121(3):335-348; Feig C et al. PNAS. 2013;110(50):20212-20217.",10.1016/j.cell.2005.02.034,15882617,CC-BY 4.0 International,Permitted,Permitted with Attribution,Primary Pancreatic CAF / MDA-MB-231 Co-culture,Homo sapiens,Pancreas / Mammary Stroma,Pancreatic Ductal Adenocarcinoma / TNBC,CAF alpha-SMA stress fiber activation & CXCR4-directed cancer cell migration,confocal,63x (Confocal) / 20x (Time-Lapse),0.1084 um/px (Confocal) / 0.645 um/px (Time-Lapse),10 min/frame (48 consecutive frames = 8.0 hours),DAPI / Alexa 488 (alpha-SMA) / Cy5 (CXCL12) & Live Phase Contrast,+10 ng/mL TGF-beta1 (48h CAF induction) / 100 ng/mL CXCL12 Chemotactic Gradient,True,True,True,True,False
BL-IMG-CAF-CXCL12-033,BL-CASE-CAF-CXCL12,BioLayers Benchmark / BioImage Archive S-BIAD823,"Orimo A, Gupta PB, Sgroi DC, et al. Cell. 2005;121(3):335-348; Feig C et al. PNAS. 2013;110(50):20212-20217.",10.1016/j.cell.2005.02.034,15882617,CC-BY 4.0 International,Permitted,Permitted with Attribution,Primary Pancreatic CAF / MDA-MB-231 Co-culture,Homo sapiens,Pancreas / Mammary Stroma,Pancreatic Ductal Adenocarcinoma / TNBC,CAF alpha-SMA stress fiber activation & CXCR4-directed cancer cell migration,confocal,63x (Confocal) / 20x (Time-Lapse),0.1084 um/px (Confocal) / 0.645 um/px (Time-Lapse),10 min/frame (48 consecutive frames = 8.0 hours),DAPI / Alexa 488 (alpha-SMA) / Cy5 (CXCL12) & Live Phase Contrast,+10 ng/mL TGF-beta1 (48h CAF induction) / 100 ng/mL CXCL12 Chemotactic Gradient,True,True,True,True,False
BL-IMG-CAF-CXCL12-034,BL-CASE-CAF-CXCL12,BioLayers Benchmark / BioImage Archive S-BIAD823,"Orimo A, Gupta PB, Sgroi DC, et al. Cell. 2005;121(3):335-348; Feig C et al. PNAS. 2013;110(50):20212-20217.",10.1016/j.cell.2005.02.034,15882617,CC-BY 4.0 International,Permitted,Permitted with Attribution,Primary Pancreatic CAF / MDA-MB-231 Co-culture,Homo sapiens,Pancreas / Mammary Stroma,Pancreatic Ductal Adenocarcinoma / TNBC,CAF alpha-SMA stress fiber activation & CXCR4-directed cancer cell migration,confocal,63x (Confocal) / 20x (Time-Lapse),0.1084 um/px (Confocal) / 0.645 um/px (Time-Lapse),10 min/frame (48 consecutive frames = 8.0 hours),DAPI / Alexa 488 (alpha-SMA) / Cy5 (CXCL12) & Live Phase Contrast,+10 ng/mL TGF-beta1 (48h CAF induction) / 100 ng/mL CXCL12 Chemotactic Gradient,True,True,True,True,False
BL-IMG-CAF-CXCL12-035,BL-CASE-CAF-CXCL12,BioLayers Benchmark / BioImage Archive S-BIAD823,"Orimo A, Gupta PB, Sgroi DC, et al. Cell. 2005;121(3):335-348; Feig C et al. PNAS. 2013;110(50):20212-20217.",10.1016/j.cell.2005.02.034,15882617,CC-BY 4.0 International,Permitted,Permitted with Attribution,Primary Pancreatic CAF / MDA-MB-231 Co-culture,Homo sapiens,Pancreas / Mammary Stroma,Pancreatic Ductal Adenocarcinoma / TNBC,CAF alpha-SMA stress fiber activation & CXCR4-directed cancer cell migration,confocal,63x (Confocal) / 20x (Time-Lapse),0.1084 um/px (Confocal) / 0.645 um/px (Time-Lapse),10 min/frame (48 consecutive frames = 8.0 hours),DAPI / Alexa 488 (alpha-SMA) / Cy5 (CXCL12) & Live Phase Contrast,+10 ng/mL TGF-beta1 (48h CAF induction) / 100 ng/mL CXCL12 Chemotactic Gradient,True,True,True,True,False
BL-IMG-CAF-CXCL12-036,BL-CASE-CAF-CXCL12,BioLayers Benchmark / BioImage Archive S-BIAD823,"Orimo A, Gupta PB, Sgroi DC, et al. Cell. 2005;121(3):335-348; Feig C et al. PNAS. 2013;110(50):20212-20217.",10.1016/j.cell.2005.02.034,15882617,CC-BY 4.0 International,Permitted,Permitted with Attribution,Primary Pancreatic CAF / MDA-MB-231 Co-culture,Homo sapiens,Pancreas / Mammary Stroma,Pancreatic Ductal Adenocarcinoma / TNBC,CAF alpha-SMA stress fiber activation & CXCR4-directed cancer cell migration,confocal,63x (Confocal) / 20x (Time-Lapse),0.1084 um/px (Confocal) / 0.645 um/px (Time-Lapse),10 min/frame (48 consecutive frames = 8.0 hours),DAPI / Alexa 488 (alpha-SMA) / Cy5 (CXCL12) & Live Phase Contrast,+10 ng/mL TGF-beta1 (48h CAF induction) / 100 ng/mL CXCL12 Chemotactic Gradient,True,True,True,True,False
BL-IMG-CAF-CXCL12-037,BL-CASE-CAF-CXCL12,BioLayers Benchmark / BioImage Archive S-BIAD823,"Orimo A, Gupta PB, Sgroi DC, et al. Cell. 2005;121(3):335-348; Feig C et al. PNAS. 2013;110(50):20212-20217.",10.1016/j.cell.2005.02.034,15882617,CC-BY 4.0 International,Permitted,Permitted with Attribution,Primary Pancreatic CAF / MDA-MB-231 Co-culture,Homo sapiens,Pancreas / Mammary Stroma,Pancreatic Ductal Adenocarcinoma / TNBC,CAF alpha-SMA stress fiber activation & CXCR4-directed cancer cell migration,confocal,63x (Confocal) / 20x (Time-Lapse),0.1084 um/px (Confocal) / 0.645 um/px (Time-Lapse),10 min/frame (48 consecutive frames = 8.0 hours),DAPI / Alexa 488 (alpha-SMA) / Cy5 (CXCL12) & Live Phase Contrast,+10 ng/mL TGF-beta1 (48h CAF induction) / 100 ng/mL CXCL12 Chemotactic Gradient,True,True,True,True,False
BL-IMG-CAF-CXCL12-038,BL-CASE-CAF-CXCL12,BioLayers Benchmark / BioImage Archive S-BIAD823,"Orimo A, Gupta PB, Sgroi DC, et al. Cell. 2005;121(3):335-348; Feig C et al. PNAS. 2013;110(50):20212-20217.",10.1016/j.cell.2005.02.034,15882617,CC-BY 4.0 International,Permitted,Permitted with Attribution,Primary Pancreatic CAF / MDA-MB-231 Co-culture,Homo sapiens,Pancreas / Mammary Stroma,Pancreatic Ductal Adenocarcinoma / TNBC,CAF alpha-SMA stress fiber activation & CXCR4-directed cancer cell migration,confocal,63x (Confocal) / 20x (Time-Lapse),0.1084 um/px (Confocal) / 0.645 um/px (Time-Lapse),10 min/frame (48 consecutive frames = 8.0 hours),DAPI / Alexa 488 (alpha-SMA) / Cy5 (CXCL12) & Live Phase Contrast,+10 ng/mL TGF-beta1 (48h CAF induction) / 100 ng/mL CXCL12 Chemotactic Gradient,True,True,True,True,False
BL-IMG-CAF-CXCL12-039,BL-CASE-CAF-CXCL12,BioLayers Benchmark / BioImage Archive S-BIAD823,"Orimo A, Gupta PB, Sgroi DC, et al. Cell. 2005;121(3):335-348; Feig C et al. PNAS. 2013;110(50):20212-20217.",10.1016/j.cell.2005.02.034,15882617,CC-BY 4.0 International,Permitted,Permitted with Attribution,Primary Pancreatic CAF / MDA-MB-231 Co-culture,Homo sapiens,Pancreas / Mammary Stroma,Pancreatic Ductal Adenocarcinoma / TNBC,CAF alpha-SMA stress fiber activation & CXCR4-directed cancer cell migration,confocal,63x (Confocal) / 20x (Time-Lapse),0.1084 um/px (Confocal) / 0.645 um/px (Time-Lapse),10 min/frame (48 consecutive frames = 8.0 hours),DAPI / Alexa 488 (alpha-SMA) / Cy5 (CXCL12) & Live Phase Contrast,+10 ng/mL TGF-beta1 (48h CAF induction) / 100 ng/mL CXCL12 Chemotactic Gradient,True,True,True,True,False
BL-IMG-CAF-CXCL12-040,BL-CASE-CAF-CXCL12,BioLayers Benchmark / BioImage Archive S-BIAD823,"Orimo A, Gupta PB, Sgroi DC, et al. Cell. 2005;121(3):335-348; Feig C et al. PNAS. 2013;110(50):20212-20217.",10.1016/j.cell.2005.02.034,15882617,CC-BY 4.0 International,Permitted,Permitted with Attribution,Primary Pancreatic CAF / MDA-MB-231 Co-culture,Homo sapiens,Pancreas / Mammary Stroma,Pancreatic Ductal Adenocarcinoma / TNBC,CAF alpha-SMA stress fiber activation & CXCR4-directed cancer cell migration,confocal,63x (Confocal) / 20x (Time-Lapse),0.1084 um/px (Confocal) / 0.645 um/px (Time-Lapse),10 min/frame (48 consecutive frames = 8.0 hours),DAPI / Alexa 488 (alpha-SMA) / Cy5 (CXCL12) & Live Phase Contrast,+10 ng/mL TGF-beta1 (48h CAF induction) / 100 ng/mL CXCL12 Chemotactic Gradient,True,True,True,True,False
BL-IMG-CAF-CXCL12-041,BL-CASE-CAF-CXCL12,BioLayers Benchmark / BioImage Archive S-BIAD823,"Orimo A, Gupta PB, Sgroi DC, et al. Cell. 2005;121(3):335-348; Feig C et al. PNAS. 2013;110(50):20212-20217.",10.1016/j.cell.2005.02.034,15882617,CC-BY 4.0 International,Permitted,Permitted with Attribution,Primary Pancreatic CAF / MDA-MB-231 Co-culture,Homo sapiens,Pancreas / Mammary Stroma,Pancreatic Ductal Adenocarcinoma / TNBC,CAF alpha-SMA stress fiber activation & CXCR4-directed cancer cell migration,confocal,63x (Confocal) / 20x (Time-Lapse),0.1084 um/px (Confocal) / 0.645 um/px (Time-Lapse),10 min/frame (48 consecutive frames = 8.0 hours),DAPI / Alexa 488 (alpha-SMA) / Cy5 (CXCL12) & Live Phase Contrast,+10 ng/mL TGF-beta1 (48h CAF induction) / 100 ng/mL CXCL12 Chemotactic Gradient,True,True,True,True,False
BL-IMG-CAF-CXCL12-042,BL-CASE-CAF-CXCL12,BioLayers Benchmark / BioImage Archive S-BIAD823,"Orimo A, Gupta PB, Sgroi DC, et al. Cell. 2005;121(3):335-348; Feig C et al. PNAS. 2013;110(50):20212-20217.",10.1016/j.cell.2005.02.034,15882617,CC-BY 4.0 International,Permitted,Permitted with Attribution,Primary Pancreatic CAF / MDA-MB-231 Co-culture,Homo sapiens,Pancreas / Mammary Stroma,Pancreatic Ductal Adenocarcinoma / TNBC,CAF alpha-SMA stress fiber activation & CXCR4-directed cancer cell migration,confocal,63x (Confocal) / 20x (Time-Lapse),0.1084 um/px (Confocal) / 0.645 um/px (Time-Lapse),10 min/frame (48 consecutive frames = 8.0 hours),DAPI / Alexa 488 (alpha-SMA) / Cy5 (CXCL12) & Live Phase Contrast,+10 ng/mL TGF-beta1 (48h CAF induction) / 100 ng/mL CXCL12 Chemotactic Gradient,True,True,True,True,False
BL-IMG-CAF-CXCL12-043,BL-CASE-CAF-CXCL12,BioLayers Benchmark / BioImage Archive S-BIAD823,"Orimo A, Gupta PB, Sgroi DC, et al. Cell. 2005;121(3):335-348; Feig C et al. PNAS. 2013;110(50):20212-20217.",10.1016/j.cell.2005.02.034,15882617,CC-BY 4.0 International,Permitted,Permitted with Attribution,Primary Pancreatic CAF / MDA-MB-231 Co-culture,Homo sapiens,Pancreas / Mammary Stroma,Pancreatic Ductal Adenocarcinoma / TNBC,CAF alpha-SMA stress fiber activation & CXCR4-directed cancer cell migration,confocal,63x (Confocal) / 20x (Time-Lapse),0.1084 um/px (Confocal) / 0.645 um/px (Time-Lapse),10 min/frame (48 consecutive frames = 8.0 hours),DAPI / Alexa 488 (alpha-SMA) / Cy5 (CXCL12) & Live Phase Contrast,+10 ng/mL TGF-beta1 (48h CAF induction) / 100 ng/mL CXCL12 Chemotactic Gradient,True,True,True,True,False
BL-IMG-CAF-CXCL12-044,BL-CASE-CAF-CXCL12,BioLayers Benchmark / BioImage Archive S-BIAD823,"Orimo A, Gupta PB, Sgroi DC, et al. Cell. 2005;121(3):335-348; Feig C et al. PNAS. 2013;110(50):20212-20217.",10.1016/j.cell.2005.02.034,15882617,CC-BY 4.0 International,Permitted,Permitted with Attribution,Primary Pancreatic CAF / MDA-MB-231 Co-culture,Homo sapiens,Pancreas / Mammary Stroma,Pancreatic Ductal Adenocarcinoma / TNBC,CAF alpha-SMA stress fiber activation & CXCR4-directed cancer cell migration,confocal,63x (Confocal) / 20x (Time-Lapse),0.1084 um/px (Confocal) / 0.645 um/px (Time-Lapse),10 min/frame (48 consecutive frames = 8.0 hours),DAPI / Alexa 488 (alpha-SMA) / Cy5 (CXCL12) & Live Phase Contrast,+10 ng/mL TGF-beta1 (48h CAF induction) / 100 ng/mL CXCL12 Chemotactic Gradient,True,True,True,True,False
BL-IMG-CAF-CXCL12-045,BL-CASE-CAF-CXCL12,BioLayers Benchmark / BioImage Archive S-BIAD823,"Orimo A, Gupta PB, Sgroi DC, et al. Cell. 2005;121(3):335-348; Feig C et al. PNAS. 2013;110(50):20212-20217.",10.1016/j.cell.2005.02.034,15882617,CC-BY 4.0 International,Permitted,Permitted with Attribution,Primary Pancreatic CAF / MDA-MB-231 Co-culture,Homo sapiens,Pancreas / Mammary Stroma,Pancreatic Ductal Adenocarcinoma / TNBC,CAF alpha-SMA stress fiber activation & CXCR4-directed cancer cell migration,confocal,63x (Confocal) / 20x (Time-Lapse),0.1084 um/px (Confocal) / 0.645 um/px (Time-Lapse),10 min/frame (48 consecutive frames = 8.0 hours),DAPI / Alexa 488 (alpha-SMA) / Cy5 (CXCL12) & Live Phase Contrast,+10 ng/mL TGF-beta1 (48h CAF induction) / 100 ng/mL CXCL12 Chemotactic Gradient,True,True,True,True,False
BL-IMG-CAF-CXCL12-046,BL-CASE-CAF-CXCL12,BioLayers Benchmark / BioImage Archive S-BIAD823,"Orimo A, Gupta PB, Sgroi DC, et al. Cell. 2005;121(3):335-348; Feig C et al. PNAS. 2013;110(50):20212-20217.",10.1016/j.cell.2005.02.034,15882617,CC-BY 4.0 International,Permitted,Permitted with Attribution,Primary Pancreatic CAF / MDA-MB-231 Co-culture,Homo sapiens,Pancreas / Mammary Stroma,Pancreatic Ductal Adenocarcinoma / TNBC,CAF alpha-SMA stress fiber activation & CXCR4-directed cancer cell migration,confocal,63x (Confocal) / 20x (Time-Lapse),0.1084 um/px (Confocal) / 0.645 um/px (Time-Lapse),10 min/frame (48 consecutive frames = 8.0 hours),DAPI / Alexa 488 (alpha-SMA) / Cy5 (CXCL12) & Live Phase Contrast,+10 ng/mL TGF-beta1 (48h CAF induction) / 100 ng/mL CXCL12 Chemotactic Gradient,True,True,True,True,False
BL-IMG-CAF-CXCL12-047,BL-CASE-CAF-CXCL12,BioLayers Benchmark / BioImage Archive S-BIAD823,"Orimo A, Gupta PB, Sgroi DC, et al. Cell. 2005;121(3):335-348; Feig C et al. PNAS. 2013;110(50):20212-20217.",10.1016/j.cell.2005.02.034,15882617,CC-BY 4.0 International,Permitted,Permitted with Attribution,Primary Pancreatic CAF / MDA-MB-231 Co-culture,Homo sapiens,Pancreas / Mammary Stroma,Pancreatic Ductal Adenocarcinoma / TNBC,CAF alpha-SMA stress fiber activation & CXCR4-directed cancer cell migration,confocal,63x (Confocal) / 20x (Time-Lapse),0.1084 um/px (Confocal) / 0.645 um/px (Time-Lapse),10 min/frame (48 consecutive frames = 8.0 hours),DAPI / Alexa 488 (alpha-SMA) / Cy5 (CXCL12) & Live Phase Contrast,+10 ng/mL TGF-beta1 (48h CAF induction) / 100 ng/mL CXCL12 Chemotactic Gradient,True,True,True,True,False
BL-IMG-CAF-CXCL12-048,BL-CASE-CAF-CXCL12,BioLayers Benchmark / BioImage Archive S-BIAD823,"Orimo A, Gupta PB, Sgroi DC, et al. Cell. 2005;121(3):335-348; Feig C et al. PNAS. 2013;110(50):20212-20217.",10.1016/j.cell.2005.02.034,15882617,CC-BY 4.0 International,Permitted,Permitted with Attribution,Primary Pancreatic CAF / MDA-MB-231 Co-culture,Homo sapiens,Pancreas / Mammary Stroma,Pancreatic Ductal Adenocarcinoma / TNBC,CAF alpha-SMA stress fiber activation & CXCR4-directed cancer cell migration,confocal,63x (Confocal) / 20x (Time-Lapse),0.1084 um/px (Confocal) / 0.645 um/px (Time-Lapse),10 min/frame (48 consecutive frames = 8.0 hours),DAPI / Alexa 488 (alpha-SMA) / Cy5 (CXCL12) & Live Phase Contrast,+10 ng/mL TGF-beta1 (48h CAF induction) / 100 ng/mL CXCL12 Chemotactic Gradient,True,True,True,True,False
